from,to,straight_line_km,road_km_est,method
Darwin (Ludmilla),Darwin (Ludmilla),0.0,0.0,haversine x 1.35 (road) - ESTIMATE
Darwin (Ludmilla),Darwin (Nightcliff),4.0,5.4,haversine x 1.35 (road) - ESTIMATE
Darwin (Ludmilla),Darwin (Malak),6.4,8.6,haversine x 1.35 (road) - ESTIMATE
Darwin (Ludmilla),Darwin (Karama),7.1,9.6,haversine x 1.35 (road) - ESTIMATE
Darwin (Ludmilla),Palmerston,15.9,21.5,haversine x 1.35 (road) - ESTIMATE
Darwin (Ludmilla),Humpty Doo,31.8,42.9,haversine x 1.35 (road) - ESTIMATE
Darwin (Ludmilla),Batchelor,72.7,98.2,haversine x 1.35 (road) - ESTIMATE
Darwin (Ludmilla),Adelaide River,95.2,128.6,haversine x 1.35 (road) - ESTIMATE
Darwin (Ludmilla),Belyuen,23.1,31.2,haversine x 1.35 (road) - ESTIMATE
Darwin (Ludmilla),Wurrumiyanga,77.0,77.0,haversine x 1.0 (air_or_barge) - ESTIMATE
Darwin (Ludmilla),Pine Creek,188.9,255.0,haversine x 1.35 (road) - ESTIMATE
Darwin (Ludmilla),Katherine,274.1,370.0,haversine x 1.35 (road) - ESTIMATE
Darwin (Ludmilla),Peppimenarti,209.5,282.8,haversine x 1.35 (road) - ESTIMATE
Darwin (Ludmilla),Wadeye,248.6,335.6,haversine x 1.35 (road) - ESTIMATE
Darwin (Ludmilla),Gunbalanya,240.1,324.1,haversine x 1.35 (road) - ESTIMATE
Darwin (Ludmilla),Maningrida,369.2,498.5,haversine x 1.35 (road) - ESTIMATE
Darwin (Ludmilla),Galiwinku,514.5,514.5,haversine x 1.0 (air_or_barge) - ESTIMATE
Darwin (Ludmilla),Numbulwar,567.5,766.1,haversine x 1.35 (road) - ESTIMATE
Darwin (Ludmilla),Darwin (City),5.1,6.9,haversine x 1.35 (road) - ESTIMATE
Darwin (Ludmilla),Darwin (Larrakeyah),4.6,6.2,haversine x 1.35 (road) - ESTIMATE
Darwin (Ludmilla),Darwin (Stuart Park),3.3,4.4,haversine x 1.35 (road) - ESTIMATE
Darwin (Ludmilla),Darwin (The Gardens),3.8,5.1,haversine x 1.35 (road) - ESTIMATE
Darwin (Ludmilla),Darwin (Parap),1.7,2.3,haversine x 1.35 (road) - ESTIMATE
Darwin (Ludmilla),Darwin (Fannie Bay),1.8,2.5,haversine x 1.35 (road) - ESTIMATE
Darwin (Ludmilla),Darwin (Bayview),2.6,3.5,haversine x 1.35 (road) - ESTIMATE
Darwin (Ludmilla),Darwin (Woolner),2.5,3.4,haversine x 1.35 (road) - ESTIMATE
Darwin (Ludmilla),Darwin (Winnellie),3.9,5.3,haversine x 1.35 (road) - ESTIMATE
Darwin (Ludmilla),Darwin (Coconut Grove),2.2,3.0,haversine x 1.35 (road) - ESTIMATE
Darwin (Ludmilla),Darwin (Rapid Creek),4.3,5.7,haversine x 1.35 (road) - ESTIMATE
Darwin (Ludmilla),Darwin (Millner),3.2,4.4,haversine x 1.35 (road) - ESTIMATE
Darwin (Ludmilla),Darwin (Jingili),4.0,5.4,haversine x 1.35 (road) - ESTIMATE
Darwin (Ludmilla),Darwin (Moil),4.6,6.2,haversine x 1.35 (road) - ESTIMATE
Darwin (Ludmilla),Darwin (Alawa),4.9,6.6,haversine x 1.35 (road) - ESTIMATE
Darwin (Ludmilla),Darwin (Brinkin),5.6,7.5,haversine x 1.35 (road) - ESTIMATE
Darwin (Ludmilla),Darwin (Nakara),5.8,7.9,haversine x 1.35 (road) - ESTIMATE
Darwin (Ludmilla),Darwin (Tiwi),7.1,9.6,haversine x 1.35 (road) - ESTIMATE
Darwin (Ludmilla),Darwin (Casuarina),5.9,7.9,haversine x 1.35 (road) - ESTIMATE
Darwin (Ludmilla),Darwin (Wagaman),5.5,7.5,haversine x 1.35 (road) - ESTIMATE
Darwin (Ludmilla),Darwin (Wanguri),6.4,8.6,haversine x 1.35 (road) - ESTIMATE
Darwin (Ludmilla),Darwin (Wulagi),6.2,8.3,haversine x 1.35 (road) - ESTIMATE
Darwin (Ludmilla),Darwin (Anula),5.2,7.1,haversine x 1.35 (road) - ESTIMATE
Darwin (Ludmilla),Darwin (Marrara),4.9,6.7,haversine x 1.35 (road) - ESTIMATE
Darwin (Ludmilla),Darwin (Leanyer),7.6,10.2,haversine x 1.35 (road) - ESTIMATE
Darwin (Ludmilla),Darwin (Lyons),7.8,10.5,haversine x 1.35 (road) - ESTIMATE
Darwin (Ludmilla),Darwin (Muirhead),8.4,11.3,haversine x 1.35 (road) - ESTIMATE
Darwin (Ludmilla),Darwin (Berrimah),8.0,10.8,haversine x 1.35 (road) - ESTIMATE
Darwin (Ludmilla),Darwin (Knuckey Lagoon),10.6,14.3,haversine x 1.35 (road) - ESTIMATE
Darwin (Ludmilla),Palmerston (Gray),16.5,22.3,haversine x 1.35 (road) - ESTIMATE
Darwin (Ludmilla),Palmerston (Driver),15.3,20.7,haversine x 1.35 (road) - ESTIMATE
Darwin (Ludmilla),Palmerston (Moulden),16.5,22.3,haversine x 1.35 (road) - ESTIMATE
Darwin (Ludmilla),Palmerston (Woodroffe),17.4,23.5,haversine x 1.35 (road) - ESTIMATE
Darwin (Ludmilla),Palmerston (Gunn),18.0,24.2,haversine x 1.35 (road) - ESTIMATE
Darwin (Ludmilla),Palmerston (Rosebery),18.1,24.4,haversine x 1.35 (road) - ESTIMATE
Darwin (Ludmilla),Palmerston (Bakewell),18.3,24.7,haversine x 1.35 (road) - ESTIMATE
Darwin (Ludmilla),Palmerston (Durack),14.5,19.6,haversine x 1.35 (road) - ESTIMATE
Darwin (Ludmilla),Palmerston (Farrar),16.9,22.8,haversine x 1.35 (road) - ESTIMATE
Darwin (Ludmilla),Palmerston (Johnston),19.1,25.8,haversine x 1.35 (road) - ESTIMATE
Darwin (Ludmilla),Palmerston (Zuccoli),19.4,26.2,haversine x 1.35 (road) - ESTIMATE
Darwin (Ludmilla),Palmerston (Bellamack),17.7,23.9,haversine x 1.35 (road) - ESTIMATE
Darwin (Ludmilla),Howard Springs,23.0,31.1,haversine x 1.35 (road) - ESTIMATE
Darwin (Ludmilla),Coolalinga,24.0,32.4,haversine x 1.35 (road) - ESTIMATE
Darwin (Ludmilla),Virginia,22.3,30.1,haversine x 1.35 (road) - ESTIMATE
Darwin (Ludmilla),Girraween,28.7,38.7,haversine x 1.35 (road) - ESTIMATE
Darwin (Ludmilla),Berry Springs,35.5,47.9,haversine x 1.35 (road) - ESTIMATE
Darwin (Nightcliff),Darwin (Ludmilla),4.0,5.4,haversine x 1.35 (road) - ESTIMATE
Darwin (Nightcliff),Darwin (Nightcliff),0.0,0.0,haversine x 1.35 (road) - ESTIMATE
Darwin (Nightcliff),Darwin (Malak),5.8,7.8,haversine x 1.35 (road) - ESTIMATE
Darwin (Nightcliff),Darwin (Karama),7.0,9.5,haversine x 1.35 (road) - ESTIMATE
Darwin (Nightcliff),Palmerston,17.9,24.2,haversine x 1.35 (road) - ESTIMATE
Darwin (Nightcliff),Humpty Doo,34.0,45.9,haversine x 1.35 (road) - ESTIMATE
Darwin (Nightcliff),Batchelor,76.6,103.4,haversine x 1.35 (road) - ESTIMATE
Darwin (Nightcliff),Adelaide River,99.1,133.7,haversine x 1.35 (road) - ESTIMATE
Darwin (Nightcliff),Belyuen,25.7,34.7,haversine x 1.35 (road) - ESTIMATE
Darwin (Nightcliff),Wurrumiyanga,73.3,73.3,haversine x 1.0 (air_or_barge) - ESTIMATE
Darwin (Nightcliff),Pine Creek,192.2,259.5,haversine x 1.35 (road) - ESTIMATE
Darwin (Nightcliff),Katherine,277.4,374.4,haversine x 1.35 (road) - ESTIMATE
Darwin (Nightcliff),Peppimenarti,213.2,287.9,haversine x 1.35 (road) - ESTIMATE
Darwin (Nightcliff),Wadeye,252.0,340.2,haversine x 1.35 (road) - ESTIMATE
Darwin (Nightcliff),Gunbalanya,239.8,323.8,haversine x 1.35 (road) - ESTIMATE
Darwin (Nightcliff),Maningrida,368.7,497.8,haversine x 1.35 (road) - ESTIMATE
Darwin (Nightcliff),Galiwinku,514.1,514.1,haversine x 1.0 (air_or_barge) - ESTIMATE
Darwin (Nightcliff),Numbulwar,568.9,768.0,haversine x 1.35 (road) - ESTIMATE
Darwin (Nightcliff),Darwin (City),9.1,12.3,haversine x 1.35 (road) - ESTIMATE
Darwin (Nightcliff),Darwin (Larrakeyah),8.4,11.3,haversine x 1.35 (road) - ESTIMATE
Darwin (Nightcliff),Darwin (Stuart Park),7.2,9.7,haversine x 1.35 (road) - ESTIMATE
Darwin (Nightcliff),Darwin (The Gardens),7.6,10.2,haversine x 1.35 (road) - ESTIMATE
Darwin (Nightcliff),Darwin (Parap),5.5,7.4,haversine x 1.35 (road) - ESTIMATE
Darwin (Nightcliff),Darwin (Fannie Bay),4.9,6.6,haversine x 1.35 (road) - ESTIMATE
Darwin (Nightcliff),Darwin (Bayview),6.6,8.9,haversine x 1.35 (road) - ESTIMATE
Darwin (Nightcliff),Darwin (Woolner),6.5,8.7,haversine x 1.35 (road) - ESTIMATE
Darwin (Nightcliff),Darwin (Winnellie),6.1,8.3,haversine x 1.35 (road) - ESTIMATE
Darwin (Nightcliff),Darwin (Coconut Grove),1.8,2.4,haversine x 1.35 (road) - ESTIMATE
Darwin (Nightcliff),Darwin (Rapid Creek),1.0,1.3,haversine x 1.35 (road) - ESTIMATE
Darwin (Nightcliff),Darwin (Millner),1.5,2.0,haversine x 1.35 (road) - ESTIMATE
Darwin (Nightcliff),Darwin (Jingili),2.4,3.3,haversine x 1.35 (road) - ESTIMATE
Darwin (Nightcliff),Darwin (Moil),3.1,4.2,haversine x 1.35 (road) - ESTIMATE
Darwin (Nightcliff),Darwin (Alawa),2.3,3.1,haversine x 1.35 (road) - ESTIMATE
Darwin (Nightcliff),Darwin (Brinkin),2.2,3.0,haversine x 1.35 (road) - ESTIMATE
Darwin (Nightcliff),Darwin (Nakara),2.8,3.8,haversine x 1.35 (road) - ESTIMATE
Darwin (Nightcliff),Darwin (Tiwi),3.7,5.0,haversine x 1.35 (road) - ESTIMATE
Darwin (Nightcliff),Darwin (Casuarina),3.3,4.4,haversine x 1.35 (road) - ESTIMATE
Darwin (Nightcliff),Darwin (Wagaman),3.6,4.8,haversine x 1.35 (road) - ESTIMATE
Darwin (Nightcliff),Darwin (Wanguri),3.9,5.2,haversine x 1.35 (road) - ESTIMATE
Darwin (Nightcliff),Darwin (Wulagi),4.8,6.5,haversine x 1.35 (road) - ESTIMATE
Darwin (Nightcliff),Darwin (Anula),4.5,6.1,haversine x 1.35 (road) - ESTIMATE
Darwin (Nightcliff),Darwin (Marrara),4.7,6.4,haversine x 1.35 (road) - ESTIMATE
Darwin (Nightcliff),Darwin (Leanyer),5.0,6.8,haversine x 1.35 (road) - ESTIMATE
Darwin (Nightcliff),Darwin (Lyons),4.6,6.2,haversine x 1.35 (road) - ESTIMATE
Darwin (Nightcliff),Darwin (Muirhead),5.5,7.5,haversine x 1.35 (road) - ESTIMATE
Darwin (Nightcliff),Darwin (Berrimah),9.7,13.1,haversine x 1.35 (road) - ESTIMATE
Darwin (Nightcliff),Darwin (Knuckey Lagoon),11.9,16.0,haversine x 1.35 (road) - ESTIMATE
Darwin (Nightcliff),Palmerston (Gray),18.8,25.3,haversine x 1.35 (road) - ESTIMATE
Darwin (Nightcliff),Palmerston (Driver),17.6,23.7,haversine x 1.35 (road) - ESTIMATE
Darwin (Nightcliff),Palmerston (Moulden),19.0,25.7,haversine x 1.35 (road) - ESTIMATE
Darwin (Nightcliff),Palmerston (Woodroffe),19.6,26.4,haversine x 1.35 (road) - ESTIMATE
Darwin (Nightcliff),Palmerston (Gunn),19.9,26.9,haversine x 1.35 (road) - ESTIMATE
Darwin (Nightcliff),Palmerston (Rosebery),20.5,27.7,haversine x 1.35 (road) - ESTIMATE
Darwin (Nightcliff),Palmerston (Bakewell),20.4,27.6,haversine x 1.35 (road) - ESTIMATE
Darwin (Nightcliff),Palmerston (Durack),16.5,22.3,haversine x 1.35 (road) - ESTIMATE
Darwin (Nightcliff),Palmerston (Farrar),18.7,25.3,haversine x 1.35 (road) - ESTIMATE
Darwin (Nightcliff),Palmerston (Johnston),21.0,28.4,haversine x 1.35 (road) - ESTIMATE
Darwin (Nightcliff),Palmerston (Zuccoli),21.6,29.2,haversine x 1.35 (road) - ESTIMATE
Darwin (Nightcliff),Palmerston (Bellamack),20.4,27.5,haversine x 1.35 (road) - ESTIMATE
Darwin (Nightcliff),Howard Springs,24.7,33.4,haversine x 1.35 (road) - ESTIMATE
Darwin (Nightcliff),Coolalinga,26.1,35.2,haversine x 1.35 (road) - ESTIMATE
Darwin (Nightcliff),Virginia,24.6,33.2,haversine x 1.35 (road) - ESTIMATE
Darwin (Nightcliff),Girraween,30.5,41.2,haversine x 1.35 (road) - ESTIMATE
Darwin (Nightcliff),Berry Springs,39.1,52.8,haversine x 1.35 (road) - ESTIMATE
Darwin (Malak),Darwin (Ludmilla),6.4,8.6,haversine x 1.35 (road) - ESTIMATE
Darwin (Malak),Darwin (Nightcliff),5.8,7.8,haversine x 1.35 (road) - ESTIMATE
Darwin (Malak),Darwin (Malak),0.0,0.0,haversine x 1.35 (road) - ESTIMATE
Darwin (Malak),Darwin (Karama),1.3,1.8,haversine x 1.35 (road) - ESTIMATE
Darwin (Malak),Palmerston,12.9,17.5,haversine x 1.35 (road) - ESTIMATE
Darwin (Malak),Humpty Doo,28.9,39.0,haversine x 1.35 (road) - ESTIMATE
Darwin (Malak),Batchelor,74.2,100.1,haversine x 1.35 (road) - ESTIMATE
Darwin (Malak),Adelaide River,96.5,130.2,haversine x 1.35 (road) - ESTIMATE
Darwin (Malak),Belyuen,29.4,39.7,haversine x 1.35 (road) - ESTIMATE
Darwin (Malak),Wurrumiyanga,76.5,76.5,haversine x 1.0 (air_or_barge) - ESTIMATE
Darwin (Malak),Pine Creek,188.1,253.9,haversine x 1.35 (road) - ESTIMATE
Darwin (Malak),Katherine,273.3,368.9,haversine x 1.35 (road) - ESTIMATE
Darwin (Malak),Peppimenarti,214.4,289.4,haversine x 1.35 (road) - ESTIMATE
Darwin (Malak),Wadeye,254.2,343.2,haversine x 1.35 (road) - ESTIMATE
Darwin (Malak),Gunbalanya,234.2,316.2,haversine x 1.35 (road) - ESTIMATE
Darwin (Malak),Maningrida,363.2,490.4,haversine x 1.35 (road) - ESTIMATE
Darwin (Malak),Galiwinku,508.6,508.6,haversine x 1.0 (air_or_barge) - ESTIMATE
Darwin (Malak),Numbulwar,563.2,760.3,haversine x 1.35 (road) - ESTIMATE
Darwin (Malak),Darwin (City),10.1,13.7,haversine x 1.35 (road) - ESTIMATE
Darwin (Malak),Darwin (Larrakeyah),10.4,14.1,haversine x 1.35 (road) - ESTIMATE
Darwin (Malak),Darwin (Stuart Park),8.9,12.1,haversine x 1.35 (road) - ESTIMATE
Darwin (Malak),Darwin (The Gardens),9.7,13.1,haversine x 1.35 (road) - ESTIMATE
Darwin (Malak),Darwin (Parap),8.0,10.8,haversine x 1.35 (road) - ESTIMATE
Darwin (Malak),Darwin (Fannie Bay),8.2,11.1,haversine x 1.35 (road) - ESTIMATE
Darwin (Malak),Darwin (Bayview),7.6,10.3,haversine x 1.35 (road) - ESTIMATE
Darwin (Malak),Darwin (Woolner),8.1,10.9,haversine x 1.35 (road) - ESTIMATE
Darwin (Malak),Darwin (Winnellie),4.2,5.6,haversine x 1.35 (road) - ESTIMATE
Darwin (Malak),Darwin (Coconut Grove),5.7,7.7,haversine x 1.35 (road) - ESTIMATE
Darwin (Malak),Darwin (Rapid Creek),4.9,6.6,haversine x 1.35 (road) - ESTIMATE
Darwin (Malak),Darwin (Millner),4.6,6.2,haversine x 1.35 (road) - ESTIMATE
Darwin (Malak),Darwin (Jingili),3.4,4.6,haversine x 1.35 (road) - ESTIMATE
Darwin (Malak),Darwin (Moil),2.7,3.6,haversine x 1.35 (road) - ESTIMATE
Darwin (Malak),Darwin (Alawa),3.7,4.9,haversine x 1.35 (road) - ESTIMATE
Darwin (Malak),Darwin (Brinkin),4.5,6.1,haversine x 1.35 (road) - ESTIMATE
Darwin (Malak),Darwin (Nakara),4.0,5.4,haversine x 1.35 (road) - ESTIMATE
Darwin (Malak),Darwin (Tiwi),4.8,6.5,haversine x 1.35 (road) - ESTIMATE
Darwin (Malak),Darwin (Casuarina),3.3,4.4,haversine x 1.35 (road) - ESTIMATE
Darwin (Malak),Darwin (Wagaman),2.5,3.3,haversine x 1.35 (road) - ESTIMATE
Darwin (Malak),Darwin (Wanguri),3.0,4.1,haversine x 1.35 (road) - ESTIMATE
Darwin (Malak),Darwin (Wulagi),1.3,1.8,haversine x 1.35 (road) - ESTIMATE
Darwin (Malak),Darwin (Anula),1.3,1.8,haversine x 1.35 (road) - ESTIMATE
Darwin (Malak),Darwin (Marrara),1.5,2.0,haversine x 1.35 (road) - ESTIMATE
Darwin (Malak),Darwin (Leanyer),3.3,4.4,haversine x 1.35 (road) - ESTIMATE
Darwin (Malak),Darwin (Lyons),4.5,6.0,haversine x 1.35 (road) - ESTIMATE
Darwin (Malak),Darwin (Muirhead),4.1,5.5,haversine x 1.35 (road) - ESTIMATE
Darwin (Malak),Darwin (Berrimah),5.2,7.0,haversine x 1.35 (road) - ESTIMATE
Darwin (Malak),Darwin (Knuckey Lagoon),6.6,8.9,haversine x 1.35 (road) - ESTIMATE
Darwin (Malak),Palmerston (Gray),14.0,18.9,haversine x 1.35 (road) - ESTIMATE
Darwin (Malak),Palmerston (Driver),12.8,17.3,haversine x 1.35 (road) - ESTIMATE
Darwin (Malak),Palmerston (Moulden),14.6,19.6,haversine x 1.35 (road) - ESTIMATE
Darwin (Malak),Palmerston (Woodroffe),14.7,19.8,haversine x 1.35 (road) - ESTIMATE
Darwin (Malak),Palmerston (Gunn),14.8,20.0,haversine x 1.35 (road) - ESTIMATE
Darwin (Malak),Palmerston (Rosebery),15.9,21.4,haversine x 1.35 (road) - ESTIMATE
Darwin (Malak),Palmerston (Bakewell),15.5,20.9,haversine x 1.35 (road) - ESTIMATE
Darwin (Malak),Palmerston (Durack),11.6,15.6,haversine x 1.35 (road) - ESTIMATE
Darwin (Malak),Palmerston (Farrar),13.5,18.3,haversine x 1.35 (road) - ESTIMATE
Darwin (Malak),Palmerston (Johnston),15.9,21.4,haversine x 1.35 (road) - ESTIMATE
Darwin (Malak),Palmerston (Zuccoli),16.8,22.6,haversine x 1.35 (road) - ESTIMATE
Darwin (Malak),Palmerston (Bellamack),16.0,21.6,haversine x 1.35 (road) - ESTIMATE
Darwin (Malak),Howard Springs,19.4,26.1,haversine x 1.35 (road) - ESTIMATE
Darwin (Malak),Coolalinga,21.0,28.3,haversine x 1.35 (road) - ESTIMATE
Darwin (Malak),Virginia,19.7,26.6,haversine x 1.35 (road) - ESTIMATE
Darwin (Malak),Girraween,25.2,34.0,haversine x 1.35 (road) - ESTIMATE
Darwin (Malak),Berry Springs,36.0,48.7,haversine x 1.35 (road) - ESTIMATE
Darwin (Karama),Darwin (Ludmilla),7.1,9.6,haversine x 1.35 (road) - ESTIMATE
Darwin (Karama),Darwin (Nightcliff),7.0,9.5,haversine x 1.35 (road) - ESTIMATE
Darwin (Karama),Darwin (Malak),1.3,1.8,haversine x 1.35 (road) - ESTIMATE
Darwin (Karama),Darwin (Karama),0.0,0.0,haversine x 1.35 (road) - ESTIMATE
Darwin (Karama),Palmerston,11.6,15.7,haversine x 1.35 (road) - ESTIMATE
Darwin (Karama),Humpty Doo,27.6,37.2,haversine x 1.35 (road) - ESTIMATE
Darwin (Karama),Batchelor,73.2,98.8,haversine x 1.35 (road) - ESTIMATE
Darwin (Karama),Adelaide River,95.5,128.9,haversine x 1.35 (road) - ESTIMATE
Darwin (Karama),Belyuen,29.9,40.3,haversine x 1.35 (road) - ESTIMATE
Darwin (Karama),Wurrumiyanga,77.6,77.6,haversine x 1.0 (air_or_barge) - ESTIMATE
Darwin (Karama),Pine Creek,186.9,252.3,haversine x 1.35 (road) - ESTIMATE
Darwin (Karama),Katherine,272.0,367.3,haversine x 1.35 (road) - ESTIMATE
Darwin (Karama),Peppimenarti,214.1,289.0,haversine x 1.35 (road) - ESTIMATE
Darwin (Karama),Wadeye,254.2,343.2,haversine x 1.35 (road) - ESTIMATE
Darwin (Karama),Gunbalanya,233.2,314.8,haversine x 1.35 (road) - ESTIMATE
Darwin (Karama),Maningrida,362.2,489.0,haversine x 1.35 (road) - ESTIMATE
Darwin (Karama),Galiwinku,507.6,507.6,haversine x 1.0 (air_or_barge) - ESTIMATE
Darwin (Karama),Numbulwar,561.9,758.6,haversine x 1.35 (road) - ESTIMATE
Darwin (Karama),Darwin (City),10.3,13.9,haversine x 1.35 (road) - ESTIMATE
Darwin (Karama),Darwin (Larrakeyah),10.8,14.6,haversine x 1.35 (road) - ESTIMATE
Darwin (Karama),Darwin (Stuart Park),9.3,12.6,haversine x 1.35 (road) - ESTIMATE
Darwin (Karama),Darwin (The Gardens),10.1,13.6,haversine x 1.35 (road) - ESTIMATE
Darwin (Karama),Darwin (Parap),8.6,11.6,haversine x 1.35 (road) - ESTIMATE
Darwin (Karama),Darwin (Fannie Bay),9.0,12.1,haversine x 1.35 (road) - ESTIMATE
Darwin (Karama),Darwin (Bayview),8.0,10.7,haversine x 1.35 (road) - ESTIMATE
Darwin (Karama),Darwin (Woolner),8.5,11.5,haversine x 1.35 (road) - ESTIMATE
Darwin (Karama),Darwin (Winnellie),4.2,5.7,haversine x 1.35 (road) - ESTIMATE
Darwin (Karama),Darwin (Coconut Grove),6.7,9.1,haversine x 1.35 (road) - ESTIMATE
Darwin (Karama),Darwin (Rapid Creek),6.1,8.3,haversine x 1.35 (road) - ESTIMATE
Darwin (Karama),Darwin (Millner),5.7,7.7,haversine x 1.35 (road) - ESTIMATE
Darwin (Karama),Darwin (Jingili),4.6,6.2,haversine x 1.35 (road) - ESTIMATE
Darwin (Karama),Darwin (Moil),3.9,5.3,haversine x 1.35 (road) - ESTIMATE
Darwin (Karama),Darwin (Alawa),5.0,6.7,haversine x 1.35 (road) - ESTIMATE
Darwin (Karama),Darwin (Brinkin),5.9,7.9,haversine x 1.35 (road) - ESTIMATE
Darwin (Karama),Darwin (Nakara),5.3,7.2,haversine x 1.35 (road) - ESTIMATE
Darwin (Karama),Darwin (Tiwi),6.1,8.2,haversine x 1.35 (road) - ESTIMATE
Darwin (Karama),Darwin (Casuarina),4.6,6.2,haversine x 1.35 (road) - ESTIMATE
Darwin (Karama),Darwin (Wagaman),3.8,5.1,haversine x 1.35 (road) - ESTIMATE
Darwin (Karama),Darwin (Wanguri),4.4,5.9,haversine x 1.35 (road) - ESTIMATE
Darwin (Karama),Darwin (Wulagi),2.6,3.6,haversine x 1.35 (road) - ESTIMATE
Darwin (Karama),Darwin (Anula),2.5,3.4,haversine x 1.35 (road) - ESTIMATE
Darwin (Karama),Darwin (Marrara),2.4,3.2,haversine x 1.35 (road) - ESTIMATE
Darwin (Karama),Darwin (Leanyer),4.4,5.9,haversine x 1.35 (road) - ESTIMATE
Darwin (Karama),Darwin (Lyons),5.7,7.6,haversine x 1.35 (road) - ESTIMATE
Darwin (Karama),Darwin (Muirhead),5.2,7.0,haversine x 1.35 (road) - ESTIMATE
Darwin (Karama),Darwin (Berrimah),4.1,5.5,haversine x 1.35 (road) - ESTIMATE
Darwin (Karama),Darwin (Knuckey Lagoon),5.3,7.1,haversine x 1.35 (road) - ESTIMATE
Darwin (Karama),Palmerston (Gray),12.7,17.2,haversine x 1.35 (road) - ESTIMATE
Darwin (Karama),Palmerston (Driver),11.6,15.6,haversine x 1.35 (road) - ESTIMATE
Darwin (Karama),Palmerston (Moulden),13.3,18.0,haversine x 1.35 (road) - ESTIMATE
Darwin (Karama),Palmerston (Woodroffe),13.4,18.0,haversine x 1.35 (road) - ESTIMATE
Darwin (Karama),Palmerston (Gunn),13.5,18.3,haversine x 1.35 (road) - ESTIMATE
Darwin (Karama),Palmerston (Rosebery),14.6,19.7,haversine x 1.35 (road) - ESTIMATE
Darwin (Karama),Palmerston (Bakewell),14.2,19.2,haversine x 1.35 (road) - ESTIMATE
Darwin (Karama),Palmerston (Durack),10.3,13.9,haversine x 1.35 (road) - ESTIMATE
Darwin (Karama),Palmerston (Farrar),12.2,16.5,haversine x 1.35 (road) - ESTIMATE
Darwin (Karama),Palmerston (Johnston),14.5,19.6,haversine x 1.35 (road) - ESTIMATE
Darwin (Karama),Palmerston (Zuccoli),15.5,20.9,haversine x 1.35 (road) - ESTIMATE
Darwin (Karama),Palmerston (Bellamack),14.8,20.0,haversine x 1.35 (road) - ESTIMATE
Darwin (Karama),Howard Springs,18.0,24.3,haversine x 1.35 (road) - ESTIMATE
Darwin (Karama),Coolalinga,19.7,26.5,haversine x 1.35 (road) - ESTIMATE
Darwin (Karama),Virginia,18.4,24.9,haversine x 1.35 (road) - ESTIMATE
Darwin (Karama),Girraween,23.9,32.2,haversine x 1.35 (road) - ESTIMATE
Darwin (Karama),Berry Springs,35.0,47.3,haversine x 1.35 (road) - ESTIMATE
Palmerston,Darwin (Ludmilla),15.9,21.5,haversine x 1.35 (road) - ESTIMATE
Palmerston,Darwin (Nightcliff),17.9,24.2,haversine x 1.35 (road) - ESTIMATE
Palmerston,Darwin (Malak),12.9,17.5,haversine x 1.35 (road) - ESTIMATE
Palmerston,Darwin (Karama),11.6,15.7,haversine x 1.35 (road) - ESTIMATE
Palmerston,Palmerston,0.0,0.0,haversine x 1.35 (road) - ESTIMATE
Palmerston,Humpty Doo,16.1,21.7,haversine x 1.35 (road) - ESTIMATE
Palmerston,Batchelor,63.5,85.7,haversine x 1.35 (road) - ESTIMATE
Palmerston,Adelaide River,85.3,115.2,haversine x 1.35 (road) - ESTIMATE
Palmerston,Belyuen,33.7,45.5,haversine x 1.35 (road) - ESTIMATE
Palmerston,Wurrumiyanga,88.8,88.8,haversine x 1.0 (air_or_barge) - ESTIMATE
Palmerston,Pine Creek,175.4,236.7,haversine x 1.35 (road) - ESTIMATE
Palmerston,Katherine,260.5,351.7,haversine x 1.35 (road) - ESTIMATE
Palmerston,Peppimenarti,209.4,282.7,haversine x 1.35 (road) - ESTIMATE
Palmerston,Wadeye,251.8,339.9,haversine x 1.35 (road) - ESTIMATE
Palmerston,Gunbalanya,226.2,305.3,haversine x 1.35 (road) - ESTIMATE
Palmerston,Maningrida,355.8,480.3,haversine x 1.35 (road) - ESTIMATE
Palmerston,Galiwinku,500.8,500.8,haversine x 1.0 (air_or_barge) - ESTIMATE
Palmerston,Numbulwar,551.6,744.7,haversine x 1.35 (road) - ESTIMATE
Palmerston,Darwin (City),15.1,20.4,haversine x 1.35 (road) - ESTIMATE
Palmerston,Darwin (Larrakeyah),16.6,22.4,haversine x 1.35 (road) - ESTIMATE
Palmerston,Darwin (Stuart Park),15.8,21.3,haversine x 1.35 (road) - ESTIMATE
Palmerston,Darwin (The Gardens),16.5,22.2,haversine x 1.35 (road) - ESTIMATE
Palmerston,Darwin (Parap),16.4,22.1,haversine x 1.35 (road) - ESTIMATE
Palmerston,Darwin (Fannie Bay),17.3,23.3,haversine x 1.35 (road) - ESTIMATE
Palmerston,Darwin (Bayview),14.7,19.8,haversine x 1.35 (road) - ESTIMATE
Palmerston,Darwin (Woolner),15.4,20.8,haversine x 1.35 (road) - ESTIMATE
Palmerston,Darwin (Winnellie),12.1,16.4,haversine x 1.35 (road) - ESTIMATE
Palmerston,Darwin (Coconut Grove),16.9,22.8,haversine x 1.35 (road) - ESTIMATE
Palmerston,Darwin (Rapid Creek),17.2,23.3,haversine x 1.35 (road) - ESTIMATE
Palmerston,Darwin (Millner),16.4,22.2,haversine x 1.35 (road) - ESTIMATE
Palmerston,Darwin (Jingili),15.7,21.1,haversine x 1.35 (road) - ESTIMATE
Palmerston,Darwin (Moil),15.2,20.5,haversine x 1.35 (road) - ESTIMATE
Palmerston,Darwin (Alawa),16.3,22.0,haversine x 1.35 (road) - ESTIMATE
Palmerston,Darwin (Brinkin),17.3,23.4,haversine x 1.35 (road) - ESTIMATE
Palmerston,Darwin (Nakara),16.9,22.8,haversine x 1.35 (road) - ESTIMATE
Palmerston,Darwin (Tiwi),17.7,23.9,haversine x 1.35 (road) - ESTIMATE
Palmerston,Darwin (Casuarina),16.2,21.8,haversine x 1.35 (road) - ESTIMATE
Palmerston,Darwin (Wagaman),15.3,20.7,haversine x 1.35 (road) - ESTIMATE
Palmerston,Darwin (Wanguri),16.0,21.6,haversine x 1.35 (road) - ESTIMATE
Palmerston,Darwin (Wulagi),14.3,19.2,haversine x 1.35 (road) - ESTIMATE
Palmerston,Darwin (Anula),13.8,18.7,haversine x 1.35 (road) - ESTIMATE
Palmerston,Darwin (Marrara),13.4,18.0,haversine x 1.35 (road) - ESTIMATE
Palmerston,Darwin (Leanyer),16.0,21.6,haversine x 1.35 (road) - ESTIMATE
Palmerston,Darwin (Lyons),17.3,23.3,haversine x 1.35 (road) - ESTIMATE
Palmerston,Darwin (Muirhead),16.6,22.4,haversine x 1.35 (road) - ESTIMATE
Palmerston,Darwin (Berrimah),8.2,11.1,haversine x 1.35 (road) - ESTIMATE
Palmerston,Darwin (Knuckey Lagoon),6.3,8.6,haversine x 1.35 (road) - ESTIMATE
Palmerston,Palmerston (Gray),1.4,2.0,haversine x 1.35 (road) - ESTIMATE
Palmerston,Palmerston (Driver),1.2,1.6,haversine x 1.35 (road) - ESTIMATE
Palmerston,Palmerston (Moulden),2.8,3.8,haversine x 1.35 (road) - ESTIMATE
Palmerston,Palmerston (Woodroffe),1.7,2.4,haversine x 1.35 (road) - ESTIMATE
Palmerston,Palmerston (Gunn),2.0,2.8,haversine x 1.35 (road) - ESTIMATE
Palmerston,Palmerston (Rosebery),3.3,4.4,haversine x 1.35 (road) - ESTIMATE
Palmerston,Palmerston (Bakewell),2.6,3.5,haversine x 1.35 (road) - ESTIMATE
Palmerston,Palmerston (Durack),1.4,1.9,haversine x 1.35 (road) - ESTIMATE
Palmerston,Palmerston (Farrar),1.4,1.9,haversine x 1.35 (road) - ESTIMATE
Palmerston,Palmerston (Johnston),3.2,4.4,haversine x 1.35 (road) - ESTIMATE
Palmerston,Palmerston (Zuccoli),3.9,5.2,haversine x 1.35 (road) - ESTIMATE
Palmerston,Palmerston (Bellamack),4.1,5.6,haversine x 1.35 (road) - ESTIMATE
Palmerston,Howard Springs,7.2,9.7,haversine x 1.35 (road) - ESTIMATE
Palmerston,Coolalinga,8.2,11.0,haversine x 1.35 (road) - ESTIMATE
Palmerston,Virginia,6.8,9.2,haversine x 1.35 (road) - ESTIMATE
Palmerston,Girraween,12.8,17.3,haversine x 1.35 (road) - ESTIMATE
Palmerston,Berry Springs,25.0,33.8,haversine x 1.35 (road) - ESTIMATE
Humpty Doo,Darwin (Ludmilla),31.8,42.9,haversine x 1.35 (road) - ESTIMATE
Humpty Doo,Darwin (Nightcliff),34.0,45.9,haversine x 1.35 (road) - ESTIMATE
Humpty Doo,Darwin (Malak),28.9,39.0,haversine x 1.35 (road) - ESTIMATE
Humpty Doo,Darwin (Karama),27.6,37.2,haversine x 1.35 (road) - ESTIMATE
Humpty Doo,Palmerston,16.1,21.7,haversine x 1.35 (road) - ESTIMATE
Humpty Doo,Humpty Doo,0.0,0.0,haversine x 1.35 (road) - ESTIMATE
Humpty Doo,Batchelor,53.8,72.7,haversine x 1.35 (road) - ESTIMATE
Humpty Doo,Adelaide River,74.3,100.3,haversine x 1.35 (road) - ESTIMATE
Humpty Doo,Belyuen,45.7,61.7,haversine x 1.35 (road) - ESTIMATE
Humpty Doo,Wurrumiyanga,103.5,103.5,haversine x 1.0 (air_or_barge) - ESTIMATE
Humpty Doo,Pine Creek,160.3,216.5,haversine x 1.35 (road) - ESTIMATE
Humpty Doo,Katherine,245.4,331.3,haversine x 1.35 (road) - ESTIMATE
Humpty Doo,Peppimenarti,206.9,279.3,haversine x 1.35 (road) - ESTIMATE
Humpty Doo,Wadeye,252.4,340.7,haversine x 1.35 (road) - ESTIMATE
Humpty Doo,Gunbalanya,214.6,289.7,haversine x 1.35 (road) - ESTIMATE
Humpty Doo,Maningrida,344.7,465.4,haversine x 1.35 (road) - ESTIMATE
Humpty Doo,Galiwinku,489.3,489.3,haversine x 1.0 (air_or_barge) - ESTIMATE
Humpty Doo,Numbulwar,536.2,723.9,haversine x 1.35 (road) - ESTIMATE
Humpty Doo,Darwin (City),30.1,40.6,haversine x 1.35 (road) - ESTIMATE
Humpty Doo,Darwin (Larrakeyah),31.7,42.8,haversine x 1.35 (road) - ESTIMATE
Humpty Doo,Darwin (Stuart Park),31.1,42.0,haversine x 1.35 (road) - ESTIMATE
Humpty Doo,Darwin (The Gardens),31.7,42.8,haversine x 1.35 (road) - ESTIMATE
Humpty Doo,Darwin (Parap),32.0,43.3,haversine x 1.35 (road) - ESTIMATE
Humpty Doo,Darwin (Fannie Bay),33.0,44.5,haversine x 1.35 (road) - ESTIMATE
Humpty Doo,Darwin (Bayview),30.2,40.8,haversine x 1.35 (road) - ESTIMATE
Humpty Doo,Darwin (Woolner),30.9,41.8,haversine x 1.35 (road) - ESTIMATE
Humpty Doo,Darwin (Winnellie),28.1,38.0,haversine x 1.35 (road) - ESTIMATE
Humpty Doo,Darwin (Coconut Grove),32.9,44.5,haversine x 1.35 (road) - ESTIMATE
Humpty Doo,Darwin (Rapid Creek),33.3,45.0,haversine x 1.35 (road) - ESTIMATE
Humpty Doo,Darwin (Millner),32.5,43.9,haversine x 1.35 (road) - ESTIMATE
Humpty Doo,Darwin (Jingili),31.7,42.8,haversine x 1.35 (road) - ESTIMATE
Humpty Doo,Darwin (Moil),31.2,42.2,haversine x 1.35 (road) - ESTIMATE
Humpty Doo,Darwin (Alawa),32.4,43.7,haversine x 1.35 (road) - ESTIMATE
Humpty Doo,Darwin (Brinkin),33.4,45.0,haversine x 1.35 (road) - ESTIMATE
Humpty Doo,Darwin (Nakara),32.9,44.4,haversine x 1.35 (road) - ESTIMATE
Humpty Doo,Darwin (Tiwi),33.6,45.4,haversine x 1.35 (road) - ESTIMATE
Humpty Doo,Darwin (Casuarina),32.2,43.4,haversine x 1.35 (road) - ESTIMATE
Humpty Doo,Darwin (Wagaman),31.3,42.3,haversine x 1.35 (road) - ESTIMATE
Humpty Doo,Darwin (Wanguri),31.9,43.1,haversine x 1.35 (road) - ESTIMATE
Humpty Doo,Darwin (Wulagi),30.2,40.8,haversine x 1.35 (road) - ESTIMATE
Humpty Doo,Darwin (Anula),29.9,40.3,haversine x 1.35 (road) - ESTIMATE
Humpty Doo,Darwin (Marrara),29.4,39.7,haversine x 1.35 (road) - ESTIMATE
Humpty Doo,Darwin (Leanyer),31.8,42.9,haversine x 1.35 (road) - ESTIMATE
Humpty Doo,Darwin (Lyons),33.1,44.7,haversine x 1.35 (road) - ESTIMATE
Humpty Doo,Darwin (Muirhead),32.4,43.7,haversine x 1.35 (road) - ESTIMATE
Humpty Doo,Darwin (Berrimah),24.3,32.8,haversine x 1.35 (road) - ESTIMATE
Humpty Doo,Darwin (Knuckey Lagoon),22.3,30.1,haversine x 1.35 (road) - ESTIMATE
Humpty Doo,Palmerston (Gray),15.3,20.7,haversine x 1.35 (road) - ESTIMATE
Humpty Doo,Palmerston (Driver),16.5,22.2,haversine x 1.35 (road) - ESTIMATE
Humpty Doo,Palmerston (Moulden),15.3,20.7,haversine x 1.35 (road) - ESTIMATE
Humpty Doo,Palmerston (Woodroffe),14.4,19.5,haversine x 1.35 (road) - ESTIMATE
Humpty Doo,Palmerston (Gunn),14.1,19.0,haversine x 1.35 (road) - ESTIMATE
Humpty Doo,Palmerston (Rosebery),13.7,18.5,haversine x 1.35 (road) - ESTIMATE
Humpty Doo,Palmerston (Bakewell),13.6,18.3,haversine x 1.35 (road) - ESTIMATE
Humpty Doo,Palmerston (Durack),17.5,23.6,haversine x 1.35 (road) - ESTIMATE
Humpty Doo,Palmerston (Farrar),15.4,20.8,haversine x 1.35 (road) - ESTIMATE
Humpty Doo,Palmerston (Johnston),13.1,17.6,haversine x 1.35 (road) - ESTIMATE
Humpty Doo,Palmerston (Zuccoli),12.4,16.7,haversine x 1.35 (road) - ESTIMATE
Humpty Doo,Palmerston (Bellamack),14.3,19.3,haversine x 1.35 (road) - ESTIMATE
Humpty Doo,Howard Springs,9.9,13.3,haversine x 1.35 (road) - ESTIMATE
Humpty Doo,Coolalinga,7.9,10.7,haversine x 1.35 (road) - ESTIMATE
Humpty Doo,Virginia,9.5,12.9,haversine x 1.35 (road) - ESTIMATE
Humpty Doo,Girraween,4.6,6.2,haversine x 1.35 (road) - ESTIMATE
Humpty Doo,Berry Springs,18.8,25.4,haversine x 1.35 (road) - ESTIMATE
Batchelor,Darwin (Ludmilla),72.7,98.2,haversine x 1.35 (road) - ESTIMATE
Batchelor,Darwin (Nightcliff),76.6,103.4,haversine x 1.35 (road) - ESTIMATE
Batchelor,Darwin (Malak),74.2,100.1,haversine x 1.35 (road) - ESTIMATE
Batchelor,Darwin (Karama),73.2,98.8,haversine x 1.35 (road) - ESTIMATE
Batchelor,Palmerston,63.5,85.7,haversine x 1.35 (road) - ESTIMATE
Batchelor,Humpty Doo,53.8,72.7,haversine x 1.35 (road) - ESTIMATE
Batchelor,Batchelor,0.0,0.0,haversine x 1.35 (road) - ESTIMATE
Batchelor,Adelaide River,22.6,30.5,haversine x 1.35 (road) - ESTIMATE
Batchelor,Belyuen,68.1,91.9,haversine x 1.35 (road) - ESTIMATE
Batchelor,Wurrumiyanga,149.7,149.7,haversine x 1.0 (air_or_barge) - ESTIMATE
Batchelor,Pine Creek,122.3,165.2,haversine x 1.35 (road) - ESTIMATE
Batchelor,Katherine,206.4,278.6,haversine x 1.35 (road) - ESTIMATE
Batchelor,Peppimenarti,159.0,214.7,haversine x 1.35 (road) - ESTIMATE
Batchelor,Wadeye,210.1,283.6,haversine x 1.35 (road) - ESTIMATE
Batchelor,Gunbalanya,234.8,316.9,haversine x 1.35 (road) - ESTIMATE
Batchelor,Maningrida,364.4,491.9,haversine x 1.35 (road) - ESTIMATE
Batchelor,Galiwinku,505.7,505.7,haversine x 1.0 (air_or_barge) - ESTIMATE
Batchelor,Numbulwar,526.8,711.2,haversine x 1.35 (road) - ESTIMATE
Batchelor,Darwin (City),68.1,91.9,haversine x 1.35 (road) - ESTIMATE
Batchelor,Darwin (Larrakeyah),69.4,93.7,haversine x 1.35 (road) - ESTIMATE
Batchelor,Darwin (Stuart Park),70.0,94.5,haversine x 1.35 (road) - ESTIMATE
Batchelor,Darwin (The Gardens),70.0,94.5,haversine x 1.35 (road) - ESTIMATE
Batchelor,Darwin (Parap),71.8,96.9,haversine x 1.35 (road) - ESTIMATE
Batchelor,Darwin (Fannie Bay),72.7,98.1,haversine x 1.35 (road) - ESTIMATE
Batchelor,Darwin (Bayview),70.2,94.8,haversine x 1.35 (road) - ESTIMATE
Batchelor,Darwin (Woolner),70.5,95.2,haversine x 1.35 (road) - ESTIMATE
Batchelor,Darwin (Winnellie),71.0,95.8,haversine x 1.35 (road) - ESTIMATE
Batchelor,Darwin (Coconut Grove),74.9,101.1,haversine x 1.35 (road) - ESTIMATE
Batchelor,Darwin (Rapid Creek),76.5,103.2,haversine x 1.35 (road) - ESTIMATE
Batchelor,Darwin (Millner),75.3,101.7,haversine x 1.35 (road) - ESTIMATE
Batchelor,Darwin (Jingili),75.3,101.6,haversine x 1.35 (road) - ESTIMATE
Batchelor,Darwin (Moil),75.2,101.6,haversine x 1.35 (road) - ESTIMATE
Batchelor,Darwin (Alawa),76.3,103.0,haversine x 1.35 (road) - ESTIMATE
Batchelor,Darwin (Brinkin),77.3,104.4,haversine x 1.35 (road) - ESTIMATE
Batchelor,Darwin (Nakara),77.2,104.2,haversine x 1.35 (road) - ESTIMATE
Batchelor,Darwin (Tiwi),78.5,105.9,haversine x 1.35 (road) - ESTIMATE
Batchelor,Darwin (Casuarina),76.7,103.6,haversine x 1.35 (road) - ESTIMATE
Batchelor,Darwin (Wagaman),75.9,102.4,haversine x 1.35 (road) - ESTIMATE
Batchelor,Darwin (Wanguri),76.8,103.7,haversine x 1.35 (road) - ESTIMATE
Batchelor,Darwin (Wulagi),75.3,101.7,haversine x 1.35 (road) - ESTIMATE
Batchelor,Darwin (Anula),74.4,100.5,haversine x 1.35 (road) - ESTIMATE
Batchelor,Darwin (Marrara),73.8,99.6,haversine x 1.35 (road) - ESTIMATE
Batchelor,Darwin (Leanyer),77.4,104.5,haversine x 1.35 (road) - ESTIMATE
Batchelor,Darwin (Lyons),78.5,105.9,haversine x 1.35 (road) - ESTIMATE
Batchelor,Darwin (Muirhead),78.3,105.7,haversine x 1.35 (road) - ESTIMATE
Batchelor,Darwin (Berrimah),69.1,93.3,haversine x 1.35 (road) - ESTIMATE
Batchelor,Darwin (Knuckey Lagoon),68.8,92.9,haversine x 1.35 (road) - ESTIMATE
Batchelor,Palmerston (Gray),62.0,83.7,haversine x 1.35 (road) - ESTIMATE
Batchelor,Palmerston (Driver),62.9,84.9,haversine x 1.35 (road) - ESTIMATE
Batchelor,Palmerston (Moulden),60.9,82.2,haversine x 1.35 (road) - ESTIMATE
Batchelor,Palmerston (Woodroffe),61.9,83.6,haversine x 1.35 (road) - ESTIMATE
Batchelor,Palmerston (Gunn),62.5,84.3,haversine x 1.35 (road) - ESTIMATE
Batchelor,Palmerston (Rosebery),60.2,81.3,haversine x 1.35 (road) - ESTIMATE
Batchelor,Palmerston (Bakewell),61.4,82.8,haversine x 1.35 (road) - ESTIMATE
Batchelor,Palmerston (Durack),64.3,86.9,haversine x 1.35 (road) - ESTIMATE
Batchelor,Palmerston (Farrar),63.8,86.2,haversine x 1.35 (road) - ESTIMATE
Batchelor,Palmerston (Johnston),62.2,84.0,haversine x 1.35 (road) - ESTIMATE
Batchelor,Palmerston (Zuccoli),60.2,81.3,haversine x 1.35 (road) - ESTIMATE
Batchelor,Palmerston (Bellamack),59.4,80.2,haversine x 1.35 (road) - ESTIMATE
Batchelor,Howard Springs,61.4,82.9,haversine x 1.35 (road) - ESTIMATE
Batchelor,Coolalinga,58.5,79.0,haversine x 1.35 (road) - ESTIMATE
Batchelor,Virginia,58.0,78.4,haversine x 1.35 (road) - ESTIMATE
Batchelor,Girraween,58.1,78.4,haversine x 1.35 (road) - ESTIMATE
Batchelor,Berry Springs,38.4,51.9,haversine x 1.35 (road) - ESTIMATE
Adelaide River,Darwin (Ludmilla),95.2,128.6,haversine x 1.35 (road) - ESTIMATE
Adelaide River,Darwin (Nightcliff),99.1,133.7,haversine x 1.35 (road) - ESTIMATE
Adelaide River,Darwin (Malak),96.5,130.2,haversine x 1.35 (road) - ESTIMATE
Adelaide River,Darwin (Karama),95.5,128.9,haversine x 1.35 (road) - ESTIMATE
Adelaide River,Palmerston,85.3,115.2,haversine x 1.35 (road) - ESTIMATE
Adelaide River,Humpty Doo,74.3,100.3,haversine x 1.35 (road) - ESTIMATE
Adelaide River,Batchelor,22.6,30.5,haversine x 1.35 (road) - ESTIMATE
Adelaide River,Adelaide River,0.0,0.0,haversine x 1.35 (road) - ESTIMATE
Adelaide River,Belyuen,90.3,121.9,haversine x 1.35 (road) - ESTIMATE
Adelaide River,Wurrumiyanga,172.3,172.3,haversine x 1.0 (air_or_barge) - ESTIMATE
Adelaide River,Pine Creek,102.0,137.7,haversine x 1.35 (road) - ESTIMATE
Adelaide River,Katherine,185.1,249.8,haversine x 1.35 (road) - ESTIMATE
Adelaide River,Peppimenarti,149.4,201.7,haversine x 1.35 (road) - ESTIMATE
Adelaide River,Wadeye,204.4,275.9,haversine x 1.35 (road) - ESTIMATE
Adelaide River,Gunbalanya,235.2,317.5,haversine x 1.35 (road) - ESTIMATE
Adelaide River,Maningrida,363.4,490.5,haversine x 1.35 (road) - ESTIMATE
Adelaide River,Galiwinku,502.6,502.6,haversine x 1.0 (air_or_barge) - ESTIMATE
Adelaide River,Numbulwar,513.5,693.2,haversine x 1.35 (road) - ESTIMATE
Adelaide River,Darwin (City),90.6,122.4,haversine x 1.35 (road) - ESTIMATE
Adelaide River,Darwin (Larrakeyah),92.0,124.1,haversine x 1.35 (road) - ESTIMATE
Adelaide River,Darwin (Stuart Park),92.6,125.0,haversine x 1.35 (road) - ESTIMATE
Adelaide River,Darwin (The Gardens),92.6,125.0,haversine x 1.35 (road) - ESTIMATE
Adelaide River,Darwin (Parap),94.3,127.3,haversine x 1.35 (road) - ESTIMATE
Adelaide River,Darwin (Fannie Bay),95.2,128.6,haversine x 1.35 (road) - ESTIMATE
Adelaide River,Darwin (Bayview),92.7,125.2,haversine x 1.35 (road) - ESTIMATE
Adelaide River,Darwin (Woolner),93.0,125.6,haversine x 1.35 (road) - ESTIMATE
Adelaide River,Darwin (Winnellie),93.4,126.0,haversine x 1.35 (road) - ESTIMATE
Adelaide River,Darwin (Coconut Grove),97.3,131.4,haversine x 1.35 (road) - ESTIMATE
Adelaide River,Darwin (Rapid Creek),98.9,133.5,haversine x 1.35 (road) - ESTIMATE
Adelaide River,Darwin (Millner),97.8,132.0,haversine x 1.35 (road) - ESTIMATE
Adelaide River,Darwin (Jingili),97.7,131.9,haversine x 1.35 (road) - ESTIMATE
Adelaide River,Darwin (Moil),97.6,131.8,haversine x 1.35 (road) - ESTIMATE
Adelaide River,Darwin (Alawa),98.7,133.2,haversine x 1.35 (road) - ESTIMATE
Adelaide River,Darwin (Brinkin),99.7,134.7,haversine x 1.35 (road) - ESTIMATE
Adelaide River,Darwin (Nakara),99.6,134.4,haversine x 1.35 (road) - ESTIMATE
Adelaide River,Darwin (Tiwi),100.8,136.1,haversine x 1.35 (road) - ESTIMATE
Adelaide River,Darwin (Casuarina),99.1,133.8,haversine x 1.35 (road) - ESTIMATE
Adelaide River,Darwin (Wagaman),98.2,132.6,haversine x 1.35 (road) - ESTIMATE
Adelaide River,Darwin (Wanguri),99.2,133.9,haversine x 1.35 (road) - ESTIMATE
Adelaide River,Darwin (Wulagi),97.6,131.8,haversine x 1.35 (road) - ESTIMATE
Adelaide River,Darwin (Anula),96.8,130.6,haversine x 1.35 (road) - ESTIMATE
Adelaide River,Darwin (Marrara),96.1,129.7,haversine x 1.35 (road) - ESTIMATE
Adelaide River,Darwin (Leanyer),99.7,134.6,haversine x 1.35 (road) - ESTIMATE
Adelaide River,Darwin (Lyons),100.8,136.1,haversine x 1.35 (road) - ESTIMATE
Adelaide River,Darwin (Muirhead),100.5,135.7,haversine x 1.35 (road) - ESTIMATE
Adelaide River,Darwin (Berrimah),91.4,123.3,haversine x 1.35 (road) - ESTIMATE
Adelaide River,Darwin (Knuckey Lagoon),90.9,122.7,haversine x 1.35 (road) - ESTIMATE
Adelaide River,Palmerston (Gray),83.9,113.3,haversine x 1.35 (road) - ESTIMATE
Adelaide River,Palmerston (Driver),84.8,114.5,haversine x 1.35 (road) - ESTIMATE
Adelaide River,Palmerston (Moulden),82.8,111.8,haversine x 1.35 (road) - ESTIMATE
Adelaide River,Palmerston (Woodroffe),83.7,113.1,haversine x 1.35 (road) - ESTIMATE
Adelaide River,Palmerston (Gunn),84.2,113.6,haversine x 1.35 (road) - ESTIMATE
Adelaide River,Palmerston (Rosebery),82.0,110.7,haversine x 1.35 (road) - ESTIMATE
Adelaide River,Palmerston (Bakewell),83.1,112.2,haversine x 1.35 (road) - ESTIMATE
Adelaide River,Palmerston (Durack),86.3,116.5,haversine x 1.35 (road) - ESTIMATE
Adelaide River,Palmerston (Farrar),85.6,115.5,haversine x 1.35 (road) - ESTIMATE
Adelaide River,Palmerston (Johnston),83.8,113.1,haversine x 1.35 (road) - ESTIMATE
Adelaide River,Palmerston (Zuccoli),81.9,110.6,haversine x 1.35 (road) - ESTIMATE
Adelaide River,Palmerston (Bellamack),81.3,109.8,haversine x 1.35 (road) - ESTIMATE
Adelaide River,Howard Springs,82.6,111.6,haversine x 1.35 (road) - ESTIMATE
Adelaide River,Coolalinga,79.8,107.7,haversine x 1.35 (road) - ESTIMATE
Adelaide River,Virginia,79.6,107.4,haversine x 1.35 (road) - ESTIMATE
Adelaide River,Girraween,78.7,106.3,haversine x 1.35 (road) - ESTIMATE
Adelaide River,Berry Springs,60.5,81.6,haversine x 1.35 (road) - ESTIMATE
Belyuen,Darwin (Ludmilla),23.1,31.2,haversine x 1.35 (road) - ESTIMATE
Belyuen,Darwin (Nightcliff),25.7,34.7,haversine x 1.35 (road) - ESTIMATE
Belyuen,Darwin (Malak),29.4,39.7,haversine x 1.35 (road) - ESTIMATE
Belyuen,Darwin (Karama),29.9,40.3,haversine x 1.35 (road) - ESTIMATE
Belyuen,Palmerston,33.7,45.5,haversine x 1.35 (road) - ESTIMATE
Belyuen,Humpty Doo,45.7,61.7,haversine x 1.35 (road) - ESTIMATE
Belyuen,Batchelor,68.1,91.9,haversine x 1.35 (road) - ESTIMATE
Belyuen,Adelaide River,90.3,121.9,haversine x 1.35 (road) - ESTIMATE
Belyuen,Belyuen,0.0,0.0,haversine x 1.35 (road) - ESTIMATE
Belyuen,Wurrumiyanga,86.9,86.9,haversine x 1.0 (air_or_barge) - ESTIMATE
Belyuen,Pine Creek,189.6,255.9,haversine x 1.35 (road) - ESTIMATE
Belyuen,Katherine,274.1,370.1,haversine x 1.35 (road) - ESTIMATE
Belyuen,Peppimenarti,190.1,256.6,haversine x 1.35 (road) - ESTIMATE
Belyuen,Wadeye,226.9,306.3,haversine x 1.35 (road) - ESTIMATE
Belyuen,Gunbalanya,259.6,350.5,haversine x 1.35 (road) - ESTIMATE
Belyuen,Maningrida,389.4,525.6,haversine x 1.35 (road) - ESTIMATE
Belyuen,Galiwinku,534.3,534.3,haversine x 1.0 (air_or_barge) - ESTIMATE
Belyuen,Numbulwar,580.1,783.1,haversine x 1.35 (road) - ESTIMATE
Belyuen,Darwin (City),19.9,26.9,haversine x 1.35 (road) - ESTIMATE
Belyuen,Darwin (Larrakeyah),19.1,25.8,haversine x 1.35 (road) - ESTIMATE
Belyuen,Darwin (Stuart Park),20.6,27.7,haversine x 1.35 (road) - ESTIMATE
Belyuen,Darwin (The Gardens),19.8,26.7,haversine x 1.35 (road) - ESTIMATE
Belyuen,Darwin (Parap),21.4,28.9,haversine x 1.35 (road) - ESTIMATE
Belyuen,Darwin (Fannie Bay),21.4,28.8,haversine x 1.35 (road) - ESTIMATE
Belyuen,Darwin (Bayview),22.0,29.6,haversine x 1.35 (road) - ESTIMATE
Belyuen,Darwin (Woolner),21.4,28.8,haversine x 1.35 (road) - ESTIMATE
Belyuen,Darwin (Winnellie),25.8,34.8,haversine x 1.35 (road) - ESTIMATE
Belyuen,Darwin (Coconut Grove),24.5,33.1,haversine x 1.35 (road) - ESTIMATE
Belyuen,Darwin (Rapid Creek),26.5,35.8,haversine x 1.35 (road) - ESTIMATE
Belyuen,Darwin (Millner),25.9,34.9,haversine x 1.35 (road) - ESTIMATE
Belyuen,Darwin (Jingili),26.9,36.4,haversine x 1.35 (road) - ESTIMATE
Belyuen,Darwin (Moil),27.6,37.3,haversine x 1.35 (road) - ESTIMATE
Belyuen,Darwin (Alawa),27.6,37.2,haversine x 1.35 (road) - ESTIMATE
Belyuen,Darwin (Brinkin),27.9,37.7,haversine x 1.35 (road) - ESTIMATE
Belyuen,Darwin (Nakara),28.4,38.3,haversine x 1.35 (road) - ESTIMATE
Belyuen,Darwin (Tiwi),29.4,39.8,haversine x 1.35 (road) - ESTIMATE
Belyuen,Darwin (Casuarina),28.7,38.7,haversine x 1.35 (road) - ESTIMATE
Belyuen,Darwin (Wagaman),28.5,38.5,haversine x 1.35 (road) - ESTIMATE
Belyuen,Darwin (Wanguri),29.2,39.5,haversine x 1.35 (road) - ESTIMATE
Belyuen,Darwin (Wulagi),29.3,39.5,haversine x 1.35 (road) - ESTIMATE
Belyuen,Darwin (Anula),28.3,38.2,haversine x 1.35 (road) - ESTIMATE
Belyuen,Darwin (Marrara),27.9,37.7,haversine x 1.35 (road) - ESTIMATE
Belyuen,Darwin (Leanyer),30.5,41.1,haversine x 1.35 (road) - ESTIMATE
Belyuen,Darwin (Lyons),30.3,40.9,haversine x 1.35 (road) - ESTIMATE
Belyuen,Darwin (Muirhead),31.1,42.0,haversine x 1.35 (road) - ESTIMATE
Belyuen,Darwin (Berrimah),28.8,38.9,haversine x 1.35 (road) - ESTIMATE
Belyuen,Darwin (Knuckey Lagoon),31.4,42.3,haversine x 1.35 (road) - ESTIMATE
Belyuen,Palmerston (Gray),33.3,45.0,haversine x 1.35 (road) - ESTIMATE
Belyuen,Palmerston (Driver),32.6,44.0,haversine x 1.35 (road) - ESTIMATE
Belyuen,Palmerston (Moulden),32.4,43.7,haversine x 1.35 (road) - ESTIMATE
Belyuen,Palmerston (Woodroffe),34.4,46.4,haversine x 1.35 (road) - ESTIMATE
Belyuen,Palmerston (Gunn),35.3,47.7,haversine x 1.35 (road) - ESTIMATE
Belyuen,Palmerston (Rosebery),33.8,45.7,haversine x 1.35 (road) - ESTIMATE
Belyuen,Palmerston (Bakewell),34.9,47.2,haversine x 1.35 (road) - ESTIMATE
Belyuen,Palmerston (Durack),32.7,44.1,haversine x 1.35 (road) - ESTIMATE
Belyuen,Palmerston (Farrar),35.0,47.3,haversine x 1.35 (road) - ESTIMATE
Belyuen,Palmerston (Johnston),36.5,49.2,haversine x 1.35 (road) - ESTIMATE
Belyuen,Palmerston (Zuccoli),35.5,47.9,haversine x 1.35 (road) - ESTIMATE
Belyuen,Palmerston (Bellamack),32.7,44.1,haversine x 1.35 (road) - ESTIMATE
Belyuen,Howard Springs,40.2,54.3,haversine x 1.35 (road) - ESTIMATE
Belyuen,Coolalinga,39.7,53.5,haversine x 1.35 (road) - ESTIMATE
Belyuen,Virginia,37.4,50.4,haversine x 1.35 (road) - ESTIMATE
Belyuen,Girraween,44.5,60.1,haversine x 1.35 (road) - ESTIMATE
Belyuen,Berry Springs,38.8,52.4,haversine x 1.35 (road) - ESTIMATE
Wurrumiyanga,Darwin (Ludmilla),77.0,77.0,haversine x 1.0 (air_or_barge) - ESTIMATE
Wurrumiyanga,Darwin (Nightcliff),73.3,73.3,haversine x 1.0 (air_or_barge) - ESTIMATE
Wurrumiyanga,Darwin (Malak),76.5,76.5,haversine x 1.0 (air_or_barge) - ESTIMATE
Wurrumiyanga,Darwin (Karama),77.6,77.6,haversine x 1.0 (air_or_barge) - ESTIMATE
Wurrumiyanga,Palmerston,88.8,88.8,haversine x 1.0 (air_or_barge) - ESTIMATE
Wurrumiyanga,Humpty Doo,103.5,103.5,haversine x 1.0 (air_or_barge) - ESTIMATE
Wurrumiyanga,Batchelor,149.7,149.7,haversine x 1.0 (air_or_barge) - ESTIMATE
Wurrumiyanga,Adelaide River,172.3,172.3,haversine x 1.0 (air_or_barge) - ESTIMATE
Wurrumiyanga,Belyuen,86.9,86.9,haversine x 1.0 (air_or_barge) - ESTIMATE
Wurrumiyanga,Wurrumiyanga,0.0,0.0,haversine x 1.0 (air_or_barge) - ESTIMATE
Wurrumiyanga,Pine Creek,263.9,263.9,haversine x 1.0 (air_or_barge) - ESTIMATE
Wurrumiyanga,Katherine,349.0,349.0,haversine x 1.0 (air_or_barge) - ESTIMATE
Wurrumiyanga,Peppimenarti,272.1,272.1,haversine x 1.0 (air_or_barge) - ESTIMATE
Wurrumiyanga,Wadeye,300.8,300.8,haversine x 1.0 (air_or_barge) - ESTIMATE
Wurrumiyanga,Gunbalanya,271.5,271.5,haversine x 1.0 (air_or_barge) - ESTIMATE
Wurrumiyanga,Maningrida,393.1,393.1,haversine x 1.0 (air_or_barge) - ESTIMATE
Wurrumiyanga,Galiwinku,538.3,538.3,haversine x 1.0 (air_or_barge) - ESTIMATE
Wurrumiyanga,Numbulwar,619.9,619.9,haversine x 1.0 (air_or_barge) - ESTIMATE
Wurrumiyanga,Darwin (City),81.7,81.7,haversine x 1.0 (air_or_barge) - ESTIMATE
Wurrumiyanga,Darwin (Larrakeyah),80.4,80.4,haversine x 1.0 (air_or_barge) - ESTIMATE
Wurrumiyanga,Darwin (Stuart Park),79.7,79.7,haversine x 1.0 (air_or_barge) - ESTIMATE
Wurrumiyanga,Darwin (The Gardens),79.7,79.7,haversine x 1.0 (air_or_barge) - ESTIMATE
Wurrumiyanga,Darwin (Parap),78.0,78.0,haversine x 1.0 (air_or_barge) - ESTIMATE
Wurrumiyanga,Darwin (Fannie Bay),77.0,77.0,haversine x 1.0 (air_or_barge) - ESTIMATE
Wurrumiyanga,Darwin (Bayview),79.6,79.6,haversine x 1.0 (air_or_barge) - ESTIMATE
Wurrumiyanga,Darwin (Woolner),79.2,79.2,haversine x 1.0 (air_or_barge) - ESTIMATE
Wurrumiyanga,Darwin (Winnellie),79.2,79.2,haversine x 1.0 (air_or_barge) - ESTIMATE
Wurrumiyanga,Darwin (Coconut Grove),75.0,75.0,haversine x 1.0 (air_or_barge) - ESTIMATE
Wurrumiyanga,Darwin (Rapid Creek),73.5,73.5,haversine x 1.0 (air_or_barge) - ESTIMATE
Wurrumiyanga,Darwin (Millner),74.6,74.6,haversine x 1.0 (air_or_barge) - ESTIMATE
Wurrumiyanga,Darwin (Jingili),74.8,74.8,haversine x 1.0 (air_or_barge) - ESTIMATE
Wurrumiyanga,Darwin (Moil),75.0,75.0,haversine x 1.0 (air_or_barge) - ESTIMATE
Wurrumiyanga,Darwin (Alawa),73.9,73.9,haversine x 1.0 (air_or_barge) - ESTIMATE
Wurrumiyanga,Darwin (Brinkin),72.8,72.8,haversine x 1.0 (air_or_barge) - ESTIMATE
Wurrumiyanga,Darwin (Nakara),73.0,73.0,haversine x 1.0 (air_or_barge) - ESTIMATE
Wurrumiyanga,Darwin (Tiwi),71.9,71.9,haversine x 1.0 (air_or_barge) - ESTIMATE
Wurrumiyanga,Darwin (Casuarina),73.6,73.6,haversine x 1.0 (air_or_barge) - ESTIMATE
Wurrumiyanga,Darwin (Wagaman),74.5,74.5,haversine x 1.0 (air_or_barge) - ESTIMATE
Wurrumiyanga,Darwin (Wanguri),73.6,73.6,haversine x 1.0 (air_or_barge) - ESTIMATE
Wurrumiyanga,Darwin (Wulagi),75.2,75.2,haversine x 1.0 (air_or_barge) - ESTIMATE
Wurrumiyanga,Darwin (Anula),76.0,76.0,haversine x 1.0 (air_or_barge) - ESTIMATE
Wurrumiyanga,Darwin (Marrara),76.6,76.6,haversine x 1.0 (air_or_barge) - ESTIMATE
Wurrumiyanga,Darwin (Leanyer),73.2,73.2,haversine x 1.0 (air_or_barge) - ESTIMATE
Wurrumiyanga,Darwin (Lyons),72.0,72.0,haversine x 1.0 (air_or_barge) - ESTIMATE
Wurrumiyanga,Darwin (Muirhead),72.5,72.5,haversine x 1.0 (air_or_barge) - ESTIMATE
Wurrumiyanga,Darwin (Berrimah),81.6,81.6,haversine x 1.0 (air_or_barge) - ESTIMATE
Wurrumiyanga,Darwin (Knuckey Lagoon),82.6,82.6,haversine x 1.0 (air_or_barge) - ESTIMATE
Wurrumiyanga,Palmerston (Gray),90.1,90.1,haversine x 1.0 (air_or_barge) - ESTIMATE
Wurrumiyanga,Palmerston (Driver),89.0,89.0,haversine x 1.0 (air_or_barge) - ESTIMATE
Wurrumiyanga,Palmerston (Moulden),90.9,90.9,haversine x 1.0 (air_or_barge) - ESTIMATE
Wurrumiyanga,Palmerston (Woodroffe),90.6,90.6,haversine x 1.0 (air_or_barge) - ESTIMATE
Wurrumiyanga,Palmerston (Gunn),90.4,90.4,haversine x 1.0 (air_or_barge) - ESTIMATE
Wurrumiyanga,Palmerston (Rosebery),92.0,92.0,haversine x 1.0 (air_or_barge) - ESTIMATE
Wurrumiyanga,Palmerston (Bakewell),91.3,91.3,haversine x 1.0 (air_or_barge) - ESTIMATE
Wurrumiyanga,Palmerston (Durack),87.6,87.6,haversine x 1.0 (air_or_barge) - ESTIMATE
Wurrumiyanga,Palmerston (Farrar),89.0,89.0,haversine x 1.0 (air_or_barge) - ESTIMATE
Wurrumiyanga,Palmerston (Johnston),91.2,91.2,haversine x 1.0 (air_or_barge) - ESTIMATE
Wurrumiyanga,Palmerston (Zuccoli),92.6,92.6,haversine x 1.0 (air_or_barge) - ESTIMATE
Wurrumiyanga,Palmerston (Bellamack),92.4,92.4,haversine x 1.0 (air_or_barge) - ESTIMATE
Wurrumiyanga,Howard Springs,93.7,93.7,haversine x 1.0 (air_or_barge) - ESTIMATE
Wurrumiyanga,Coolalinga,96.1,96.1,haversine x 1.0 (air_or_barge) - ESTIMATE
Wurrumiyanga,Virginia,95.4,95.4,haversine x 1.0 (air_or_barge) - ESTIMATE
Wurrumiyanga,Girraween,99.2,99.2,haversine x 1.0 (air_or_barge) - ESTIMATE
Wurrumiyanga,Berry Springs,112.3,112.3,haversine x 1.0 (air_or_barge) - ESTIMATE
Pine Creek,Darwin (Ludmilla),188.9,255.0,haversine x 1.35 (road) - ESTIMATE
Pine Creek,Darwin (Nightcliff),192.2,259.5,haversine x 1.35 (road) - ESTIMATE
Pine Creek,Darwin (Malak),188.1,253.9,haversine x 1.35 (road) - ESTIMATE
Pine Creek,Darwin (Karama),186.9,252.3,haversine x 1.35 (road) - ESTIMATE
Pine Creek,Palmerston,175.4,236.7,haversine x 1.35 (road) - ESTIMATE
Pine Creek,Humpty Doo,160.3,216.5,haversine x 1.35 (road) - ESTIMATE
Pine Creek,Batchelor,122.3,165.2,haversine x 1.35 (road) - ESTIMATE
Pine Creek,Adelaide River,102.0,137.7,haversine x 1.35 (road) - ESTIMATE
Pine Creek,Belyuen,189.6,255.9,haversine x 1.35 (road) - ESTIMATE
Pine Creek,Wurrumiyanga,263.9,263.9,haversine x 1.0 (air_or_barge) - ESTIMATE
Pine Creek,Pine Creek,0.0,0.0,haversine x 1.35 (road) - ESTIMATE
Pine Creek,Katherine,85.2,115.0,haversine x 1.35 (road) - ESTIMATE
Pine Creek,Peppimenarti,191.5,258.6,haversine x 1.35 (road) - ESTIMATE
Pine Creek,Wadeye,253.8,342.6,haversine x 1.35 (road) - ESTIMATE
Pine Creek,Gunbalanya,213.5,288.3,haversine x 1.35 (road) - ESTIMATE
Pine Creek,Maningrida,325.4,439.3,haversine x 1.35 (road) - ESTIMATE
Pine Creek,Galiwinku,451.4,451.4,haversine x 1.0 (air_or_barge) - ESTIMATE
Pine Creek,Numbulwar,424.4,572.9,haversine x 1.35 (road) - ESTIMATE
Pine Creek,Darwin (City),185.2,250.0,haversine x 1.35 (road) - ESTIMATE
Pine Creek,Darwin (Larrakeyah),186.7,252.1,haversine x 1.35 (road) - ESTIMATE
Pine Creek,Darwin (Stuart Park),186.9,252.3,haversine x 1.35 (road) - ESTIMATE
Pine Creek,Darwin (The Gardens),187.2,252.7,haversine x 1.35 (road) - ESTIMATE
Pine Creek,Darwin (Parap),188.4,254.4,haversine x 1.35 (road) - ESTIMATE
Pine Creek,Darwin (Fannie Bay),189.4,255.8,haversine x 1.35 (road) - ESTIMATE
Pine Creek,Darwin (Bayview),186.6,251.9,haversine x 1.35 (road) - ESTIMATE
Pine Creek,Darwin (Woolner),187.2,252.7,haversine x 1.35 (road) - ESTIMATE
Pine Creek,Darwin (Winnellie),186.1,251.2,haversine x 1.35 (road) - ESTIMATE
Pine Creek,Darwin (Coconut Grove),190.7,257.5,haversine x 1.35 (road) - ESTIMATE
Pine Creek,Darwin (Rapid Creek),191.7,258.9,haversine x 1.35 (road) - ESTIMATE
Pine Creek,Darwin (Millner),190.8,257.5,haversine x 1.35 (road) - ESTIMATE
Pine Creek,Darwin (Jingili),190.3,256.9,haversine x 1.35 (road) - ESTIMATE
Pine Creek,Darwin (Moil),190.0,256.5,haversine x 1.35 (road) - ESTIMATE
Pine Creek,Darwin (Alawa),191.1,258.0,haversine x 1.35 (road) - ESTIMATE
Pine Creek,Darwin (Brinkin),192.2,259.5,haversine x 1.35 (road) - ESTIMATE
Pine Creek,Darwin (Nakara),191.9,259.0,haversine x 1.35 (road) - ESTIMATE
Pine Creek,Darwin (Tiwi),192.9,260.4,haversine x 1.35 (road) - ESTIMATE
Pine Creek,Darwin (Casuarina),191.2,258.2,haversine x 1.35 (road) - ESTIMATE
Pine Creek,Darwin (Wagaman),190.3,257.0,haversine x 1.35 (road) - ESTIMATE
Pine Creek,Darwin (Wanguri),191.1,258.0,haversine x 1.35 (road) - ESTIMATE
Pine Creek,Darwin (Wulagi),189.4,255.7,haversine x 1.35 (road) - ESTIMATE
Pine Creek,Darwin (Anula),188.8,254.9,haversine x 1.35 (road) - ESTIMATE
Pine Creek,Darwin (Marrara),188.2,254.1,haversine x 1.35 (road) - ESTIMATE
Pine Creek,Darwin (Leanyer),191.3,258.2,haversine x 1.35 (road) - ESTIMATE
Pine Creek,Darwin (Lyons),192.5,259.9,haversine x 1.35 (road) - ESTIMATE
Pine Creek,Darwin (Muirhead),192.0,259.1,haversine x 1.35 (road) - ESTIMATE
Pine Creek,Darwin (Berrimah),183.0,247.1,haversine x 1.35 (road) - ESTIMATE
Pine Creek,Darwin (Knuckey Lagoon),181.7,245.3,haversine x 1.35 (road) - ESTIMATE
Pine Creek,Palmerston (Gray),174.2,235.2,haversine x 1.35 (road) - ESTIMATE
Pine Creek,Palmerston (Driver),175.3,236.7,haversine x 1.35 (road) - ESTIMATE
Pine Creek,Palmerston (Moulden),173.6,234.3,haversine x 1.35 (road) - ESTIMATE
Pine Creek,Palmerston (Woodroffe),173.6,234.4,haversine x 1.35 (road) - ESTIMATE
Pine Creek,Palmerston (Gunn),173.6,234.4,haversine x 1.35 (road) - ESTIMATE
Pine Creek,Palmerston (Rosebery),172.3,232.6,haversine x 1.35 (road) - ESTIMATE
Pine Creek,Palmerston (Bakewell),172.8,233.3,haversine x 1.35 (road) - ESTIMATE
Pine Creek,Palmerston (Durack),176.6,238.5,haversine x 1.35 (road) - ESTIMATE
Pine Creek,Palmerston (Farrar),175.1,236.3,haversine x 1.35 (road) - ESTIMATE
Pine Creek,Palmerston (Johnston),172.8,233.3,haversine x 1.35 (road) - ESTIMATE
Pine Creek,Palmerston (Zuccoli),171.5,231.5,haversine x 1.35 (road) - ESTIMATE
Pine Creek,Palmerston (Bellamack),172.1,232.3,haversine x 1.35 (road) - ESTIMATE
Pine Creek,Howard Springs,170.2,229.8,haversine x 1.35 (road) - ESTIMATE
Pine Creek,Coolalinga,167.9,226.6,haversine x 1.35 (road) - ESTIMATE
Pine Creek,Virginia,168.6,227.7,haversine x 1.35 (road) - ESTIMATE
Pine Creek,Girraween,164.7,222.4,haversine x 1.35 (road) - ESTIMATE
Pine Creek,Berry Springs,153.9,207.7,haversine x 1.35 (road) - ESTIMATE
Katherine,Darwin (Ludmilla),274.1,370.0,haversine x 1.35 (road) - ESTIMATE
Katherine,Darwin (Nightcliff),277.4,374.4,haversine x 1.35 (road) - ESTIMATE
Katherine,Darwin (Malak),273.3,368.9,haversine x 1.35 (road) - ESTIMATE
Katherine,Darwin (Karama),272.0,367.3,haversine x 1.35 (road) - ESTIMATE
Katherine,Palmerston,260.5,351.7,haversine x 1.35 (road) - ESTIMATE
Katherine,Humpty Doo,245.4,331.3,haversine x 1.35 (road) - ESTIMATE
Katherine,Batchelor,206.4,278.6,haversine x 1.35 (road) - ESTIMATE
Katherine,Adelaide River,185.1,249.8,haversine x 1.35 (road) - ESTIMATE
Katherine,Belyuen,274.1,370.1,haversine x 1.35 (road) - ESTIMATE
Katherine,Wurrumiyanga,349.0,349.0,haversine x 1.0 (air_or_barge) - ESTIMATE
Katherine,Pine Creek,85.2,115.0,haversine x 1.35 (road) - ESTIMATE
Katherine,Katherine,0.0,0.0,haversine x 1.35 (road) - ESTIMATE
Katherine,Peppimenarti,236.8,319.7,haversine x 1.35 (road) - ESTIMATE
Katherine,Wadeye,296.7,400.5,haversine x 1.35 (road) - ESTIMATE
Katherine,Gunbalanya,253.6,342.3,haversine x 1.35 (road) - ESTIMATE
Katherine,Maningrida,341.7,461.3,haversine x 1.35 (road) - ESTIMATE
Katherine,Galiwinku,448.7,448.7,haversine x 1.0 (air_or_barge) - ESTIMATE
Katherine,Numbulwar,375.0,506.3,haversine x 1.35 (road) - ESTIMATE
Katherine,Darwin (City),270.3,364.9,haversine x 1.35 (road) - ESTIMATE
Katherine,Darwin (Larrakeyah),271.8,367.0,haversine x 1.35 (road) - ESTIMATE
Katherine,Darwin (Stuart Park),272.1,367.3,haversine x 1.35 (road) - ESTIMATE
Katherine,Darwin (The Gardens),272.3,367.6,haversine x 1.35 (road) - ESTIMATE
Katherine,Darwin (Parap),273.6,369.3,haversine x 1.35 (road) - ESTIMATE
Katherine,Darwin (Fannie Bay),274.6,370.7,haversine x 1.35 (road) - ESTIMATE
Katherine,Darwin (Bayview),271.8,366.9,haversine x 1.35 (road) - ESTIMATE
Katherine,Darwin (Woolner),272.3,367.6,haversine x 1.35 (road) - ESTIMATE
Katherine,Darwin (Winnellie),271.3,366.2,haversine x 1.35 (road) - ESTIMATE
Katherine,Darwin (Coconut Grove),275.9,372.4,haversine x 1.35 (road) - ESTIMATE
Katherine,Darwin (Rapid Creek),276.9,373.9,haversine x 1.35 (road) - ESTIMATE
Katherine,Darwin (Millner),275.9,372.5,haversine x 1.35 (road) - ESTIMATE
Katherine,Darwin (Jingili),275.5,371.9,haversine x 1.35 (road) - ESTIMATE
Katherine,Darwin (Moil),275.2,371.5,haversine x 1.35 (road) - ESTIMATE
Katherine,Darwin (Alawa),276.3,373.0,haversine x 1.35 (road) - ESTIMATE
Katherine,Darwin (Brinkin),277.4,374.5,haversine x 1.35 (road) - ESTIMATE
Katherine,Darwin (Nakara),277.0,374.0,haversine x 1.35 (road) - ESTIMATE
Katherine,Darwin (Tiwi),278.0,375.4,haversine x 1.35 (road) - ESTIMATE
Katherine,Darwin (Casuarina),276.4,373.1,haversine x 1.35 (road) - ESTIMATE
Katherine,Darwin (Wagaman),275.5,371.9,haversine x 1.35 (road) - ESTIMATE
Katherine,Darwin (Wanguri),276.3,373.0,haversine x 1.35 (road) - ESTIMATE
Katherine,Darwin (Wulagi),274.6,370.7,haversine x 1.35 (road) - ESTIMATE
Katherine,Darwin (Anula),274.0,369.9,haversine x 1.35 (road) - ESTIMATE
Katherine,Darwin (Marrara),273.4,369.1,haversine x 1.35 (road) - ESTIMATE
Katherine,Darwin (Leanyer),276.4,373.2,haversine x 1.35 (road) - ESTIMATE
Katherine,Darwin (Lyons),277.7,374.9,haversine x 1.35 (road) - ESTIMATE
Katherine,Darwin (Muirhead),277.1,374.1,haversine x 1.35 (road) - ESTIMATE
Katherine,Darwin (Berrimah),268.2,362.1,haversine x 1.35 (road) - ESTIMATE
Katherine,Darwin (Knuckey Lagoon),266.8,360.2,haversine x 1.35 (road) - ESTIMATE
Katherine,Palmerston (Gray),259.4,350.1,haversine x 1.35 (road) - ESTIMATE
Katherine,Palmerston (Driver),260.5,351.6,haversine x 1.35 (road) - ESTIMATE
Katherine,Palmerston (Moulden),258.7,349.3,haversine x 1.35 (road) - ESTIMATE
Katherine,Palmerston (Woodroffe),258.8,349.4,haversine x 1.35 (road) - ESTIMATE
Katherine,Palmerston (Gunn),258.8,349.4,haversine x 1.35 (road) - ESTIMATE
Katherine,Palmerston (Rosebery),257.4,347.6,haversine x 1.35 (road) - ESTIMATE
Katherine,Palmerston (Bakewell),258.0,348.3,haversine x 1.35 (road) - ESTIMATE
Katherine,Palmerston (Durack),261.8,353.5,haversine x 1.35 (road) - ESTIMATE
Katherine,Palmerston (Farrar),260.2,351.3,haversine x 1.35 (road) - ESTIMATE
Katherine,Palmerston (Johnston),258.0,348.3,haversine x 1.35 (road) - ESTIMATE
Katherine,Palmerston (Zuccoli),256.7,346.5,haversine x 1.35 (road) - ESTIMATE
Katherine,Palmerston (Bellamack),257.3,347.3,haversine x 1.35 (road) - ESTIMATE
Katherine,Howard Springs,255.3,344.6,haversine x 1.35 (road) - ESTIMATE
Katherine,Coolalinga,253.0,341.5,haversine x 1.35 (road) - ESTIMATE
Katherine,Virginia,253.8,342.6,haversine x 1.35 (road) - ESTIMATE
Katherine,Girraween,249.8,337.2,haversine x 1.35 (road) - ESTIMATE
Katherine,Berry Springs,239.0,322.6,haversine x 1.35 (road) - ESTIMATE
Peppimenarti,Darwin (Ludmilla),209.5,282.8,haversine x 1.35 (road) - ESTIMATE
Peppimenarti,Darwin (Nightcliff),213.2,287.9,haversine x 1.35 (road) - ESTIMATE
Peppimenarti,Darwin (Malak),214.4,289.4,haversine x 1.35 (road) - ESTIMATE
Peppimenarti,Darwin (Karama),214.1,289.0,haversine x 1.35 (road) - ESTIMATE
Peppimenarti,Palmerston,209.4,282.7,haversine x 1.35 (road) - ESTIMATE
Peppimenarti,Humpty Doo,206.9,279.3,haversine x 1.35 (road) - ESTIMATE
Peppimenarti,Batchelor,159.0,214.7,haversine x 1.35 (road) - ESTIMATE
Peppimenarti,Adelaide River,149.4,201.7,haversine x 1.35 (road) - ESTIMATE
Peppimenarti,Belyuen,190.1,256.6,haversine x 1.35 (road) - ESTIMATE
Peppimenarti,Wurrumiyanga,272.1,272.1,haversine x 1.0 (air_or_barge) - ESTIMATE
Peppimenarti,Pine Creek,191.5,258.6,haversine x 1.35 (road) - ESTIMATE
Peppimenarti,Katherine,236.8,319.7,haversine x 1.35 (road) - ESTIMATE
Peppimenarti,Peppimenarti,0.0,0.0,haversine x 1.35 (road) - ESTIMATE
Peppimenarti,Wadeye,62.3,84.0,haversine x 1.35 (road) - ESTIMATE
Peppimenarti,Gunbalanya,380.5,513.6,haversine x 1.35 (road) - ESTIMATE
Peppimenarti,Maningrida,505.0,681.7,haversine x 1.35 (road) - ESTIMATE
Peppimenarti,Galiwinku,638.6,638.6,haversine x 1.0 (air_or_barge) - ESTIMATE
Peppimenarti,Numbulwar,609.2,822.4,haversine x 1.35 (road) - ESTIMATE
Peppimenarti,Darwin (City),204.6,276.2,haversine x 1.35 (road) - ESTIMATE
Peppimenarti,Darwin (Larrakeyah),204.9,276.6,haversine x 1.35 (road) - ESTIMATE
Peppimenarti,Darwin (Stuart Park),206.3,278.4,haversine x 1.35 (road) - ESTIMATE
Peppimenarti,Darwin (The Gardens),205.8,277.8,haversine x 1.35 (road) - ESTIMATE
Peppimenarti,Darwin (Parap),207.8,280.6,haversine x 1.35 (road) - ESTIMATE
Peppimenarti,Darwin (Fannie Bay),208.3,281.2,haversine x 1.35 (road) - ESTIMATE
Peppimenarti,Darwin (Bayview),207.3,279.8,haversine x 1.35 (road) - ESTIMATE
Peppimenarti,Darwin (Woolner),207.1,279.6,haversine x 1.35 (road) - ESTIMATE
Peppimenarti,Darwin (Winnellie),210.2,283.8,haversine x 1.35 (road) - ESTIMATE
Peppimenarti,Darwin (Coconut Grove),211.6,285.6,haversine x 1.35 (road) - ESTIMATE
Peppimenarti,Darwin (Rapid Creek),213.7,288.5,haversine x 1.35 (road) - ESTIMATE
Peppimenarti,Darwin (Millner),212.7,287.2,haversine x 1.35 (road) - ESTIMATE
Peppimenarti,Darwin (Jingili),213.4,288.1,haversine x 1.35 (road) - ESTIMATE
Peppimenarti,Darwin (Moil),213.8,288.6,haversine x 1.35 (road) - ESTIMATE
Peppimenarti,Darwin (Alawa),214.3,289.3,haversine x 1.35 (road) - ESTIMATE
Peppimenarti,Darwin (Brinkin),215.1,290.4,haversine x 1.35 (road) - ESTIMATE
Peppimenarti,Darwin (Nakara),215.3,290.7,haversine x 1.35 (road) - ESTIMATE
Peppimenarti,Darwin (Tiwi),216.6,292.5,haversine x 1.35 (road) - ESTIMATE
Peppimenarti,Darwin (Casuarina),215.3,290.6,haversine x 1.35 (road) - ESTIMATE
Peppimenarti,Darwin (Wagaman),214.7,289.9,haversine x 1.35 (road) - ESTIMATE
Peppimenarti,Darwin (Wanguri),215.7,291.2,haversine x 1.35 (road) - ESTIMATE
Peppimenarti,Darwin (Wulagi),214.9,290.1,haversine x 1.35 (road) - ESTIMATE
Peppimenarti,Darwin (Anula),213.8,288.7,haversine x 1.35 (road) - ESTIMATE
Peppimenarti,Darwin (Marrara),213.2,287.8,haversine x 1.35 (road) - ESTIMATE
Peppimenarti,Darwin (Leanyer),216.8,292.7,haversine x 1.35 (road) - ESTIMATE
Peppimenarti,Darwin (Lyons),217.2,293.3,haversine x 1.35 (road) - ESTIMATE
Peppimenarti,Darwin (Muirhead),217.7,293.8,haversine x 1.35 (road) - ESTIMATE
Peppimenarti,Darwin (Berrimah),210.8,284.6,haversine x 1.35 (road) - ESTIMATE
Peppimenarti,Darwin (Knuckey Lagoon),212.1,286.3,haversine x 1.35 (road) - ESTIMATE
Peppimenarti,Palmerston (Gray),208.0,280.9,haversine x 1.35 (road) - ESTIMATE
Peppimenarti,Palmerston (Driver),208.3,281.3,haversine x 1.35 (road) - ESTIMATE
Peppimenarti,Palmerston (Moulden),206.6,278.9,haversine x 1.35 (road) - ESTIMATE
Peppimenarti,Palmerston (Woodroffe),208.6,281.5,haversine x 1.35 (road) - ESTIMATE
Peppimenarti,Palmerston (Gunn),209.4,282.8,haversine x 1.35 (road) - ESTIMATE
Peppimenarti,Palmerston (Rosebery),206.8,279.2,haversine x 1.35 (road) - ESTIMATE
Peppimenarti,Palmerston (Bakewell),208.4,281.3,haversine x 1.35 (road) - ESTIMATE
Peppimenarti,Palmerston (Durack),209.5,282.9,haversine x 1.35 (road) - ESTIMATE
Peppimenarti,Palmerston (Farrar),210.4,284.0,haversine x 1.35 (road) - ESTIMATE
Peppimenarti,Palmerston (Johnston),209.8,283.3,haversine x 1.35 (road) - ESTIMATE
Peppimenarti,Palmerston (Zuccoli),207.7,280.4,haversine x 1.35 (road) - ESTIMATE
Peppimenarti,Palmerston (Bellamack),205.5,277.5,haversine x 1.35 (road) - ESTIMATE
Peppimenarti,Howard Springs,211.0,284.9,haversine x 1.35 (road) - ESTIMATE
Peppimenarti,Coolalinga,208.3,281.3,haversine x 1.35 (road) - ESTIMATE
Peppimenarti,Virginia,206.8,279.2,haversine x 1.35 (road) - ESTIMATE
Peppimenarti,Girraween,210.1,283.7,haversine x 1.35 (road) - ESTIMATE
Peppimenarti,Berry Springs,188.1,254.0,haversine x 1.35 (road) - ESTIMATE
Wadeye,Darwin (Ludmilla),248.6,335.6,haversine x 1.35 (road) - ESTIMATE
Wadeye,Darwin (Nightcliff),252.0,340.2,haversine x 1.35 (road) - ESTIMATE
Wadeye,Darwin (Malak),254.2,343.2,haversine x 1.35 (road) - ESTIMATE
Wadeye,Darwin (Karama),254.2,343.2,haversine x 1.35 (road) - ESTIMATE
Wadeye,Palmerston,251.8,339.9,haversine x 1.35 (road) - ESTIMATE
Wadeye,Humpty Doo,252.4,340.7,haversine x 1.35 (road) - ESTIMATE
Wadeye,Batchelor,210.1,283.6,haversine x 1.35 (road) - ESTIMATE
Wadeye,Adelaide River,204.4,275.9,haversine x 1.35 (road) - ESTIMATE
Wadeye,Belyuen,226.9,306.3,haversine x 1.35 (road) - ESTIMATE
Wadeye,Wurrumiyanga,300.8,300.8,haversine x 1.0 (air_or_barge) - ESTIMATE
Wadeye,Pine Creek,253.8,342.6,haversine x 1.35 (road) - ESTIMATE
Wadeye,Katherine,296.7,400.5,haversine x 1.35 (road) - ESTIMATE
Wadeye,Peppimenarti,62.3,84.0,haversine x 1.35 (road) - ESTIMATE
Wadeye,Wadeye,0.0,0.0,haversine x 1.35 (road) - ESTIMATE
Wadeye,Gunbalanya,438.6,592.0,haversine x 1.35 (road) - ESTIMATE
Wadeye,Maningrida,564.6,762.3,haversine x 1.35 (road) - ESTIMATE
Wadeye,Galiwinku,699.6,699.6,haversine x 1.0 (air_or_barge) - ESTIMATE
Wadeye,Numbulwar,670.3,904.9,haversine x 1.35 (road) - ESTIMATE
Wadeye,Darwin (City),244.1,329.6,haversine x 1.35 (road) - ESTIMATE
Wadeye,Darwin (Larrakeyah),244.1,329.5,haversine x 1.35 (road) - ESTIMATE
Wadeye,Darwin (Stuart Park),245.5,331.5,haversine x 1.35 (road) - ESTIMATE
Wadeye,Darwin (The Gardens),244.9,330.6,haversine x 1.35 (road) - ESTIMATE
Wadeye,Darwin (Parap),246.9,333.3,haversine x 1.35 (road) - ESTIMATE
Wadeye,Darwin (Fannie Bay),247.2,333.7,haversine x 1.35 (road) - ESTIMATE
Wadeye,Darwin (Bayview),246.7,333.1,haversine x 1.35 (road) - ESTIMATE
Wadeye,Darwin (Woolner),246.4,332.6,haversine x 1.35 (road) - ESTIMATE
Wadeye,Darwin (Winnellie),250.1,337.7,haversine x 1.35 (road) - ESTIMATE
Wadeye,Darwin (Coconut Grove),250.5,338.2,haversine x 1.35 (road) - ESTIMATE
Wadeye,Darwin (Rapid Creek),252.6,341.0,haversine x 1.35 (road) - ESTIMATE
Wadeye,Darwin (Millner),251.8,339.9,haversine x 1.35 (road) - ESTIMATE
Wadeye,Darwin (Jingili),252.6,341.1,haversine x 1.35 (road) - ESTIMATE
Wadeye,Darwin (Moil),253.2,341.8,haversine x 1.35 (road) - ESTIMATE
Wadeye,Darwin (Alawa),253.5,342.2,haversine x 1.35 (road) - ESTIMATE
Wadeye,Darwin (Brinkin),254.0,342.9,haversine x 1.35 (road) - ESTIMATE
Wadeye,Darwin (Nakara),254.4,343.4,haversine x 1.35 (road) - ESTIMATE
Wadeye,Darwin (Tiwi),255.6,345.1,haversine x 1.35 (road) - ESTIMATE
Wadeye,Darwin (Casuarina),254.5,343.6,haversine x 1.35 (road) - ESTIMATE
Wadeye,Darwin (Wagaman),254.1,343.1,haversine x 1.35 (road) - ESTIMATE
Wadeye,Darwin (Wanguri),255.0,344.2,haversine x 1.35 (road) - ESTIMATE
Wadeye,Darwin (Wulagi),254.5,343.6,haversine x 1.35 (road) - ESTIMATE
Wadeye,Darwin (Anula),253.5,342.2,haversine x 1.35 (road) - ESTIMATE
Wadeye,Darwin (Marrara),252.9,341.5,haversine x 1.35 (road) - ESTIMATE
Wadeye,Darwin (Leanyer),256.2,345.9,haversine x 1.35 (road) - ESTIMATE
Wadeye,Darwin (Lyons),256.4,346.1,haversine x 1.35 (road) - ESTIMATE
Wadeye,Darwin (Muirhead),257.0,346.9,haversine x 1.35 (road) - ESTIMATE
Wadeye,Darwin (Berrimah),251.6,339.6,haversine x 1.35 (road) - ESTIMATE
Wadeye,Darwin (Knuckey Lagoon),253.3,341.9,haversine x 1.35 (road) - ESTIMATE
Wadeye,Palmerston (Gray),250.6,338.3,haversine x 1.35 (road) - ESTIMATE
Wadeye,Palmerston (Driver),250.6,338.3,haversine x 1.35 (road) - ESTIMATE
Wadeye,Palmerston (Moulden),249.1,336.3,haversine x 1.35 (road) - ESTIMATE
Wadeye,Palmerston (Woodroffe),251.3,339.2,haversine x 1.35 (road) - ESTIMATE
Wadeye,Palmerston (Gunn),252.2,340.5,haversine x 1.35 (road) - ESTIMATE
Wadeye,Palmerston (Rosebery),249.7,337.1,haversine x 1.35 (road) - ESTIMATE
Wadeye,Palmerston (Bakewell),251.2,339.2,haversine x 1.35 (road) - ESTIMATE
Wadeye,Palmerston (Durack),251.6,339.7,haversine x 1.35 (road) - ESTIMATE
Wadeye,Palmerston (Farrar),252.9,341.4,haversine x 1.35 (road) - ESTIMATE
Wadeye,Palmerston (Johnston),252.8,341.3,haversine x 1.35 (road) - ESTIMATE
Wadeye,Palmerston (Zuccoli),250.8,338.6,haversine x 1.35 (road) - ESTIMATE
Wadeye,Palmerston (Bellamack),248.3,335.2,haversine x 1.35 (road) - ESTIMATE
Wadeye,Howard Springs,254.7,343.9,haversine x 1.35 (road) - ESTIMATE
Wadeye,Coolalinga,252.3,340.6,haversine x 1.35 (road) - ESTIMATE
Wadeye,Virginia,250.5,338.2,haversine x 1.35 (road) - ESTIMATE
Wadeye,Girraween,254.9,344.2,haversine x 1.35 (road) - ESTIMATE
Wadeye,Berry Springs,233.6,315.4,haversine x 1.35 (road) - ESTIMATE
Gunbalanya,Darwin (Ludmilla),240.1,324.1,haversine x 1.35 (road) - ESTIMATE
Gunbalanya,Darwin (Nightcliff),239.8,323.8,haversine x 1.35 (road) - ESTIMATE
Gunbalanya,Darwin (Malak),234.2,316.2,haversine x 1.35 (road) - ESTIMATE
Gunbalanya,Darwin (Karama),233.2,314.8,haversine x 1.35 (road) - ESTIMATE
Gunbalanya,Palmerston,226.2,305.3,haversine x 1.35 (road) - ESTIMATE
Gunbalanya,Humpty Doo,214.6,289.7,haversine x 1.35 (road) - ESTIMATE
Gunbalanya,Batchelor,234.8,316.9,haversine x 1.35 (road) - ESTIMATE
Gunbalanya,Adelaide River,235.2,317.5,haversine x 1.35 (road) - ESTIMATE
Gunbalanya,Belyuen,259.6,350.5,haversine x 1.35 (road) - ESTIMATE
Gunbalanya,Wurrumiyanga,271.5,271.5,haversine x 1.0 (air_or_barge) - ESTIMATE
Gunbalanya,Pine Creek,213.5,288.3,haversine x 1.35 (road) - ESTIMATE
Gunbalanya,Katherine,253.6,342.3,haversine x 1.35 (road) - ESTIMATE
Gunbalanya,Peppimenarti,380.5,513.6,haversine x 1.35 (road) - ESTIMATE
Gunbalanya,Wadeye,438.6,592.0,haversine x 1.35 (road) - ESTIMATE
Gunbalanya,Gunbalanya,0.0,0.0,haversine x 1.35 (road) - ESTIMATE
Gunbalanya,Maningrida,130.4,176.1,haversine x 1.35 (road) - ESTIMATE
Gunbalanya,Galiwinku,274.7,274.7,haversine x 1.0 (air_or_barge) - ESTIMATE
Gunbalanya,Numbulwar,362.1,488.8,haversine x 1.35 (road) - ESTIMATE
Gunbalanya,Darwin (City),241.0,325.4,haversine x 1.35 (road) - ESTIMATE
Gunbalanya,Darwin (Larrakeyah),242.3,327.1,haversine x 1.35 (road) - ESTIMATE
Gunbalanya,Darwin (Stuart Park),241.2,325.6,haversine x 1.35 (road) - ESTIMATE
Gunbalanya,Darwin (The Gardens),242.0,326.6,haversine x 1.35 (road) - ESTIMATE
Gunbalanya,Darwin (Parap),241.2,325.6,haversine x 1.35 (road) - ESTIMATE
Gunbalanya,Darwin (Fannie Bay),241.8,326.5,haversine x 1.35 (road) - ESTIMATE
Gunbalanya,Darwin (Bayview),239.9,323.8,haversine x 1.35 (road) - ESTIMATE
Gunbalanya,Darwin (Woolner),240.6,324.8,haversine x 1.35 (road) - ESTIMATE
Gunbalanya,Darwin (Winnellie),236.3,319.0,haversine x 1.35 (road) - ESTIMATE
Gunbalanya,Darwin (Coconut Grove),239.9,323.8,haversine x 1.35 (road) - ESTIMATE
Gunbalanya,Darwin (Rapid Creek),238.8,322.4,haversine x 1.35 (road) - ESTIMATE
Gunbalanya,Darwin (Millner),238.8,322.3,haversine x 1.35 (road) - ESTIMATE
Gunbalanya,Darwin (Jingili),237.6,320.7,haversine x 1.35 (road) - ESTIMATE
Gunbalanya,Darwin (Moil),236.8,319.7,haversine x 1.35 (road) - ESTIMATE
Gunbalanya,Darwin (Alawa),237.5,320.7,haversine x 1.35 (road) - ESTIMATE
Gunbalanya,Darwin (Brinkin),238.0,321.2,haversine x 1.35 (road) - ESTIMATE
Gunbalanya,Darwin (Nakara),237.3,320.4,haversine x 1.35 (road) - ESTIMATE
Gunbalanya,Darwin (Tiwi),237.1,320.0,haversine x 1.35 (road) - ESTIMATE
Gunbalanya,Darwin (Casuarina),236.7,319.5,haversine x 1.35 (road) - ESTIMATE
Gunbalanya,Darwin (Wagaman),236.2,318.9,haversine x 1.35 (road) - ESTIMATE
Gunbalanya,Darwin (Wanguri),236.1,318.7,haversine x 1.35 (road) - ESTIMATE
Gunbalanya,Darwin (Wulagi),235.1,317.3,haversine x 1.35 (road) - ESTIMATE
Gunbalanya,Darwin (Anula),235.5,317.9,haversine x 1.35 (road) - ESTIMATE
Gunbalanya,Darwin (Marrara),235.5,318.0,haversine x 1.35 (road) - ESTIMATE
Gunbalanya,Darwin (Leanyer),235.1,317.4,haversine x 1.35 (road) - ESTIMATE
Gunbalanya,Darwin (Lyons),236.1,318.7,haversine x 1.35 (road) - ESTIMATE
Gunbalanya,Darwin (Muirhead),235.0,317.2,haversine x 1.35 (road) - ESTIMATE
Gunbalanya,Darwin (Berrimah),232.5,313.8,haversine x 1.35 (road) - ESTIMATE
Gunbalanya,Darwin (Knuckey Lagoon),229.7,310.1,haversine x 1.35 (road) - ESTIMATE
Gunbalanya,Palmerston (Gray),226.4,305.6,haversine x 1.35 (road) - ESTIMATE
Gunbalanya,Palmerston (Driver),227.2,306.7,haversine x 1.35 (road) - ESTIMATE
Gunbalanya,Palmerston (Moulden),227.2,306.8,haversine x 1.35 (road) - ESTIMATE
Gunbalanya,Palmerston (Woodroffe),225.3,304.1,haversine x 1.35 (road) - ESTIMATE
Gunbalanya,Palmerston (Gunn),224.4,302.9,haversine x 1.35 (road) - ESTIMATE
Gunbalanya,Palmerston (Rosebery),225.8,304.8,haversine x 1.35 (road) - ESTIMATE
Gunbalanya,Palmerston (Bakewell),224.7,303.3,haversine x 1.35 (road) - ESTIMATE
Gunbalanya,Palmerston (Durack),227.3,306.8,haversine x 1.35 (road) - ESTIMATE
Gunbalanya,Palmerston (Farrar),224.8,303.5,haversine x 1.35 (road) - ESTIMATE
Gunbalanya,Palmerston (Johnston),223.2,301.3,haversine x 1.35 (road) - ESTIMATE
Gunbalanya,Palmerston (Zuccoli),224.1,302.6,haversine x 1.35 (road) - ESTIMATE
Gunbalanya,Palmerston (Bellamack),226.9,306.4,haversine x 1.35 (road) - ESTIMATE
Gunbalanya,Howard Springs,219.4,296.2,haversine x 1.35 (road) - ESTIMATE
Gunbalanya,Coolalinga,220.0,297.0,haversine x 1.35 (road) - ESTIMATE
Gunbalanya,Virginia,222.3,300.1,haversine x 1.35 (road) - ESTIMATE
Gunbalanya,Girraween,215.2,290.5,haversine x 1.35 (road) - ESTIMATE
Gunbalanya,Berry Springs,228.2,308.1,haversine x 1.35 (road) - ESTIMATE
Maningrida,Darwin (Ludmilla),369.2,498.5,haversine x 1.35 (road) - ESTIMATE
Maningrida,Darwin (Nightcliff),368.7,497.8,haversine x 1.35 (road) - ESTIMATE
Maningrida,Darwin (Malak),363.2,490.4,haversine x 1.35 (road) - ESTIMATE
Maningrida,Darwin (Karama),362.2,489.0,haversine x 1.35 (road) - ESTIMATE
Maningrida,Palmerston,355.8,480.3,haversine x 1.35 (road) - ESTIMATE
Maningrida,Humpty Doo,344.7,465.4,haversine x 1.35 (road) - ESTIMATE
Maningrida,Batchelor,364.4,491.9,haversine x 1.35 (road) - ESTIMATE
Maningrida,Adelaide River,363.4,490.5,haversine x 1.35 (road) - ESTIMATE
Maningrida,Belyuen,389.4,525.6,haversine x 1.35 (road) - ESTIMATE
Maningrida,Wurrumiyanga,393.1,393.1,haversine x 1.0 (air_or_barge) - ESTIMATE
Maningrida,Pine Creek,325.4,439.3,haversine x 1.35 (road) - ESTIMATE
Maningrida,Katherine,341.7,461.3,haversine x 1.35 (road) - ESTIMATE
Maningrida,Peppimenarti,505.0,681.7,haversine x 1.35 (road) - ESTIMATE
Maningrida,Wadeye,564.6,762.3,haversine x 1.35 (road) - ESTIMATE
Maningrida,Gunbalanya,130.4,176.1,haversine x 1.35 (road) - ESTIMATE
Maningrida,Maningrida,0.0,0.0,haversine x 1.35 (road) - ESTIMATE
Maningrida,Galiwinku,145.8,145.8,haversine x 1.0 (air_or_barge) - ESTIMATE
Maningrida,Numbulwar,295.2,398.5,haversine x 1.35 (road) - ESTIMATE
Maningrida,Darwin (City),370.5,500.1,haversine x 1.35 (road) - ESTIMATE
Maningrida,Darwin (Larrakeyah),371.7,501.8,haversine x 1.35 (road) - ESTIMATE
Maningrida,Darwin (Stuart Park),370.5,500.2,haversine x 1.35 (road) - ESTIMATE
Maningrida,Darwin (The Gardens),371.3,501.3,haversine x 1.35 (road) - ESTIMATE
Maningrida,Darwin (Parap),370.4,500.1,haversine x 1.35 (road) - ESTIMATE
Maningrida,Darwin (Fannie Bay),371.0,500.9,haversine x 1.35 (road) - ESTIMATE
Maningrida,Darwin (Bayview),369.2,498.4,haversine x 1.35 (road) - ESTIMATE
Maningrida,Darwin (Woolner),369.9,499.4,haversine x 1.35 (road) - ESTIMATE
Maningrida,Darwin (Winnellie),365.5,493.5,haversine x 1.35 (road) - ESTIMATE
Maningrida,Darwin (Coconut Grove),368.9,498.0,haversine x 1.35 (road) - ESTIMATE
Maningrida,Darwin (Rapid Creek),367.8,496.5,haversine x 1.35 (road) - ESTIMATE
Maningrida,Darwin (Millner),367.7,496.5,haversine x 1.35 (road) - ESTIMATE
Maningrida,Darwin (Jingili),366.5,494.8,haversine x 1.35 (road) - ESTIMATE
Maningrida,Darwin (Moil),365.8,493.8,haversine x 1.35 (road) - ESTIMATE
Maningrida,Darwin (Alawa),366.4,494.7,haversine x 1.35 (road) - ESTIMATE
Maningrida,Darwin (Brinkin),366.8,495.2,haversine x 1.35 (road) - ESTIMATE
Maningrida,Darwin (Nakara),366.1,494.3,haversine x 1.35 (road) - ESTIMATE
Maningrida,Darwin (Tiwi),365.8,493.8,haversine x 1.35 (road) - ESTIMATE
Maningrida,Darwin (Casuarina),365.5,493.4,haversine x 1.35 (road) - ESTIMATE
Maningrida,Darwin (Wagaman),365.2,493.0,haversine x 1.35 (road) - ESTIMATE
Maningrida,Darwin (Wanguri),365.0,492.7,haversine x 1.35 (road) - ESTIMATE
Maningrida,Darwin (Wulagi),364.0,491.4,haversine x 1.35 (road) - ESTIMATE
Maningrida,Darwin (Anula),364.5,492.1,haversine x 1.35 (road) - ESTIMATE
Maningrida,Darwin (Marrara),364.6,492.2,haversine x 1.35 (road) - ESTIMATE
Maningrida,Darwin (Leanyer),363.9,491.3,haversine x 1.35 (road) - ESTIMATE
Maningrida,Darwin (Lyons),364.8,492.5,haversine x 1.35 (road) - ESTIMATE
Maningrida,Darwin (Muirhead),363.7,491.0,haversine x 1.35 (road) - ESTIMATE
Maningrida,Darwin (Berrimah),361.8,488.4,haversine x 1.35 (road) - ESTIMATE
Maningrida,Darwin (Knuckey Lagoon),359.1,484.7,haversine x 1.35 (road) - ESTIMATE
Maningrida,Palmerston (Gray),356.1,480.7,haversine x 1.35 (road) - ESTIMATE
Maningrida,Palmerston (Driver),356.8,481.7,haversine x 1.35 (road) - ESTIMATE
Maningrida,Palmerston (Moulden),357.0,481.9,haversine x 1.35 (road) - ESTIMATE
Maningrida,Palmerston (Woodroffe),355.0,479.2,haversine x 1.35 (road) - ESTIMATE
Maningrida,Palmerston (Gunn),354.1,478.0,haversine x 1.35 (road) - ESTIMATE
Maningrida,Palmerston (Rosebery),355.5,480.0,haversine x 1.35 (road) - ESTIMATE
Maningrida,Palmerston (Bakewell),354.4,478.5,haversine x 1.35 (road) - ESTIMATE
Maningrida,Palmerston (Durack),356.9,481.8,haversine x 1.35 (road) - ESTIMATE
Maningrida,Palmerston (Farrar),354.4,478.5,haversine x 1.35 (road) - ESTIMATE
Maningrida,Palmerston (Johnston),352.9,476.4,haversine x 1.35 (road) - ESTIMATE
Maningrida,Palmerston (Zuccoli),353.9,477.8,haversine x 1.35 (road) - ESTIMATE
Maningrida,Palmerston (Bellamack),356.7,481.6,haversine x 1.35 (road) - ESTIMATE
Maningrida,Howard Springs,349.1,471.3,haversine x 1.35 (road) - ESTIMATE
Maningrida,Coolalinga,349.8,472.3,haversine x 1.35 (road) - ESTIMATE
Maningrida,Virginia,352.2,475.4,haversine x 1.35 (road) - ESTIMATE
Maningrida,Girraween,345.1,465.9,haversine x 1.35 (road) - ESTIMATE
Maningrida,Berry Springs,358.6,484.1,haversine x 1.35 (road) - ESTIMATE
Galiwinku,Darwin (Ludmilla),514.5,514.5,haversine x 1.0 (air_or_barge) - ESTIMATE
Galiwinku,Darwin (Nightcliff),514.1,514.1,haversine x 1.0 (air_or_barge) - ESTIMATE
Galiwinku,Darwin (Malak),508.6,508.6,haversine x 1.0 (air_or_barge) - ESTIMATE
Galiwinku,Darwin (Karama),507.6,507.6,haversine x 1.0 (air_or_barge) - ESTIMATE
Galiwinku,Palmerston,500.8,500.8,haversine x 1.0 (air_or_barge) - ESTIMATE
Galiwinku,Humpty Doo,489.3,489.3,haversine x 1.0 (air_or_barge) - ESTIMATE
Galiwinku,Batchelor,505.7,505.7,haversine x 1.0 (air_or_barge) - ESTIMATE
Galiwinku,Adelaide River,502.6,502.6,haversine x 1.0 (air_or_barge) - ESTIMATE
Galiwinku,Belyuen,534.3,534.3,haversine x 1.0 (air_or_barge) - ESTIMATE
Galiwinku,Wurrumiyanga,538.3,538.3,haversine x 1.0 (air_or_barge) - ESTIMATE
Galiwinku,Pine Creek,451.4,451.4,haversine x 1.0 (air_or_barge) - ESTIMATE
Galiwinku,Katherine,448.7,448.7,haversine x 1.0 (air_or_barge) - ESTIMATE
Galiwinku,Peppimenarti,638.6,638.6,haversine x 1.0 (air_or_barge) - ESTIMATE
Galiwinku,Wadeye,699.6,699.6,haversine x 1.0 (air_or_barge) - ESTIMATE
Galiwinku,Gunbalanya,274.7,274.7,haversine x 1.0 (air_or_barge) - ESTIMATE
Galiwinku,Maningrida,145.8,145.8,haversine x 1.0 (air_or_barge) - ESTIMATE
Galiwinku,Galiwinku,0.0,0.0,haversine x 1.0 (air_or_barge) - ESTIMATE
Galiwinku,Numbulwar,249.8,249.8,haversine x 1.0 (air_or_barge) - ESTIMATE
Galiwinku,Darwin (City),515.6,515.6,haversine x 1.0 (air_or_barge) - ESTIMATE
Galiwinku,Darwin (Larrakeyah),516.9,516.9,haversine x 1.0 (air_or_barge) - ESTIMATE
Galiwinku,Darwin (Stuart Park),515.7,515.7,haversine x 1.0 (air_or_barge) - ESTIMATE
Galiwinku,Darwin (The Gardens),516.5,516.5,haversine x 1.0 (air_or_barge) - ESTIMATE
Galiwinku,Darwin (Parap),515.7,515.7,haversine x 1.0 (air_or_barge) - ESTIMATE
Galiwinku,Darwin (Fannie Bay),516.3,516.3,haversine x 1.0 (air_or_barge) - ESTIMATE
Galiwinku,Darwin (Bayview),514.4,514.4,haversine x 1.0 (air_or_barge) - ESTIMATE
Galiwinku,Darwin (Woolner),515.2,515.2,haversine x 1.0 (air_or_barge) - ESTIMATE
Galiwinku,Darwin (Winnellie),510.8,510.8,haversine x 1.0 (air_or_barge) - ESTIMATE
Galiwinku,Darwin (Coconut Grove),514.3,514.3,haversine x 1.0 (air_or_barge) - ESTIMATE
Galiwinku,Darwin (Rapid Creek),513.2,513.2,haversine x 1.0 (air_or_barge) - ESTIMATE
Galiwinku,Darwin (Millner),513.1,513.1,haversine x 1.0 (air_or_barge) - ESTIMATE
Galiwinku,Darwin (Jingili),511.9,511.9,haversine x 1.0 (air_or_barge) - ESTIMATE
Galiwinku,Darwin (Moil),511.1,511.1,haversine x 1.0 (air_or_barge) - ESTIMATE
Galiwinku,Darwin (Alawa),511.8,511.8,haversine x 1.0 (air_or_barge) - ESTIMATE
Galiwinku,Darwin (Brinkin),512.2,512.2,haversine x 1.0 (air_or_barge) - ESTIMATE
Galiwinku,Darwin (Nakara),511.6,511.6,haversine x 1.0 (air_or_barge) - ESTIMATE
Galiwinku,Darwin (Tiwi),511.3,511.3,haversine x 1.0 (air_or_barge) - ESTIMATE
Galiwinku,Darwin (Casuarina),510.9,510.9,haversine x 1.0 (air_or_barge) - ESTIMATE
Galiwinku,Darwin (Wagaman),510.6,510.6,haversine x 1.0 (air_or_barge) - ESTIMATE
Galiwinku,Darwin (Wanguri),510.4,510.4,haversine x 1.0 (air_or_barge) - ESTIMATE
Galiwinku,Darwin (Wulagi),509.4,509.4,haversine x 1.0 (air_or_barge) - ESTIMATE
Galiwinku,Darwin (Anula),509.9,509.9,haversine x 1.0 (air_or_barge) - ESTIMATE
Galiwinku,Darwin (Marrara),509.9,509.9,haversine x 1.0 (air_or_barge) - ESTIMATE
Galiwinku,Darwin (Leanyer),509.3,509.3,haversine x 1.0 (air_or_barge) - ESTIMATE
Galiwinku,Darwin (Lyons),510.3,510.3,haversine x 1.0 (air_or_barge) - ESTIMATE
Galiwinku,Darwin (Muirhead),509.2,509.2,haversine x 1.0 (air_or_barge) - ESTIMATE
Galiwinku,Darwin (Berrimah),507.0,507.0,haversine x 1.0 (air_or_barge) - ESTIMATE
Galiwinku,Darwin (Knuckey Lagoon),504.3,504.3,haversine x 1.0 (air_or_barge) - ESTIMATE
Galiwinku,Palmerston (Gray),501.1,501.1,haversine x 1.0 (air_or_barge) - ESTIMATE
Galiwinku,Palmerston (Driver),501.9,501.9,haversine x 1.0 (air_or_barge) - ESTIMATE
Galiwinku,Palmerston (Moulden),501.9,501.9,haversine x 1.0 (air_or_barge) - ESTIMATE
Galiwinku,Palmerston (Woodroffe),500.0,500.0,haversine x 1.0 (air_or_barge) - ESTIMATE
Galiwinku,Palmerston (Gunn),499.1,499.1,haversine x 1.0 (air_or_barge) - ESTIMATE
Galiwinku,Palmerston (Rosebery),500.5,500.5,haversine x 1.0 (air_or_barge) - ESTIMATE
Galiwinku,Palmerston (Bakewell),499.4,499.4,haversine x 1.0 (air_or_barge) - ESTIMATE
Galiwinku,Palmerston (Durack),501.9,501.9,haversine x 1.0 (air_or_barge) - ESTIMATE
Galiwinku,Palmerston (Farrar),499.5,499.5,haversine x 1.0 (air_or_barge) - ESTIMATE
Galiwinku,Palmerston (Johnston),497.9,497.9,haversine x 1.0 (air_or_barge) - ESTIMATE
Galiwinku,Palmerston (Zuccoli),498.8,498.8,haversine x 1.0 (air_or_barge) - ESTIMATE
Galiwinku,Palmerston (Bellamack),501.6,501.6,haversine x 1.0 (air_or_barge) - ESTIMATE
Galiwinku,Howard Springs,494.1,494.1,haversine x 1.0 (air_or_barge) - ESTIMATE
Galiwinku,Coolalinga,494.7,494.7,haversine x 1.0 (air_or_barge) - ESTIMATE
Galiwinku,Virginia,497.0,497.0,haversine x 1.0 (air_or_barge) - ESTIMATE
Galiwinku,Girraween,489.9,489.9,haversine x 1.0 (air_or_barge) - ESTIMATE
Galiwinku,Berry Springs,502.5,502.5,haversine x 1.0 (air_or_barge) - ESTIMATE
Numbulwar,Darwin (Ludmilla),567.5,766.1,haversine x 1.35 (road) - ESTIMATE
Numbulwar,Darwin (Nightcliff),568.9,768.0,haversine x 1.35 (road) - ESTIMATE
Numbulwar,Darwin (Malak),563.2,760.3,haversine x 1.35 (road) - ESTIMATE
Numbulwar,Darwin (Karama),561.9,758.6,haversine x 1.35 (road) - ESTIMATE
Numbulwar,Palmerston,551.6,744.7,haversine x 1.35 (road) - ESTIMATE
Numbulwar,Humpty Doo,536.2,723.9,haversine x 1.35 (road) - ESTIMATE
Numbulwar,Batchelor,526.8,711.2,haversine x 1.35 (road) - ESTIMATE
Numbulwar,Adelaide River,513.5,693.2,haversine x 1.35 (road) - ESTIMATE
Numbulwar,Belyuen,580.1,783.1,haversine x 1.35 (road) - ESTIMATE
Numbulwar,Wurrumiyanga,619.9,619.9,haversine x 1.0 (air_or_barge) - ESTIMATE
Numbulwar,Pine Creek,424.4,572.9,haversine x 1.35 (road) - ESTIMATE
Numbulwar,Katherine,375.0,506.3,haversine x 1.35 (road) - ESTIMATE
Numbulwar,Peppimenarti,609.2,822.4,haversine x 1.35 (road) - ESTIMATE
Numbulwar,Wadeye,670.3,904.9,haversine x 1.35 (road) - ESTIMATE
Numbulwar,Gunbalanya,362.1,488.8,haversine x 1.35 (road) - ESTIMATE
Numbulwar,Maningrida,295.2,398.5,haversine x 1.35 (road) - ESTIMATE
Numbulwar,Galiwinku,249.8,249.8,haversine x 1.0 (air_or_barge) - ESTIMATE
Numbulwar,Numbulwar,0.0,0.0,haversine x 1.35 (road) - ESTIMATE
Numbulwar,Darwin (City),566.3,764.5,haversine x 1.35 (road) - ESTIMATE
Numbulwar,Darwin (Larrakeyah),567.9,766.7,haversine x 1.35 (road) - ESTIMATE
Numbulwar,Darwin (Stuart Park),567.3,765.8,haversine x 1.35 (road) - ESTIMATE
Numbulwar,Darwin (The Gardens),567.9,766.6,haversine x 1.35 (road) - ESTIMATE
Numbulwar,Darwin (Parap),568.0,766.8,haversine x 1.35 (road) - ESTIMATE
Numbulwar,Darwin (Fannie Bay),568.9,768.0,haversine x 1.35 (road) - ESTIMATE
Numbulwar,Darwin (Bayview),566.2,764.4,haversine x 1.35 (road) - ESTIMATE
Numbulwar,Darwin (Woolner),567.0,765.4,haversine x 1.35 (road) - ESTIMATE
Numbulwar,Darwin (Winnellie),563.6,760.9,haversine x 1.35 (road) - ESTIMATE
Numbulwar,Darwin (Coconut Grove),568.2,767.1,haversine x 1.35 (road) - ESTIMATE
Numbulwar,Darwin (Rapid Creek),568.0,766.8,haversine x 1.35 (road) - ESTIMATE
Numbulwar,Darwin (Millner),567.5,766.1,haversine x 1.35 (road) - ESTIMATE
Numbulwar,Darwin (Jingili),566.5,764.8,haversine x 1.35 (road) - ESTIMATE
Numbulwar,Darwin (Moil),565.8,763.9,haversine x 1.35 (road) - ESTIMATE
Numbulwar,Darwin (Alawa),566.9,765.3,haversine x 1.35 (road) - ESTIMATE
Numbulwar,Darwin (Brinkin),567.6,766.3,haversine x 1.35 (road) - ESTIMATE
Numbulwar,Darwin (Nakara),567.0,765.5,haversine x 1.35 (road) - ESTIMATE
Numbulwar,Darwin (Tiwi),567.4,765.9,haversine x 1.35 (road) - ESTIMATE
Numbulwar,Darwin (Casuarina),566.3,764.5,haversine x 1.35 (road) - ESTIMATE
Numbulwar,Darwin (Wagaman),565.6,763.6,haversine x 1.35 (road) - ESTIMATE
Numbulwar,Darwin (Wanguri),565.9,764.0,haversine x 1.35 (road) - ESTIMATE
Numbulwar,Darwin (Wulagi),564.4,761.9,haversine x 1.35 (road) - ESTIMATE
Numbulwar,Darwin (Anula),564.4,762.0,haversine x 1.35 (road) - ESTIMATE
Numbulwar,Darwin (Marrara),564.2,761.6,haversine x 1.35 (road) - ESTIMATE
Numbulwar,Darwin (Leanyer),565.3,763.1,haversine x 1.35 (road) - ESTIMATE
Numbulwar,Darwin (Lyons),566.5,764.8,haversine x 1.35 (road) - ESTIMATE
Numbulwar,Darwin (Muirhead),565.5,763.5,haversine x 1.35 (road) - ESTIMATE
Numbulwar,Darwin (Berrimah),559.6,755.5,haversine x 1.35 (road) - ESTIMATE
Numbulwar,Darwin (Knuckey Lagoon),557.1,752.1,haversine x 1.35 (road) - ESTIMATE
Numbulwar,Palmerston (Gray),551.2,744.1,haversine x 1.35 (road) - ESTIMATE
Numbulwar,Palmerston (Driver),552.3,745.6,haversine x 1.35 (road) - ESTIMATE
Numbulwar,Palmerston (Moulden),551.5,744.5,haversine x 1.35 (road) - ESTIMATE
Numbulwar,Palmerston (Woodroffe),550.2,742.8,haversine x 1.35 (road) - ESTIMATE
Numbulwar,Palmerston (Gunn),549.6,741.9,haversine x 1.35 (road) - ESTIMATE
Numbulwar,Palmerston (Rosebery),549.8,742.3,haversine x 1.35 (road) - ESTIMATE
Numbulwar,Palmerston (Bakewell),549.4,741.7,haversine x 1.35 (road) - ESTIMATE
Numbulwar,Palmerston (Durack),553.0,746.6,haversine x 1.35 (road) - ESTIMATE
Numbulwar,Palmerston (Farrar),550.6,743.3,haversine x 1.35 (road) - ESTIMATE
Numbulwar,Palmerston (Johnston),548.4,740.3,haversine x 1.35 (road) - ESTIMATE
Numbulwar,Palmerston (Zuccoli),548.4,740.3,haversine x 1.35 (road) - ESTIMATE
Numbulwar,Palmerston (Bellamack),550.5,743.2,haversine x 1.35 (road) - ESTIMATE
Numbulwar,Howard Springs,544.5,735.0,haversine x 1.35 (road) - ESTIMATE
Numbulwar,Coolalinga,543.7,734.0,haversine x 1.35 (road) - ESTIMATE
Numbulwar,Virginia,545.7,736.7,haversine x 1.35 (road) - ESTIMATE
Numbulwar,Girraween,538.9,727.5,haversine x 1.35 (road) - ESTIMATE
Numbulwar,Berry Springs,541.8,731.4,haversine x 1.35 (road) - ESTIMATE
Darwin (City),Darwin (Ludmilla),5.1,6.9,haversine x 1.35 (road) - ESTIMATE
Darwin (City),Darwin (Nightcliff),9.1,12.3,haversine x 1.35 (road) - ESTIMATE
Darwin (City),Darwin (Malak),10.1,13.7,haversine x 1.35 (road) - ESTIMATE
Darwin (City),Darwin (Karama),10.3,13.9,haversine x 1.35 (road) - ESTIMATE
Darwin (City),Palmerston,15.1,20.4,haversine x 1.35 (road) - ESTIMATE
Darwin (City),Humpty Doo,30.1,40.6,haversine x 1.35 (road) - ESTIMATE
Darwin (City),Batchelor,68.1,91.9,haversine x 1.35 (road) - ESTIMATE
Darwin (City),Adelaide River,90.6,122.4,haversine x 1.35 (road) - ESTIMATE
Darwin (City),Belyuen,19.9,26.9,haversine x 1.35 (road) - ESTIMATE
Darwin (City),Wurrumiyanga,81.7,81.7,haversine x 1.0 (air_or_barge) - ESTIMATE
Darwin (City),Pine Creek,185.2,250.0,haversine x 1.35 (road) - ESTIMATE
Darwin (City),Katherine,270.3,364.9,haversine x 1.35 (road) - ESTIMATE
Darwin (City),Peppimenarti,204.6,276.2,haversine x 1.35 (road) - ESTIMATE
Darwin (City),Wadeye,244.1,329.6,haversine x 1.35 (road) - ESTIMATE
Darwin (City),Gunbalanya,241.0,325.4,haversine x 1.35 (road) - ESTIMATE
Darwin (City),Maningrida,370.5,500.1,haversine x 1.35 (road) - ESTIMATE
Darwin (City),Galiwinku,515.6,515.6,haversine x 1.0 (air_or_barge) - ESTIMATE
Darwin (City),Numbulwar,566.3,764.5,haversine x 1.35 (road) - ESTIMATE
Darwin (City),Darwin (City),0.0,0.0,haversine x 1.35 (road) - ESTIMATE
Darwin (City),Darwin (Larrakeyah),1.7,2.2,haversine x 1.35 (road) - ESTIMATE
Darwin (City),Darwin (Stuart Park),2.0,2.6,haversine x 1.35 (road) - ESTIMATE
Darwin (City),Darwin (The Gardens),2.0,2.7,haversine x 1.35 (road) - ESTIMATE
Darwin (City),Darwin (Parap),3.7,5.0,haversine x 1.35 (road) - ESTIMATE
Darwin (City),Darwin (Fannie Bay),4.6,6.2,haversine x 1.35 (road) - ESTIMATE
Darwin (City),Darwin (Bayview),2.7,3.6,haversine x 1.35 (road) - ESTIMATE
Darwin (City),Darwin (Woolner),2.6,3.5,haversine x 1.35 (road) - ESTIMATE
Darwin (City),Darwin (Winnellie),6.1,8.3,haversine x 1.35 (road) - ESTIMATE
Darwin (City),Darwin (Coconut Grove),7.3,9.9,haversine x 1.35 (road) - ESTIMATE
Darwin (City),Darwin (Rapid Creek),9.3,12.6,haversine x 1.35 (road) - ESTIMATE
Darwin (City),Darwin (Millner),8.3,11.2,haversine x 1.35 (road) - ESTIMATE
Darwin (City),Darwin (Jingili),8.8,11.9,haversine x 1.35 (road) - ESTIMATE
Darwin (City),Darwin (Moil),9.2,12.5,haversine x 1.35 (road) - ESTIMATE
Darwin (City),Darwin (Alawa),9.8,13.2,haversine x 1.35 (road) - ESTIMATE
Darwin (City),Darwin (Brinkin),10.6,14.3,haversine x 1.35 (road) - ESTIMATE
Darwin (City),Darwin (Nakara),10.8,14.6,haversine x 1.35 (road) - ESTIMATE
Darwin (City),Darwin (Tiwi),12.1,16.4,haversine x 1.35 (road) - ESTIMATE
Darwin (City),Darwin (Casuarina),10.7,14.4,haversine x 1.35 (road) - ESTIMATE
Darwin (City),Darwin (Wagaman),10.2,13.7,haversine x 1.35 (road) - ESTIMATE
Darwin (City),Darwin (Wanguri),11.1,15.0,haversine x 1.35 (road) - ESTIMATE
Darwin (City),Darwin (Wulagi),10.4,14.1,haversine x 1.35 (road) - ESTIMATE
Darwin (City),Darwin (Anula),9.4,12.6,haversine x 1.35 (road) - ESTIMATE
Darwin (City),Darwin (Marrara),8.8,11.9,haversine x 1.35 (road) - ESTIMATE
Darwin (City),Darwin (Leanyer),12.2,16.5,haversine x 1.35 (road) - ESTIMATE
Darwin (City),Darwin (Lyons),12.7,17.1,haversine x 1.35 (road) - ESTIMATE
Darwin (City),Darwin (Muirhead),13.1,17.7,haversine x 1.35 (road) - ESTIMATE
Darwin (City),Darwin (Berrimah),8.9,12.1,haversine x 1.35 (road) - ESTIMATE
Darwin (City),Darwin (Knuckey Lagoon),11.6,15.6,haversine x 1.35 (road) - ESTIMATE
Darwin (City),Palmerston (Gray),15.3,20.6,haversine x 1.35 (road) - ESTIMATE
Darwin (City),Palmerston (Driver),14.3,19.3,haversine x 1.35 (road) - ESTIMATE
Darwin (City),Palmerston (Moulden),14.9,20.1,haversine x 1.35 (road) - ESTIMATE
Darwin (City),Palmerston (Woodroffe),16.3,22.1,haversine x 1.35 (road) - ESTIMATE
Darwin (City),Palmerston (Gunn),17.1,23.1,haversine x 1.35 (road) - ESTIMATE
Darwin (City),Palmerston (Rosebery),16.5,22.2,haversine x 1.35 (road) - ESTIMATE
Darwin (City),Palmerston (Bakewell),17.1,23.1,haversine x 1.35 (road) - ESTIMATE
Darwin (City),Palmerston (Durack),13.9,18.7,haversine x 1.35 (road) - ESTIMATE
Darwin (City),Palmerston (Farrar),16.4,22.1,haversine x 1.35 (road) - ESTIMATE
Darwin (City),Palmerston (Johnston),18.3,24.7,haversine x 1.35 (road) - ESTIMATE
Darwin (City),Palmerston (Zuccoli),18.0,24.3,haversine x 1.35 (road) - ESTIMATE
Darwin (City),Palmerston (Bellamack),15.8,21.3,haversine x 1.35 (road) - ESTIMATE
Darwin (City),Howard Springs,22.3,30.1,haversine x 1.35 (road) - ESTIMATE
Darwin (City),Coolalinga,22.6,30.6,haversine x 1.35 (road) - ESTIMATE
Darwin (City),Virginia,20.6,27.8,haversine x 1.35 (road) - ESTIMATE
Darwin (City),Girraween,27.5,37.2,haversine x 1.35 (road) - ESTIMATE
Darwin (City),Berry Springs,31.4,42.4,haversine x 1.35 (road) - ESTIMATE
Darwin (Larrakeyah),Darwin (Ludmilla),4.6,6.2,haversine x 1.35 (road) - ESTIMATE
Darwin (Larrakeyah),Darwin (Nightcliff),8.4,11.3,haversine x 1.35 (road) - ESTIMATE
Darwin (Larrakeyah),Darwin (Malak),10.4,14.1,haversine x 1.35 (road) - ESTIMATE
Darwin (Larrakeyah),Darwin (Karama),10.8,14.6,haversine x 1.35 (road) - ESTIMATE
Darwin (Larrakeyah),Palmerston,16.6,22.4,haversine x 1.35 (road) - ESTIMATE
Darwin (Larrakeyah),Humpty Doo,31.7,42.8,haversine x 1.35 (road) - ESTIMATE
Darwin (Larrakeyah),Batchelor,69.4,93.7,haversine x 1.35 (road) - ESTIMATE
Darwin (Larrakeyah),Adelaide River,92.0,124.1,haversine x 1.35 (road) - ESTIMATE
Darwin (Larrakeyah),Belyuen,19.1,25.8,haversine x 1.35 (road) - ESTIMATE
Darwin (Larrakeyah),Wurrumiyanga,80.4,80.4,haversine x 1.0 (air_or_barge) - ESTIMATE
Darwin (Larrakeyah),Pine Creek,186.7,252.1,haversine x 1.35 (road) - ESTIMATE
Darwin (Larrakeyah),Katherine,271.8,367.0,haversine x 1.35 (road) - ESTIMATE
Darwin (Larrakeyah),Peppimenarti,204.9,276.6,haversine x 1.35 (road) - ESTIMATE
Darwin (Larrakeyah),Wadeye,244.1,329.5,haversine x 1.35 (road) - ESTIMATE
Darwin (Larrakeyah),Gunbalanya,242.3,327.1,haversine x 1.35 (road) - ESTIMATE
Darwin (Larrakeyah),Maningrida,371.7,501.8,haversine x 1.35 (road) - ESTIMATE
Darwin (Larrakeyah),Galiwinku,516.9,516.9,haversine x 1.0 (air_or_barge) - ESTIMATE
Darwin (Larrakeyah),Numbulwar,567.9,766.7,haversine x 1.35 (road) - ESTIMATE
Darwin (Larrakeyah),Darwin (City),1.7,2.2,haversine x 1.35 (road) - ESTIMATE
Darwin (Larrakeyah),Darwin (Larrakeyah),0.0,0.0,haversine x 1.35 (road) - ESTIMATE
Darwin (Larrakeyah),Darwin (Stuart Park),1.5,2.0,haversine x 1.35 (road) - ESTIMATE
Darwin (Larrakeyah),Darwin (The Gardens),0.8,1.1,haversine x 1.35 (road) - ESTIMATE
Darwin (Larrakeyah),Darwin (Parap),2.9,4.0,haversine x 1.35 (road) - ESTIMATE
Darwin (Larrakeyah),Darwin (Fannie Bay),3.6,4.8,haversine x 1.35 (road) - ESTIMATE
Darwin (Larrakeyah),Darwin (Bayview),2.9,3.8,haversine x 1.35 (road) - ESTIMATE
Darwin (Larrakeyah),Darwin (Woolner),2.3,3.1,haversine x 1.35 (road) - ESTIMATE
Darwin (Larrakeyah),Darwin (Winnellie),6.7,9.0,haversine x 1.35 (road) - ESTIMATE
Darwin (Larrakeyah),Darwin (Coconut Grove),6.7,9.0,haversine x 1.35 (road) - ESTIMATE
Darwin (Larrakeyah),Darwin (Rapid Creek),8.8,11.9,haversine x 1.35 (road) - ESTIMATE
Darwin (Larrakeyah),Darwin (Millner),7.8,10.6,haversine x 1.35 (road) - ESTIMATE
Darwin (Larrakeyah),Darwin (Jingili),8.6,11.6,haversine x 1.35 (road) - ESTIMATE
Darwin (Larrakeyah),Darwin (Moil),9.1,12.3,haversine x 1.35 (road) - ESTIMATE
Darwin (Larrakeyah),Darwin (Alawa),9.5,12.8,haversine x 1.35 (road) - ESTIMATE
Darwin (Larrakeyah),Darwin (Brinkin),10.2,13.7,haversine x 1.35 (road) - ESTIMATE
Darwin (Larrakeyah),Darwin (Nakara),10.4,14.1,haversine x 1.35 (road) - ESTIMATE
Darwin (Larrakeyah),Darwin (Tiwi),11.7,15.8,haversine x 1.35 (road) - ESTIMATE
Darwin (Larrakeyah),Darwin (Casuarina),10.5,14.1,haversine x 1.35 (road) - ESTIMATE
Darwin (Larrakeyah),Darwin (Wagaman),10.0,13.6,haversine x 1.35 (road) - ESTIMATE
Darwin (Larrakeyah),Darwin (Wanguri),10.9,14.8,haversine x 1.35 (road) - ESTIMATE
Darwin (Larrakeyah),Darwin (Wulagi),10.5,14.2,haversine x 1.35 (road) - ESTIMATE
Darwin (Larrakeyah),Darwin (Anula),9.5,12.8,haversine x 1.35 (road) - ESTIMATE
Darwin (Larrakeyah),Darwin (Marrara),9.0,12.2,haversine x 1.35 (road) - ESTIMATE
Darwin (Larrakeyah),Darwin (Leanyer),12.1,16.4,haversine x 1.35 (road) - ESTIMATE
Darwin (Larrakeyah),Darwin (Lyons),12.4,16.7,haversine x 1.35 (road) - ESTIMATE
Darwin (Larrakeyah),Darwin (Muirhead),12.9,17.4,haversine x 1.35 (road) - ESTIMATE
Darwin (Larrakeyah),Darwin (Berrimah),10.0,13.5,haversine x 1.35 (road) - ESTIMATE
Darwin (Larrakeyah),Darwin (Knuckey Lagoon),12.7,17.1,haversine x 1.35 (road) - ESTIMATE
Darwin (Larrakeyah),Palmerston (Gray),16.8,22.7,haversine x 1.35 (road) - ESTIMATE
Darwin (Larrakeyah),Palmerston (Driver),15.8,21.3,haversine x 1.35 (road) - ESTIMATE
Darwin (Larrakeyah),Palmerston (Moulden),16.5,22.2,haversine x 1.35 (road) - ESTIMATE
Darwin (Larrakeyah),Palmerston (Woodroffe),17.9,24.1,haversine x 1.35 (road) - ESTIMATE
Darwin (Larrakeyah),Palmerston (Gunn),18.6,25.1,haversine x 1.35 (road) - ESTIMATE
Darwin (Larrakeyah),Palmerston (Rosebery),18.1,24.4,haversine x 1.35 (road) - ESTIMATE
Darwin (Larrakeyah),Palmerston (Bakewell),18.6,25.2,haversine x 1.35 (road) - ESTIMATE
Darwin (Larrakeyah),Palmerston (Durack),15.3,20.7,haversine x 1.35 (road) - ESTIMATE
Darwin (Larrakeyah),Palmerston (Farrar),17.9,24.1,haversine x 1.35 (road) - ESTIMATE
Darwin (Larrakeyah),Palmerston (Johnston),19.8,26.8,haversine x 1.35 (road) - ESTIMATE
Darwin (Larrakeyah),Palmerston (Zuccoli),19.6,26.4,haversine x 1.35 (road) - ESTIMATE
Darwin (Larrakeyah),Palmerston (Bellamack),17.4,23.5,haversine x 1.35 (road) - ESTIMATE
Darwin (Larrakeyah),Howard Springs,23.8,32.1,haversine x 1.35 (road) - ESTIMATE
Darwin (Larrakeyah),Coolalinga,24.2,32.7,haversine x 1.35 (road) - ESTIMATE
Darwin (Larrakeyah),Virginia,22.2,30.0,haversine x 1.35 (road) - ESTIMATE
Darwin (Larrakeyah),Girraween,29.1,39.3,haversine x 1.35 (road) - ESTIMATE
Darwin (Larrakeyah),Berry Springs,32.9,44.4,haversine x 1.35 (road) - ESTIMATE
Darwin (Stuart Park),Darwin (Ludmilla),3.3,4.4,haversine x 1.35 (road) - ESTIMATE
Darwin (Stuart Park),Darwin (Nightcliff),7.2,9.7,haversine x 1.35 (road) - ESTIMATE
Darwin (Stuart Park),Darwin (Malak),8.9,12.1,haversine x 1.35 (road) - ESTIMATE
Darwin (Stuart Park),Darwin (Karama),9.3,12.6,haversine x 1.35 (road) - ESTIMATE
Darwin (Stuart Park),Palmerston,15.8,21.3,haversine x 1.35 (road) - ESTIMATE
Darwin (Stuart Park),Humpty Doo,31.1,42.0,haversine x 1.35 (road) - ESTIMATE
Darwin (Stuart Park),Batchelor,70.0,94.5,haversine x 1.35 (road) - ESTIMATE
Darwin (Stuart Park),Adelaide River,92.6,125.0,haversine x 1.35 (road) - ESTIMATE
Darwin (Stuart Park),Belyuen,20.6,27.7,haversine x 1.35 (road) - ESTIMATE
Darwin (Stuart Park),Wurrumiyanga,79.7,79.7,haversine x 1.0 (air_or_barge) - ESTIMATE
Darwin (Stuart Park),Pine Creek,186.9,252.3,haversine x 1.35 (road) - ESTIMATE
Darwin (Stuart Park),Katherine,272.1,367.3,haversine x 1.35 (road) - ESTIMATE
Darwin (Stuart Park),Peppimenarti,206.3,278.4,haversine x 1.35 (road) - ESTIMATE
Darwin (Stuart Park),Wadeye,245.5,331.5,haversine x 1.35 (road) - ESTIMATE
Darwin (Stuart Park),Gunbalanya,241.2,325.6,haversine x 1.35 (road) - ESTIMATE
Darwin (Stuart Park),Maningrida,370.5,500.2,haversine x 1.35 (road) - ESTIMATE
Darwin (Stuart Park),Galiwinku,515.7,515.7,haversine x 1.0 (air_or_barge) - ESTIMATE
Darwin (Stuart Park),Numbulwar,567.3,765.8,haversine x 1.35 (road) - ESTIMATE
Darwin (Stuart Park),Darwin (City),2.0,2.6,haversine x 1.35 (road) - ESTIMATE
Darwin (Stuart Park),Darwin (Larrakeyah),1.5,2.0,haversine x 1.35 (road) - ESTIMATE
Darwin (Stuart Park),Darwin (Stuart Park),0.0,0.0,haversine x 1.35 (road) - ESTIMATE
Darwin (Stuart Park),Darwin (The Gardens),0.8,1.1,haversine x 1.35 (road) - ESTIMATE
Darwin (Stuart Park),Darwin (Parap),1.8,2.4,haversine x 1.35 (road) - ESTIMATE
Darwin (Stuart Park),Darwin (Fannie Bay),2.7,3.6,haversine x 1.35 (road) - ESTIMATE
Darwin (Stuart Park),Darwin (Bayview),1.4,1.9,haversine x 1.35 (road) - ESTIMATE
Darwin (Stuart Park),Darwin (Woolner),0.9,1.2,haversine x 1.35 (road) - ESTIMATE
Darwin (Stuart Park),Darwin (Winnellie),5.3,7.1,haversine x 1.35 (road) - ESTIMATE
Darwin (Stuart Park),Darwin (Coconut Grove),5.4,7.4,haversine x 1.35 (road) - ESTIMATE
Darwin (Stuart Park),Darwin (Rapid Creek),7.5,10.1,haversine x 1.35 (road) - ESTIMATE
Darwin (Stuart Park),Darwin (Millner),6.5,8.8,haversine x 1.35 (road) - ESTIMATE
Darwin (Stuart Park),Darwin (Jingili),7.2,9.7,haversine x 1.35 (road) - ESTIMATE
Darwin (Stuart Park),Darwin (Moil),7.7,10.3,haversine x 1.35 (road) - ESTIMATE
Darwin (Stuart Park),Darwin (Alawa),8.1,10.9,haversine x 1.35 (road) - ESTIMATE
Darwin (Stuart Park),Darwin (Brinkin),8.8,11.9,haversine x 1.35 (road) - ESTIMATE
Darwin (Stuart Park),Darwin (Nakara),9.1,12.3,haversine x 1.35 (road) - ESTIMATE
Darwin (Stuart Park),Darwin (Tiwi),10.4,14.0,haversine x 1.35 (road) - ESTIMATE
Darwin (Stuart Park),Darwin (Casuarina),9.1,12.2,haversine x 1.35 (road) - ESTIMATE
Darwin (Stuart Park),Darwin (Wagaman),8.6,11.6,haversine x 1.35 (road) - ESTIMATE
Darwin (Stuart Park),Darwin (Wanguri),9.5,12.8,haversine x 1.35 (road) - ESTIMATE
Darwin (Stuart Park),Darwin (Wulagi),9.1,12.2,haversine x 1.35 (road) - ESTIMATE
Darwin (Stuart Park),Darwin (Anula),8.0,10.8,haversine x 1.35 (road) - ESTIMATE
Darwin (Stuart Park),Darwin (Marrara),7.5,10.2,haversine x 1.35 (road) - ESTIMATE
Darwin (Stuart Park),Darwin (Leanyer),10.7,14.4,haversine x 1.35 (road) - ESTIMATE
Darwin (Stuart Park),Darwin (Lyons),11.0,14.8,haversine x 1.35 (road) - ESTIMATE
Darwin (Stuart Park),Darwin (Muirhead),11.5,15.5,haversine x 1.35 (road) - ESTIMATE
Darwin (Stuart Park),Darwin (Berrimah),8.8,11.8,haversine x 1.35 (road) - ESTIMATE
Darwin (Stuart Park),Darwin (Knuckey Lagoon),11.5,15.5,haversine x 1.35 (road) - ESTIMATE
Darwin (Stuart Park),Palmerston (Gray),16.1,21.7,haversine x 1.35 (road) - ESTIMATE
Darwin (Stuart Park),Palmerston (Driver),15.0,20.3,haversine x 1.35 (road) - ESTIMATE
Darwin (Stuart Park),Palmerston (Moulden),15.8,21.3,haversine x 1.35 (road) - ESTIMATE
Darwin (Stuart Park),Palmerston (Woodroffe),17.1,23.1,haversine x 1.35 (road) - ESTIMATE
Darwin (Stuart Park),Palmerston (Gunn),17.8,24.0,haversine x 1.35 (road) - ESTIMATE
Darwin (Stuart Park),Palmerston (Rosebery),17.4,23.5,haversine x 1.35 (road) - ESTIMATE
Darwin (Stuart Park),Palmerston (Bakewell),17.9,24.2,haversine x 1.35 (road) - ESTIMATE
Darwin (Stuart Park),Palmerston (Durack),14.4,19.5,haversine x 1.35 (road) - ESTIMATE
Darwin (Stuart Park),Palmerston (Farrar),16.9,22.9,haversine x 1.35 (road) - ESTIMATE
Darwin (Stuart Park),Palmerston (Johnston),19.0,25.6,haversine x 1.35 (road) - ESTIMATE
Darwin (Stuart Park),Palmerston (Zuccoli),18.9,25.5,haversine x 1.35 (road) - ESTIMATE
Darwin (Stuart Park),Palmerston (Bellamack),16.8,22.7,haversine x 1.35 (road) - ESTIMATE
Darwin (Stuart Park),Howard Springs,23.0,31.0,haversine x 1.35 (road) - ESTIMATE
Darwin (Stuart Park),Coolalinga,23.5,31.8,haversine x 1.35 (road) - ESTIMATE
Darwin (Stuart Park),Virginia,21.6,29.2,haversine x 1.35 (road) - ESTIMATE
Darwin (Stuart Park),Girraween,28.4,38.3,haversine x 1.35 (road) - ESTIMATE
Darwin (Stuart Park),Berry Springs,33.2,44.8,haversine x 1.35 (road) - ESTIMATE
Darwin (The Gardens),Darwin (Ludmilla),3.8,5.1,haversine x 1.35 (road) - ESTIMATE
Darwin (The Gardens),Darwin (Nightcliff),7.6,10.2,haversine x 1.35 (road) - ESTIMATE
Darwin (The Gardens),Darwin (Malak),9.7,13.1,haversine x 1.35 (road) - ESTIMATE
Darwin (The Gardens),Darwin (Karama),10.1,13.6,haversine x 1.35 (road) - ESTIMATE
Darwin (The Gardens),Palmerston,16.5,22.2,haversine x 1.35 (road) - ESTIMATE
Darwin (The Gardens),Humpty Doo,31.7,42.8,haversine x 1.35 (road) - ESTIMATE
Darwin (The Gardens),Batchelor,70.0,94.5,haversine x 1.35 (road) - ESTIMATE
Darwin (The Gardens),Adelaide River,92.6,125.0,haversine x 1.35 (road) - ESTIMATE
Darwin (The Gardens),Belyuen,19.8,26.7,haversine x 1.35 (road) - ESTIMATE
Darwin (The Gardens),Wurrumiyanga,79.7,79.7,haversine x 1.0 (air_or_barge) - ESTIMATE
Darwin (The Gardens),Pine Creek,187.2,252.7,haversine x 1.35 (road) - ESTIMATE
Darwin (The Gardens),Katherine,272.3,367.6,haversine x 1.35 (road) - ESTIMATE
Darwin (The Gardens),Peppimenarti,205.8,277.8,haversine x 1.35 (road) - ESTIMATE
Darwin (The Gardens),Wadeye,244.9,330.6,haversine x 1.35 (road) - ESTIMATE
Darwin (The Gardens),Gunbalanya,242.0,326.6,haversine x 1.35 (road) - ESTIMATE
Darwin (The Gardens),Maningrida,371.3,501.3,haversine x 1.35 (road) - ESTIMATE
Darwin (The Gardens),Galiwinku,516.5,516.5,haversine x 1.0 (air_or_barge) - ESTIMATE
Darwin (The Gardens),Numbulwar,567.9,766.6,haversine x 1.35 (road) - ESTIMATE
Darwin (The Gardens),Darwin (City),2.0,2.7,haversine x 1.35 (road) - ESTIMATE
Darwin (The Gardens),Darwin (Larrakeyah),0.8,1.1,haversine x 1.35 (road) - ESTIMATE
Darwin (The Gardens),Darwin (Stuart Park),0.8,1.1,haversine x 1.35 (road) - ESTIMATE
Darwin (The Gardens),Darwin (The Gardens),0.0,0.0,haversine x 1.35 (road) - ESTIMATE
Darwin (The Gardens),Darwin (Parap),2.1,2.8,haversine x 1.35 (road) - ESTIMATE
Darwin (The Gardens),Darwin (Fannie Bay),2.8,3.8,haversine x 1.35 (road) - ESTIMATE
Darwin (The Gardens),Darwin (Bayview),2.2,3.0,haversine x 1.35 (road) - ESTIMATE
Darwin (The Gardens),Darwin (Woolner),1.6,2.1,haversine x 1.35 (road) - ESTIMATE
Darwin (The Gardens),Darwin (Winnellie),6.1,8.2,haversine x 1.35 (road) - ESTIMATE
Darwin (The Gardens),Darwin (Coconut Grove),5.9,7.9,haversine x 1.35 (road) - ESTIMATE
Darwin (The Gardens),Darwin (Rapid Creek),8.0,10.8,haversine x 1.35 (road) - ESTIMATE
Darwin (The Gardens),Darwin (Millner),7.0,9.4,haversine x 1.35 (road) - ESTIMATE
Darwin (The Gardens),Darwin (Jingili),7.8,10.5,haversine x 1.35 (road) - ESTIMATE
Darwin (The Gardens),Darwin (Moil),8.3,11.2,haversine x 1.35 (road) - ESTIMATE
Darwin (The Gardens),Darwin (Alawa),8.6,11.6,haversine x 1.35 (road) - ESTIMATE
Darwin (The Gardens),Darwin (Brinkin),9.3,12.6,haversine x 1.35 (road) - ESTIMATE
Darwin (The Gardens),Darwin (Nakara),9.6,13.0,haversine x 1.35 (road) - ESTIMATE
Darwin (The Gardens),Darwin (Tiwi),10.9,14.7,haversine x 1.35 (road) - ESTIMATE
Darwin (The Gardens),Darwin (Casuarina),9.6,13.0,haversine x 1.35 (road) - ESTIMATE
Darwin (The Gardens),Darwin (Wagaman),9.2,12.4,haversine x 1.35 (road) - ESTIMATE
Darwin (The Gardens),Darwin (Wanguri),10.1,13.6,haversine x 1.35 (road) - ESTIMATE
Darwin (The Gardens),Darwin (Wulagi),9.7,13.1,haversine x 1.35 (road) - ESTIMATE
Darwin (The Gardens),Darwin (Anula),8.7,11.7,haversine x 1.35 (road) - ESTIMATE
Darwin (The Gardens),Darwin (Marrara),8.2,11.1,haversine x 1.35 (road) - ESTIMATE
Darwin (The Gardens),Darwin (Leanyer),11.3,15.3,haversine x 1.35 (road) - ESTIMATE
Darwin (The Gardens),Darwin (Lyons),11.5,15.6,haversine x 1.35 (road) - ESTIMATE
Darwin (The Gardens),Darwin (Muirhead),12.1,16.3,haversine x 1.35 (road) - ESTIMATE
Darwin (The Gardens),Darwin (Berrimah),9.5,12.9,haversine x 1.35 (road) - ESTIMATE
Darwin (The Gardens),Darwin (Knuckey Lagoon),12.2,16.5,haversine x 1.35 (road) - ESTIMATE
Darwin (The Gardens),Palmerston (Gray),16.7,22.6,haversine x 1.35 (road) - ESTIMATE
Darwin (The Gardens),Palmerston (Driver),15.7,21.2,haversine x 1.35 (road) - ESTIMATE
Darwin (The Gardens),Palmerston (Moulden),16.4,22.2,haversine x 1.35 (road) - ESTIMATE
Darwin (The Gardens),Palmerston (Woodroffe),17.8,24.0,haversine x 1.35 (road) - ESTIMATE
Darwin (The Gardens),Palmerston (Gunn),18.5,24.9,haversine x 1.35 (road) - ESTIMATE
Darwin (The Gardens),Palmerston (Rosebery),18.0,24.4,haversine x 1.35 (road) - ESTIMATE
Darwin (The Gardens),Palmerston (Bakewell),18.5,25.0,haversine x 1.35 (road) - ESTIMATE
Darwin (The Gardens),Palmerston (Durack),15.1,20.4,haversine x 1.35 (road) - ESTIMATE
Darwin (The Gardens),Palmerston (Farrar),17.6,23.8,haversine x 1.35 (road) - ESTIMATE
Darwin (The Gardens),Palmerston (Johnston),19.7,26.6,haversine x 1.35 (road) - ESTIMATE
Darwin (The Gardens),Palmerston (Zuccoli),19.5,26.4,haversine x 1.35 (road) - ESTIMATE
Darwin (The Gardens),Palmerston (Bellamack),17.4,23.5,haversine x 1.35 (road) - ESTIMATE
Darwin (The Gardens),Howard Springs,23.7,31.9,haversine x 1.35 (road) - ESTIMATE
Darwin (The Gardens),Coolalinga,24.2,32.6,haversine x 1.35 (road) - ESTIMATE
Darwin (The Gardens),Virginia,22.2,30.0,haversine x 1.35 (road) - ESTIMATE
Darwin (The Gardens),Girraween,29.0,39.2,haversine x 1.35 (road) - ESTIMATE
Darwin (The Gardens),Berry Springs,33.4,45.1,haversine x 1.35 (road) - ESTIMATE
Darwin (Parap),Darwin (Ludmilla),1.7,2.3,haversine x 1.35 (road) - ESTIMATE
Darwin (Parap),Darwin (Nightcliff),5.5,7.4,haversine x 1.35 (road) - ESTIMATE
Darwin (Parap),Darwin (Malak),8.0,10.8,haversine x 1.35 (road) - ESTIMATE
Darwin (Parap),Darwin (Karama),8.6,11.6,haversine x 1.35 (road) - ESTIMATE
Darwin (Parap),Palmerston,16.4,22.1,haversine x 1.35 (road) - ESTIMATE
Darwin (Parap),Humpty Doo,32.0,43.3,haversine x 1.35 (road) - ESTIMATE
Darwin (Parap),Batchelor,71.8,96.9,haversine x 1.35 (road) - ESTIMATE
Darwin (Parap),Adelaide River,94.3,127.3,haversine x 1.35 (road) - ESTIMATE
Darwin (Parap),Belyuen,21.4,28.9,haversine x 1.35 (road) - ESTIMATE
Darwin (Parap),Wurrumiyanga,78.0,78.0,haversine x 1.0 (air_or_barge) - ESTIMATE
Darwin (Parap),Pine Creek,188.4,254.4,haversine x 1.35 (road) - ESTIMATE
Darwin (Parap),Katherine,273.6,369.3,haversine x 1.35 (road) - ESTIMATE
Darwin (Parap),Peppimenarti,207.8,280.6,haversine x 1.35 (road) - ESTIMATE
Darwin (Parap),Wadeye,246.9,333.3,haversine x 1.35 (road) - ESTIMATE
Darwin (Parap),Gunbalanya,241.2,325.6,haversine x 1.35 (road) - ESTIMATE
Darwin (Parap),Maningrida,370.4,500.1,haversine x 1.35 (road) - ESTIMATE
Darwin (Parap),Galiwinku,515.7,515.7,haversine x 1.0 (air_or_barge) - ESTIMATE
Darwin (Parap),Numbulwar,568.0,766.8,haversine x 1.35 (road) - ESTIMATE
Darwin (Parap),Darwin (City),3.7,5.0,haversine x 1.35 (road) - ESTIMATE
Darwin (Parap),Darwin (Larrakeyah),2.9,4.0,haversine x 1.35 (road) - ESTIMATE
Darwin (Parap),Darwin (Stuart Park),1.8,2.4,haversine x 1.35 (road) - ESTIMATE
Darwin (Parap),Darwin (The Gardens),2.1,2.8,haversine x 1.35 (road) - ESTIMATE
Darwin (Parap),Darwin (Parap),0.0,0.0,haversine x 1.35 (road) - ESTIMATE
Darwin (Parap),Darwin (Fannie Bay),1.0,1.4,haversine x 1.35 (road) - ESTIMATE
Darwin (Parap),Darwin (Bayview),1.9,2.5,haversine x 1.35 (road) - ESTIMATE
Darwin (Parap),Darwin (Woolner),1.3,1.7,haversine x 1.35 (road) - ESTIMATE
Darwin (Parap),Darwin (Winnellie),4.9,6.6,haversine x 1.35 (road) - ESTIMATE
Darwin (Parap),Darwin (Coconut Grove),3.8,5.1,haversine x 1.35 (road) - ESTIMATE
Darwin (Parap),Darwin (Rapid Creek),5.9,7.9,haversine x 1.35 (road) - ESTIMATE
Darwin (Parap),Darwin (Millner),4.9,6.6,haversine x 1.35 (road) - ESTIMATE
Darwin (Parap),Darwin (Jingili),5.7,7.7,haversine x 1.35 (road) - ESTIMATE
Darwin (Parap),Darwin (Moil),6.3,8.5,haversine x 1.35 (road) - ESTIMATE
Darwin (Parap),Darwin (Alawa),6.6,8.9,haversine x 1.35 (road) - ESTIMATE
Darwin (Parap),Darwin (Brinkin),7.2,9.8,haversine x 1.35 (road) - ESTIMATE
Darwin (Parap),Darwin (Nakara),7.5,10.2,haversine x 1.35 (road) - ESTIMATE
Darwin (Parap),Darwin (Tiwi),8.8,11.9,haversine x 1.35 (road) - ESTIMATE
Darwin (Parap),Darwin (Casuarina),7.6,10.2,haversine x 1.35 (road) - ESTIMATE
Darwin (Parap),Darwin (Wagaman),7.2,9.8,haversine x 1.35 (road) - ESTIMATE
Darwin (Parap),Darwin (Wanguri),8.1,10.9,haversine x 1.35 (road) - ESTIMATE
Darwin (Parap),Darwin (Wulagi),7.9,10.6,haversine x 1.35 (road) - ESTIMATE
Darwin (Parap),Darwin (Anula),6.9,9.3,haversine x 1.35 (road) - ESTIMATE
Darwin (Parap),Darwin (Marrara),6.5,8.8,haversine x 1.35 (road) - ESTIMATE
Darwin (Parap),Darwin (Leanyer),9.3,12.6,haversine x 1.35 (road) - ESTIMATE
Darwin (Parap),Darwin (Lyons),9.5,12.8,haversine x 1.35 (road) - ESTIMATE
Darwin (Parap),Darwin (Muirhead),10.1,13.6,haversine x 1.35 (road) - ESTIMATE
Darwin (Parap),Darwin (Berrimah),8.8,11.9,haversine x 1.35 (road) - ESTIMATE
Darwin (Parap),Darwin (Knuckey Lagoon),11.5,15.6,haversine x 1.35 (road) - ESTIMATE
Darwin (Parap),Palmerston (Gray),16.8,22.7,haversine x 1.35 (road) - ESTIMATE
Darwin (Parap),Palmerston (Driver),15.7,21.2,haversine x 1.35 (road) - ESTIMATE
Darwin (Parap),Palmerston (Moulden),16.7,22.6,haversine x 1.35 (road) - ESTIMATE
Darwin (Parap),Palmerston (Woodroffe),17.8,24.1,haversine x 1.35 (road) - ESTIMATE
Darwin (Parap),Palmerston (Gunn),18.4,24.9,haversine x 1.35 (road) - ESTIMATE
Darwin (Parap),Palmerston (Rosebery),18.3,24.7,haversine x 1.35 (road) - ESTIMATE
Darwin (Parap),Palmerston (Bakewell),18.6,25.2,haversine x 1.35 (road) - ESTIMATE
Darwin (Parap),Palmerston (Durack),15.0,20.3,haversine x 1.35 (road) - ESTIMATE
Darwin (Parap),Palmerston (Farrar),17.5,23.6,haversine x 1.35 (road) - ESTIMATE
Darwin (Parap),Palmerston (Johnston),19.6,26.5,haversine x 1.35 (road) - ESTIMATE
Darwin (Parap),Palmerston (Zuccoli),19.7,26.6,haversine x 1.35 (road) - ESTIMATE
Darwin (Parap),Palmerston (Bellamack),17.8,24.1,haversine x 1.35 (road) - ESTIMATE
Darwin (Parap),Howard Springs,23.6,31.8,haversine x 1.35 (road) - ESTIMATE
Darwin (Parap),Coolalinga,24.3,32.9,haversine x 1.35 (road) - ESTIMATE
Darwin (Parap),Virginia,22.5,30.4,haversine x 1.35 (road) - ESTIMATE
Darwin (Parap),Girraween,29.1,39.3,haversine x 1.35 (road) - ESTIMATE
Darwin (Parap),Berry Springs,34.8,47.0,haversine x 1.35 (road) - ESTIMATE
Darwin (Fannie Bay),Darwin (Ludmilla),1.8,2.5,haversine x 1.35 (road) - ESTIMATE
Darwin (Fannie Bay),Darwin (Nightcliff),4.9,6.6,haversine x 1.35 (road) - ESTIMATE
Darwin (Fannie Bay),Darwin (Malak),8.2,11.1,haversine x 1.35 (road) - ESTIMATE
Darwin (Fannie Bay),Darwin (Karama),9.0,12.1,haversine x 1.35 (road) - ESTIMATE
Darwin (Fannie Bay),Palmerston,17.3,23.3,haversine x 1.35 (road) - ESTIMATE
Darwin (Fannie Bay),Humpty Doo,33.0,44.5,haversine x 1.35 (road) - ESTIMATE
Darwin (Fannie Bay),Batchelor,72.7,98.1,haversine x 1.35 (road) - ESTIMATE
Darwin (Fannie Bay),Adelaide River,95.2,128.6,haversine x 1.35 (road) - ESTIMATE
Darwin (Fannie Bay),Belyuen,21.4,28.8,haversine x 1.35 (road) - ESTIMATE
Darwin (Fannie Bay),Wurrumiyanga,77.0,77.0,haversine x 1.0 (air_or_barge) - ESTIMATE
Darwin (Fannie Bay),Pine Creek,189.4,255.8,haversine x 1.35 (road) - ESTIMATE
Darwin (Fannie Bay),Katherine,274.6,370.7,haversine x 1.35 (road) - ESTIMATE
Darwin (Fannie Bay),Peppimenarti,208.3,281.2,haversine x 1.35 (road) - ESTIMATE
Darwin (Fannie Bay),Wadeye,247.2,333.7,haversine x 1.35 (road) - ESTIMATE
Darwin (Fannie Bay),Gunbalanya,241.8,326.5,haversine x 1.35 (road) - ESTIMATE
Darwin (Fannie Bay),Maningrida,371.0,500.9,haversine x 1.35 (road) - ESTIMATE
Darwin (Fannie Bay),Galiwinku,516.3,516.3,haversine x 1.0 (air_or_barge) - ESTIMATE
Darwin (Fannie Bay),Numbulwar,568.9,768.0,haversine x 1.35 (road) - ESTIMATE
Darwin (Fannie Bay),Darwin (City),4.6,6.2,haversine x 1.35 (road) - ESTIMATE
Darwin (Fannie Bay),Darwin (Larrakeyah),3.6,4.8,haversine x 1.35 (road) - ESTIMATE
Darwin (Fannie Bay),Darwin (Stuart Park),2.7,3.6,haversine x 1.35 (road) - ESTIMATE
Darwin (Fannie Bay),Darwin (The Gardens),2.8,3.8,haversine x 1.35 (road) - ESTIMATE
Darwin (Fannie Bay),Darwin (Parap),1.0,1.4,haversine x 1.35 (road) - ESTIMATE
Darwin (Fannie Bay),Darwin (Fannie Bay),0.0,0.0,haversine x 1.35 (road) - ESTIMATE
Darwin (Fannie Bay),Darwin (Bayview),2.9,3.9,haversine x 1.35 (road) - ESTIMATE
Darwin (Fannie Bay),Darwin (Woolner),2.3,3.1,haversine x 1.35 (road) - ESTIMATE
Darwin (Fannie Bay),Darwin (Winnellie),5.5,7.5,haversine x 1.35 (road) - ESTIMATE
Darwin (Fannie Bay),Darwin (Coconut Grove),3.3,4.5,haversine x 1.35 (road) - ESTIMATE
Darwin (Fannie Bay),Darwin (Rapid Creek),5.5,7.4,haversine x 1.35 (road) - ESTIMATE
Darwin (Fannie Bay),Darwin (Millner),4.6,6.2,haversine x 1.35 (road) - ESTIMATE
Darwin (Fannie Bay),Darwin (Jingili),5.6,7.6,haversine x 1.35 (road) - ESTIMATE
Darwin (Fannie Bay),Darwin (Moil),6.2,8.4,haversine x 1.35 (road) - ESTIMATE
Darwin (Fannie Bay),Darwin (Alawa),6.3,8.5,haversine x 1.35 (road) - ESTIMATE
Darwin (Fannie Bay),Darwin (Brinkin),6.9,9.3,haversine x 1.35 (road) - ESTIMATE
Darwin (Fannie Bay),Darwin (Nakara),7.2,9.8,haversine x 1.35 (road) - ESTIMATE
Darwin (Fannie Bay),Darwin (Tiwi),8.5,11.4,haversine x 1.35 (road) - ESTIMATE
Darwin (Fannie Bay),Darwin (Casuarina),7.4,10.0,haversine x 1.35 (road) - ESTIMATE
Darwin (Fannie Bay),Darwin (Wagaman),7.2,9.7,haversine x 1.35 (road) - ESTIMATE
Darwin (Fannie Bay),Darwin (Wanguri),7.9,10.7,haversine x 1.35 (road) - ESTIMATE
Darwin (Fannie Bay),Darwin (Wulagi),7.9,10.7,haversine x 1.35 (road) - ESTIMATE
Darwin (Fannie Bay),Darwin (Anula),7.0,9.5,haversine x 1.35 (road) - ESTIMATE
Darwin (Fannie Bay),Darwin (Marrara),6.7,9.1,haversine x 1.35 (road) - ESTIMATE
Darwin (Fannie Bay),Darwin (Leanyer),9.2,12.4,haversine x 1.35 (road) - ESTIMATE
Darwin (Fannie Bay),Darwin (Lyons),9.2,12.4,haversine x 1.35 (road) - ESTIMATE
Darwin (Fannie Bay),Darwin (Muirhead),9.9,13.3,haversine x 1.35 (road) - ESTIMATE
Darwin (Fannie Bay),Darwin (Berrimah),9.6,12.9,haversine x 1.35 (road) - ESTIMATE
Darwin (Fannie Bay),Darwin (Knuckey Lagoon),12.2,16.5,haversine x 1.35 (road) - ESTIMATE
Darwin (Fannie Bay),Palmerston (Gray),17.8,24.0,haversine x 1.35 (road) - ESTIMATE
Darwin (Fannie Bay),Palmerston (Driver),16.6,22.5,haversine x 1.35 (road) - ESTIMATE
Darwin (Fannie Bay),Palmerston (Moulden),17.7,23.9,haversine x 1.35 (road) - ESTIMATE
Darwin (Fannie Bay),Palmerston (Woodroffe),18.7,25.3,haversine x 1.35 (road) - ESTIMATE
Darwin (Fannie Bay),Palmerston (Gunn),19.3,26.1,haversine x 1.35 (road) - ESTIMATE
Darwin (Fannie Bay),Palmerston (Rosebery),19.3,26.0,haversine x 1.35 (road) - ESTIMATE
Darwin (Fannie Bay),Palmerston (Bakewell),19.6,26.4,haversine x 1.35 (road) - ESTIMATE
Darwin (Fannie Bay),Palmerston (Durack),15.9,21.4,haversine x 1.35 (road) - ESTIMATE
Darwin (Fannie Bay),Palmerston (Farrar),18.3,24.8,haversine x 1.35 (road) - ESTIMATE
Darwin (Fannie Bay),Palmerston (Johnston),20.5,27.7,haversine x 1.35 (road) - ESTIMATE
Darwin (Fannie Bay),Palmerston (Zuccoli),20.6,27.9,haversine x 1.35 (road) - ESTIMATE
Darwin (Fannie Bay),Palmerston (Bellamack),18.8,25.4,haversine x 1.35 (road) - ESTIMATE
Darwin (Fannie Bay),Howard Springs,24.4,33.0,haversine x 1.35 (road) - ESTIMATE
Darwin (Fannie Bay),Coolalinga,25.3,34.1,haversine x 1.35 (road) - ESTIMATE
Darwin (Fannie Bay),Virginia,23.5,31.7,haversine x 1.35 (road) - ESTIMATE
Darwin (Fannie Bay),Girraween,30.0,40.5,haversine x 1.35 (road) - ESTIMATE
Darwin (Fannie Bay),Berry Springs,35.8,48.3,haversine x 1.35 (road) - ESTIMATE
Darwin (Bayview),Darwin (Ludmilla),2.6,3.5,haversine x 1.35 (road) - ESTIMATE
Darwin (Bayview),Darwin (Nightcliff),6.6,8.9,haversine x 1.35 (road) - ESTIMATE
Darwin (Bayview),Darwin (Malak),7.6,10.3,haversine x 1.35 (road) - ESTIMATE
Darwin (Bayview),Darwin (Karama),8.0,10.7,haversine x 1.35 (road) - ESTIMATE
Darwin (Bayview),Palmerston,14.7,19.8,haversine x 1.35 (road) - ESTIMATE
Darwin (Bayview),Humpty Doo,30.2,40.8,haversine x 1.35 (road) - ESTIMATE
Darwin (Bayview),Batchelor,70.2,94.8,haversine x 1.35 (road) - ESTIMATE
Darwin (Bayview),Adelaide River,92.7,125.2,haversine x 1.35 (road) - ESTIMATE
Darwin (Bayview),Belyuen,22.0,29.6,haversine x 1.35 (road) - ESTIMATE
Darwin (Bayview),Wurrumiyanga,79.6,79.6,haversine x 1.0 (air_or_barge) - ESTIMATE
Darwin (Bayview),Pine Creek,186.6,251.9,haversine x 1.35 (road) - ESTIMATE
Darwin (Bayview),Katherine,271.8,366.9,haversine x 1.35 (road) - ESTIMATE
Darwin (Bayview),Peppimenarti,207.3,279.8,haversine x 1.35 (road) - ESTIMATE
Darwin (Bayview),Wadeye,246.7,333.1,haversine x 1.35 (road) - ESTIMATE
Darwin (Bayview),Gunbalanya,239.9,323.8,haversine x 1.35 (road) - ESTIMATE
Darwin (Bayview),Maningrida,369.2,498.4,haversine x 1.35 (road) - ESTIMATE
Darwin (Bayview),Galiwinku,514.4,514.4,haversine x 1.0 (air_or_barge) - ESTIMATE
Darwin (Bayview),Numbulwar,566.2,764.4,haversine x 1.35 (road) - ESTIMATE
Darwin (Bayview),Darwin (City),2.7,3.6,haversine x 1.35 (road) - ESTIMATE
Darwin (Bayview),Darwin (Larrakeyah),2.9,3.8,haversine x 1.35 (road) - ESTIMATE
Darwin (Bayview),Darwin (Stuart Park),1.4,1.9,haversine x 1.35 (road) - ESTIMATE
Darwin (Bayview),Darwin (The Gardens),2.2,3.0,haversine x 1.35 (road) - ESTIMATE
Darwin (Bayview),Darwin (Parap),1.9,2.5,haversine x 1.35 (road) - ESTIMATE
Darwin (Bayview),Darwin (Fannie Bay),2.9,3.9,haversine x 1.35 (road) - ESTIMATE
Darwin (Bayview),Darwin (Bayview),0.0,0.0,haversine x 1.35 (road) - ESTIMATE
Darwin (Bayview),Darwin (Woolner),0.8,1.0,haversine x 1.35 (road) - ESTIMATE
Darwin (Bayview),Darwin (Winnellie),3.9,5.2,haversine x 1.35 (road) - ESTIMATE
Darwin (Bayview),Darwin (Coconut Grove),4.8,6.5,haversine x 1.35 (road) - ESTIMATE
Darwin (Bayview),Darwin (Rapid Creek),6.7,9.1,haversine x 1.35 (road) - ESTIMATE
Darwin (Bayview),Darwin (Millner),5.6,7.6,haversine x 1.35 (road) - ESTIMATE
Darwin (Bayview),Darwin (Jingili),6.1,8.3,haversine x 1.35 (road) - ESTIMATE
Darwin (Bayview),Darwin (Moil),6.5,8.8,haversine x 1.35 (road) - ESTIMATE
Darwin (Bayview),Darwin (Alawa),7.1,9.6,haversine x 1.35 (road) - ESTIMATE
Darwin (Bayview),Darwin (Brinkin),8.0,10.7,haversine x 1.35 (road) - ESTIMATE
Darwin (Bayview),Darwin (Nakara),8.1,10.9,haversine x 1.35 (road) - ESTIMATE
Darwin (Bayview),Darwin (Tiwi),9.5,12.8,haversine x 1.35 (road) - ESTIMATE
Darwin (Bayview),Darwin (Casuarina),8.0,10.8,haversine x 1.35 (road) - ESTIMATE
Darwin (Bayview),Darwin (Wagaman),7.5,10.1,haversine x 1.35 (road) - ESTIMATE
Darwin (Bayview),Darwin (Wanguri),8.4,11.4,haversine x 1.35 (road) - ESTIMATE
Darwin (Bayview),Darwin (Wulagi),7.8,10.5,haversine x 1.35 (road) - ESTIMATE
Darwin (Bayview),Darwin (Anula),6.7,9.1,haversine x 1.35 (road) - ESTIMATE
Darwin (Bayview),Darwin (Marrara),6.2,8.4,haversine x 1.35 (road) - ESTIMATE
Darwin (Bayview),Darwin (Leanyer),9.6,12.9,haversine x 1.35 (road) - ESTIMATE
Darwin (Bayview),Darwin (Lyons),10.0,13.5,haversine x 1.35 (road) - ESTIMATE
Darwin (Bayview),Darwin (Muirhead),10.4,14.0,haversine x 1.35 (road) - ESTIMATE
Darwin (Bayview),Darwin (Berrimah),7.4,10.0,haversine x 1.35 (road) - ESTIMATE
Darwin (Bayview),Darwin (Knuckey Lagoon),10.1,13.7,haversine x 1.35 (road) - ESTIMATE
Darwin (Bayview),Palmerston (Gray),15.1,20.3,haversine x 1.35 (road) - ESTIMATE
Darwin (Bayview),Palmerston (Driver),14.0,18.8,haversine x 1.35 (road) - ESTIMATE
Darwin (Bayview),Palmerston (Moulden),14.9,20.1,haversine x 1.35 (road) - ESTIMATE
Darwin (Bayview),Palmerston (Woodroffe),16.1,21.7,haversine x 1.35 (road) - ESTIMATE
Darwin (Bayview),Palmerston (Gunn),16.7,22.5,haversine x 1.35 (road) - ESTIMATE
Darwin (Bayview),Palmerston (Rosebery),16.5,22.3,haversine x 1.35 (road) - ESTIMATE
Darwin (Bayview),Palmerston (Bakewell),16.9,22.8,haversine x 1.35 (road) - ESTIMATE
Darwin (Bayview),Palmerston (Durack),13.3,18.0,haversine x 1.35 (road) - ESTIMATE
Darwin (Bayview),Palmerston (Farrar),15.8,21.3,haversine x 1.35 (road) - ESTIMATE
Darwin (Bayview),Palmerston (Johnston),17.9,24.2,haversine x 1.35 (road) - ESTIMATE
Darwin (Bayview),Palmerston (Zuccoli),17.9,24.2,haversine x 1.35 (road) - ESTIMATE
Darwin (Bayview),Palmerston (Bellamack),16.0,21.6,haversine x 1.35 (road) - ESTIMATE
Darwin (Bayview),Howard Springs,21.9,29.5,haversine x 1.35 (road) - ESTIMATE
Darwin (Bayview),Coolalinga,22.6,30.4,haversine x 1.35 (road) - ESTIMATE
Darwin (Bayview),Virginia,20.7,27.9,haversine x 1.35 (road) - ESTIMATE
Darwin (Bayview),Girraween,27.4,36.9,haversine x 1.35 (road) - ESTIMATE
Darwin (Bayview),Berry Springs,33.1,44.6,haversine x 1.35 (road) - ESTIMATE
Darwin (Woolner),Darwin (Ludmilla),2.5,3.4,haversine x 1.35 (road) - ESTIMATE
Darwin (Woolner),Darwin (Nightcliff),6.5,8.7,haversine x 1.35 (road) - ESTIMATE
Darwin (Woolner),Darwin (Malak),8.1,10.9,haversine x 1.35 (road) - ESTIMATE
Darwin (Woolner),Darwin (Karama),8.5,11.5,haversine x 1.35 (road) - ESTIMATE
Darwin (Woolner),Palmerston,15.4,20.8,haversine x 1.35 (road) - ESTIMATE
Darwin (Woolner),Humpty Doo,30.9,41.8,haversine x 1.35 (road) - ESTIMATE
Darwin (Woolner),Batchelor,70.5,95.2,haversine x 1.35 (road) - ESTIMATE
Darwin (Woolner),Adelaide River,93.0,125.6,haversine x 1.35 (road) - ESTIMATE
Darwin (Woolner),Belyuen,21.4,28.8,haversine x 1.35 (road) - ESTIMATE
Darwin (Woolner),Wurrumiyanga,79.2,79.2,haversine x 1.0 (air_or_barge) - ESTIMATE
Darwin (Woolner),Pine Creek,187.2,252.7,haversine x 1.35 (road) - ESTIMATE
Darwin (Woolner),Katherine,272.3,367.6,haversine x 1.35 (road) - ESTIMATE
Darwin (Woolner),Peppimenarti,207.1,279.6,haversine x 1.35 (road) - ESTIMATE
Darwin (Woolner),Wadeye,246.4,332.6,haversine x 1.35 (road) - ESTIMATE
Darwin (Woolner),Gunbalanya,240.6,324.8,haversine x 1.35 (road) - ESTIMATE
Darwin (Woolner),Maningrida,369.9,499.4,haversine x 1.35 (road) - ESTIMATE
Darwin (Woolner),Galiwinku,515.2,515.2,haversine x 1.0 (air_or_barge) - ESTIMATE
Darwin (Woolner),Numbulwar,567.0,765.4,haversine x 1.35 (road) - ESTIMATE
Darwin (Woolner),Darwin (City),2.6,3.5,haversine x 1.35 (road) - ESTIMATE
Darwin (Woolner),Darwin (Larrakeyah),2.3,3.1,haversine x 1.35 (road) - ESTIMATE
Darwin (Woolner),Darwin (Stuart Park),0.9,1.2,haversine x 1.35 (road) - ESTIMATE
Darwin (Woolner),Darwin (The Gardens),1.6,2.1,haversine x 1.35 (road) - ESTIMATE
Darwin (Woolner),Darwin (Parap),1.3,1.7,haversine x 1.35 (road) - ESTIMATE
Darwin (Woolner),Darwin (Fannie Bay),2.3,3.1,haversine x 1.35 (road) - ESTIMATE
Darwin (Woolner),Darwin (Bayview),0.8,1.0,haversine x 1.35 (road) - ESTIMATE
Darwin (Woolner),Darwin (Woolner),0.0,0.0,haversine x 1.35 (road) - ESTIMATE
Darwin (Woolner),Darwin (Winnellie),4.5,6.1,haversine x 1.35 (road) - ESTIMATE
Darwin (Woolner),Darwin (Coconut Grove),4.7,6.3,haversine x 1.35 (road) - ESTIMATE
Darwin (Woolner),Darwin (Rapid Creek),6.7,9.1,haversine x 1.35 (road) - ESTIMATE
Darwin (Woolner),Darwin (Millner),5.7,7.7,haversine x 1.35 (road) - ESTIMATE
Darwin (Woolner),Darwin (Jingili),6.3,8.6,haversine x 1.35 (road) - ESTIMATE
Darwin (Woolner),Darwin (Moil),6.8,9.2,haversine x 1.35 (road) - ESTIMATE
Darwin (Woolner),Darwin (Alawa),7.2,9.8,haversine x 1.35 (road) - ESTIMATE
Darwin (Woolner),Darwin (Brinkin),8.0,10.8,haversine x 1.35 (road) - ESTIMATE
Darwin (Woolner),Darwin (Nakara),8.3,11.1,haversine x 1.35 (road) - ESTIMATE
Darwin (Woolner),Darwin (Tiwi),9.6,12.9,haversine x 1.35 (road) - ESTIMATE
Darwin (Woolner),Darwin (Casuarina),8.2,11.1,haversine x 1.35 (road) - ESTIMATE
Darwin (Woolner),Darwin (Wagaman),7.8,10.5,haversine x 1.35 (road) - ESTIMATE
Darwin (Woolner),Darwin (Wanguri),8.7,11.7,haversine x 1.35 (road) - ESTIMATE
Darwin (Woolner),Darwin (Wulagi),8.2,11.1,haversine x 1.35 (road) - ESTIMATE
Darwin (Woolner),Darwin (Anula),7.2,9.7,haversine x 1.35 (road) - ESTIMATE
Darwin (Woolner),Darwin (Marrara),6.7,9.0,haversine x 1.35 (road) - ESTIMATE
Darwin (Woolner),Darwin (Leanyer),9.8,13.3,haversine x 1.35 (road) - ESTIMATE
Darwin (Woolner),Darwin (Lyons),10.2,13.7,haversine x 1.35 (road) - ESTIMATE
Darwin (Woolner),Darwin (Muirhead),10.7,14.4,haversine x 1.35 (road) - ESTIMATE
Darwin (Woolner),Darwin (Berrimah),8.2,11.0,haversine x 1.35 (road) - ESTIMATE
Darwin (Woolner),Darwin (Knuckey Lagoon),10.9,14.7,haversine x 1.35 (road) - ESTIMATE
Darwin (Woolner),Palmerston (Gray),15.8,21.3,haversine x 1.35 (road) - ESTIMATE
Darwin (Woolner),Palmerston (Driver),14.7,19.9,haversine x 1.35 (road) - ESTIMATE
Darwin (Woolner),Palmerston (Moulden),15.6,21.1,haversine x 1.35 (road) - ESTIMATE
Darwin (Woolner),Palmerston (Woodroffe),16.8,22.7,haversine x 1.35 (road) - ESTIMATE
Darwin (Woolner),Palmerston (Gunn),17.4,23.6,haversine x 1.35 (road) - ESTIMATE
Darwin (Woolner),Palmerston (Rosebery),17.2,23.2,haversine x 1.35 (road) - ESTIMATE
Darwin (Woolner),Palmerston (Bakewell),17.6,23.8,haversine x 1.35 (road) - ESTIMATE
Darwin (Woolner),Palmerston (Durack),14.1,19.0,haversine x 1.35 (road) - ESTIMATE
Darwin (Woolner),Palmerston (Farrar),16.6,22.4,haversine x 1.35 (road) - ESTIMATE
Darwin (Woolner),Palmerston (Johnston),18.7,25.2,haversine x 1.35 (road) - ESTIMATE
Darwin (Woolner),Palmerston (Zuccoli),18.6,25.2,haversine x 1.35 (road) - ESTIMATE
Darwin (Woolner),Palmerston (Bellamack),16.7,22.5,haversine x 1.35 (road) - ESTIMATE
Darwin (Woolner),Howard Springs,22.6,30.5,haversine x 1.35 (road) - ESTIMATE
Darwin (Woolner),Coolalinga,23.3,31.4,haversine x 1.35 (road) - ESTIMATE
Darwin (Woolner),Virginia,21.4,28.9,haversine x 1.35 (road) - ESTIMATE
Darwin (Woolner),Girraween,28.1,38.0,haversine x 1.35 (road) - ESTIMATE
Darwin (Woolner),Berry Springs,33.5,45.2,haversine x 1.35 (road) - ESTIMATE
Darwin (Winnellie),Darwin (Ludmilla),3.9,5.3,haversine x 1.35 (road) - ESTIMATE
Darwin (Winnellie),Darwin (Nightcliff),6.1,8.3,haversine x 1.35 (road) - ESTIMATE
Darwin (Winnellie),Darwin (Malak),4.2,5.6,haversine x 1.35 (road) - ESTIMATE
Darwin (Winnellie),Darwin (Karama),4.2,5.7,haversine x 1.35 (road) - ESTIMATE
Darwin (Winnellie),Palmerston,12.1,16.4,haversine x 1.35 (road) - ESTIMATE
Darwin (Winnellie),Humpty Doo,28.1,38.0,haversine x 1.35 (road) - ESTIMATE
Darwin (Winnellie),Batchelor,71.0,95.8,haversine x 1.35 (road) - ESTIMATE
Darwin (Winnellie),Adelaide River,93.4,126.0,haversine x 1.35 (road) - ESTIMATE
Darwin (Winnellie),Belyuen,25.8,34.8,haversine x 1.35 (road) - ESTIMATE
Darwin (Winnellie),Wurrumiyanga,79.2,79.2,haversine x 1.0 (air_or_barge) - ESTIMATE
Darwin (Winnellie),Pine Creek,186.1,251.2,haversine x 1.35 (road) - ESTIMATE
Darwin (Winnellie),Katherine,271.3,366.2,haversine x 1.35 (road) - ESTIMATE
Darwin (Winnellie),Peppimenarti,210.2,283.8,haversine x 1.35 (road) - ESTIMATE
Darwin (Winnellie),Wadeye,250.1,337.7,haversine x 1.35 (road) - ESTIMATE
Darwin (Winnellie),Gunbalanya,236.3,319.0,haversine x 1.35 (road) - ESTIMATE
Darwin (Winnellie),Maningrida,365.5,493.5,haversine x 1.35 (road) - ESTIMATE
Darwin (Winnellie),Galiwinku,510.8,510.8,haversine x 1.0 (air_or_barge) - ESTIMATE
Darwin (Winnellie),Numbulwar,563.6,760.9,haversine x 1.35 (road) - ESTIMATE
Darwin (Winnellie),Darwin (City),6.1,8.3,haversine x 1.35 (road) - ESTIMATE
Darwin (Winnellie),Darwin (Larrakeyah),6.7,9.0,haversine x 1.35 (road) - ESTIMATE
Darwin (Winnellie),Darwin (Stuart Park),5.3,7.1,haversine x 1.35 (road) - ESTIMATE
Darwin (Winnellie),Darwin (The Gardens),6.1,8.2,haversine x 1.35 (road) - ESTIMATE
Darwin (Winnellie),Darwin (Parap),4.9,6.6,haversine x 1.35 (road) - ESTIMATE
Darwin (Winnellie),Darwin (Fannie Bay),5.5,7.5,haversine x 1.35 (road) - ESTIMATE
Darwin (Winnellie),Darwin (Bayview),3.9,5.2,haversine x 1.35 (road) - ESTIMATE
Darwin (Winnellie),Darwin (Woolner),4.5,6.1,haversine x 1.35 (road) - ESTIMATE
Darwin (Winnellie),Darwin (Winnellie),0.0,0.0,haversine x 1.35 (road) - ESTIMATE
Darwin (Winnellie),Darwin (Coconut Grove),4.8,6.5,haversine x 1.35 (road) - ESTIMATE
Darwin (Winnellie),Darwin (Rapid Creek),5.7,7.7,haversine x 1.35 (road) - ESTIMATE
Darwin (Winnellie),Darwin (Millner),4.7,6.3,haversine x 1.35 (road) - ESTIMATE
Darwin (Winnellie),Darwin (Jingili),4.3,5.9,haversine x 1.35 (road) - ESTIMATE
Darwin (Winnellie),Darwin (Moil),4.3,5.8,haversine x 1.35 (road) - ESTIMATE
Darwin (Winnellie),Darwin (Alawa),5.3,7.2,haversine x 1.35 (road) - ESTIMATE
Darwin (Winnellie),Darwin (Brinkin),6.4,8.6,haversine x 1.35 (road) - ESTIMATE
Darwin (Winnellie),Darwin (Nakara),6.2,8.4,haversine x 1.35 (road) - ESTIMATE
Darwin (Winnellie),Darwin (Tiwi),7.5,10.1,haversine x 1.35 (road) - ESTIMATE
Darwin (Winnellie),Darwin (Casuarina),5.8,7.8,haversine x 1.35 (road) - ESTIMATE
Darwin (Winnellie),Darwin (Wagaman),5.0,6.8,haversine x 1.35 (road) - ESTIMATE
Darwin (Winnellie),Darwin (Wanguri),6.0,8.1,haversine x 1.35 (road) - ESTIMATE
Darwin (Winnellie),Darwin (Wulagi),4.8,6.5,haversine x 1.35 (road) - ESTIMATE
Darwin (Winnellie),Darwin (Anula),3.7,5.0,haversine x 1.35 (road) - ESTIMATE
Darwin (Winnellie),Darwin (Marrara),3.1,4.1,haversine x 1.35 (road) - ESTIMATE
Darwin (Winnellie),Darwin (Leanyer),6.9,9.3,haversine x 1.35 (road) - ESTIMATE
Darwin (Winnellie),Darwin (Lyons),7.7,10.4,haversine x 1.35 (road) - ESTIMATE
Darwin (Winnellie),Darwin (Muirhead),7.7,10.5,haversine x 1.35 (road) - ESTIMATE
Darwin (Winnellie),Darwin (Berrimah),4.1,5.5,haversine x 1.35 (road) - ESTIMATE
Darwin (Winnellie),Darwin (Knuckey Lagoon),6.7,9.0,haversine x 1.35 (road) - ESTIMATE
Darwin (Winnellie),Palmerston (Gray),12.8,17.3,haversine x 1.35 (road) - ESTIMATE
Darwin (Winnellie),Palmerston (Driver),11.7,15.7,haversine x 1.35 (road) - ESTIMATE
Darwin (Winnellie),Palmerston (Moulden),13.0,17.5,haversine x 1.35 (road) - ESTIMATE
Darwin (Winnellie),Palmerston (Woodroffe),13.7,18.5,haversine x 1.35 (road) - ESTIMATE
Darwin (Winnellie),Palmerston (Gunn),14.2,19.1,haversine x 1.35 (road) - ESTIMATE
Darwin (Winnellie),Palmerston (Rosebery),14.5,19.6,haversine x 1.35 (road) - ESTIMATE
Darwin (Winnellie),Palmerston (Bakewell),14.6,19.7,haversine x 1.35 (road) - ESTIMATE
Darwin (Winnellie),Palmerston (Durack),10.7,14.4,haversine x 1.35 (road) - ESTIMATE
Darwin (Winnellie),Palmerston (Farrar),13.1,17.7,haversine x 1.35 (road) - ESTIMATE
Darwin (Winnellie),Palmerston (Johnston),15.3,20.7,haversine x 1.35 (road) - ESTIMATE
Darwin (Winnellie),Palmerston (Zuccoli),15.7,21.2,haversine x 1.35 (road) - ESTIMATE
Darwin (Winnellie),Palmerston (Bellamack),14.3,19.3,haversine x 1.35 (road) - ESTIMATE
Darwin (Winnellie),Howard Springs,19.2,25.9,haversine x 1.35 (road) - ESTIMATE
Darwin (Winnellie),Coolalinga,20.3,27.4,haversine x 1.35 (road) - ESTIMATE
Darwin (Winnellie),Virginia,18.6,25.2,haversine x 1.35 (road) - ESTIMATE
Darwin (Winnellie),Girraween,24.9,33.6,haversine x 1.35 (road) - ESTIMATE
Darwin (Winnellie),Berry Springs,33.2,44.8,haversine x 1.35 (road) - ESTIMATE
Darwin (Coconut Grove),Darwin (Ludmilla),2.2,3.0,haversine x 1.35 (road) - ESTIMATE
Darwin (Coconut Grove),Darwin (Nightcliff),1.8,2.4,haversine x 1.35 (road) - ESTIMATE
Darwin (Coconut Grove),Darwin (Malak),5.7,7.7,haversine x 1.35 (road) - ESTIMATE
Darwin (Coconut Grove),Darwin (Karama),6.7,9.1,haversine x 1.35 (road) - ESTIMATE
Darwin (Coconut Grove),Palmerston,16.9,22.8,haversine x 1.35 (road) - ESTIMATE
Darwin (Coconut Grove),Humpty Doo,32.9,44.5,haversine x 1.35 (road) - ESTIMATE
Darwin (Coconut Grove),Batchelor,74.9,101.1,haversine x 1.35 (road) - ESTIMATE
Darwin (Coconut Grove),Adelaide River,97.3,131.4,haversine x 1.35 (road) - ESTIMATE
Darwin (Coconut Grove),Belyuen,24.5,33.1,haversine x 1.35 (road) - ESTIMATE
Darwin (Coconut Grove),Wurrumiyanga,75.0,75.0,haversine x 1.0 (air_or_barge) - ESTIMATE
Darwin (Coconut Grove),Pine Creek,190.7,257.5,haversine x 1.35 (road) - ESTIMATE
Darwin (Coconut Grove),Katherine,275.9,372.4,haversine x 1.35 (road) - ESTIMATE
Darwin (Coconut Grove),Peppimenarti,211.6,285.6,haversine x 1.35 (road) - ESTIMATE
Darwin (Coconut Grove),Wadeye,250.5,338.2,haversine x 1.35 (road) - ESTIMATE
Darwin (Coconut Grove),Gunbalanya,239.9,323.8,haversine x 1.35 (road) - ESTIMATE
Darwin (Coconut Grove),Maningrida,368.9,498.0,haversine x 1.35 (road) - ESTIMATE
Darwin (Coconut Grove),Galiwinku,514.3,514.3,haversine x 1.0 (air_or_barge) - ESTIMATE
Darwin (Coconut Grove),Numbulwar,568.2,767.1,haversine x 1.35 (road) - ESTIMATE
Darwin (Coconut Grove),Darwin (City),7.3,9.9,haversine x 1.35 (road) - ESTIMATE
Darwin (Coconut Grove),Darwin (Larrakeyah),6.7,9.0,haversine x 1.35 (road) - ESTIMATE
Darwin (Coconut Grove),Darwin (Stuart Park),5.4,7.4,haversine x 1.35 (road) - ESTIMATE
Darwin (Coconut Grove),Darwin (The Gardens),5.9,7.9,haversine x 1.35 (road) - ESTIMATE
Darwin (Coconut Grove),Darwin (Parap),3.8,5.1,haversine x 1.35 (road) - ESTIMATE
Darwin (Coconut Grove),Darwin (Fannie Bay),3.3,4.5,haversine x 1.35 (road) - ESTIMATE
Darwin (Coconut Grove),Darwin (Bayview),4.8,6.5,haversine x 1.35 (road) - ESTIMATE
Darwin (Coconut Grove),Darwin (Woolner),4.7,6.3,haversine x 1.35 (road) - ESTIMATE
Darwin (Coconut Grove),Darwin (Winnellie),4.8,6.5,haversine x 1.35 (road) - ESTIMATE
Darwin (Coconut Grove),Darwin (Coconut Grove),0.0,0.0,haversine x 1.35 (road) - ESTIMATE
Darwin (Coconut Grove),Darwin (Rapid Creek),2.1,2.9,haversine x 1.35 (road) - ESTIMATE
Darwin (Coconut Grove),Darwin (Millner),1.3,1.8,haversine x 1.35 (road) - ESTIMATE
Darwin (Coconut Grove),Darwin (Jingili),2.5,3.4,haversine x 1.35 (road) - ESTIMATE
Darwin (Coconut Grove),Darwin (Moil),3.2,4.4,haversine x 1.35 (road) - ESTIMATE
Darwin (Coconut Grove),Darwin (Alawa),3.0,4.1,haversine x 1.35 (road) - ESTIMATE
Darwin (Coconut Grove),Darwin (Brinkin),3.5,4.8,haversine x 1.35 (road) - ESTIMATE
Darwin (Coconut Grove),Darwin (Nakara),3.9,5.3,haversine x 1.35 (road) - ESTIMATE
Darwin (Coconut Grove),Darwin (Tiwi),5.1,6.9,haversine x 1.35 (road) - ESTIMATE
Darwin (Coconut Grove),Darwin (Casuarina),4.1,5.6,haversine x 1.35 (road) - ESTIMATE
Darwin (Coconut Grove),Darwin (Wagaman),4.1,5.5,haversine x 1.35 (road) - ESTIMATE
Darwin (Coconut Grove),Darwin (Wanguri),4.7,6.3,haversine x 1.35 (road) - ESTIMATE
Darwin (Coconut Grove),Darwin (Wulagi),5.0,6.8,haversine x 1.35 (road) - ESTIMATE
Darwin (Coconut Grove),Darwin (Anula),4.4,5.9,haversine x 1.35 (road) - ESTIMATE
Darwin (Coconut Grove),Darwin (Marrara),4.3,5.9,haversine x 1.35 (road) - ESTIMATE
Darwin (Coconut Grove),Darwin (Leanyer),5.9,8.0,haversine x 1.35 (road) - ESTIMATE
Darwin (Coconut Grove),Darwin (Lyons),5.9,7.9,haversine x 1.35 (road) - ESTIMATE
Darwin (Coconut Grove),Darwin (Muirhead),6.6,8.9,haversine x 1.35 (road) - ESTIMATE
Darwin (Coconut Grove),Darwin (Berrimah),8.7,11.7,haversine x 1.35 (road) - ESTIMATE
Darwin (Coconut Grove),Darwin (Knuckey Lagoon),11.1,15.0,haversine x 1.35 (road) - ESTIMATE
Darwin (Coconut Grove),Palmerston (Gray),17.6,23.8,haversine x 1.35 (road) - ESTIMATE
Darwin (Coconut Grove),Palmerston (Driver),16.5,22.2,haversine x 1.35 (road) - ESTIMATE
Darwin (Coconut Grove),Palmerston (Moulden),17.8,24.0,haversine x 1.35 (road) - ESTIMATE
Darwin (Coconut Grove),Palmerston (Woodroffe),18.5,25.0,haversine x 1.35 (road) - ESTIMATE
Darwin (Coconut Grove),Palmerston (Gunn),18.9,25.6,haversine x 1.35 (road) - ESTIMATE
Darwin (Coconut Grove),Palmerston (Rosebery),19.3,26.1,haversine x 1.35 (road) - ESTIMATE
Darwin (Coconut Grove),Palmerston (Bakewell),19.4,26.1,haversine x 1.35 (road) - ESTIMATE
Darwin (Coconut Grove),Palmerston (Durack),15.5,20.9,haversine x 1.35 (road) - ESTIMATE
Darwin (Coconut Grove),Palmerston (Farrar),17.8,24.0,haversine x 1.35 (road) - ESTIMATE
Darwin (Coconut Grove),Palmerston (Johnston),20.1,27.1,haversine x 1.35 (road) - ESTIMATE
Darwin (Coconut Grove),Palmerston (Zuccoli),20.5,27.7,haversine x 1.35 (road) - ESTIMATE
Darwin (Coconut Grove),Palmerston (Bellamack),19.1,25.8,haversine x 1.35 (road) - ESTIMATE
Darwin (Coconut Grove),Howard Springs,23.9,32.2,haversine x 1.35 (road) - ESTIMATE
Darwin (Coconut Grove),Coolalinga,25.1,33.8,haversine x 1.35 (road) - ESTIMATE
Darwin (Coconut Grove),Virginia,23.5,31.7,haversine x 1.35 (road) - ESTIMATE
Darwin (Coconut Grove),Girraween,29.6,40.0,haversine x 1.35 (road) - ESTIMATE
Darwin (Coconut Grove),Berry Springs,37.5,50.6,haversine x 1.35 (road) - ESTIMATE
Darwin (Rapid Creek),Darwin (Ludmilla),4.3,5.7,haversine x 1.35 (road) - ESTIMATE
Darwin (Rapid Creek),Darwin (Nightcliff),1.0,1.3,haversine x 1.35 (road) - ESTIMATE
Darwin (Rapid Creek),Darwin (Malak),4.9,6.6,haversine x 1.35 (road) - ESTIMATE
Darwin (Rapid Creek),Darwin (Karama),6.1,8.3,haversine x 1.35 (road) - ESTIMATE
Darwin (Rapid Creek),Palmerston,17.2,23.3,haversine x 1.35 (road) - ESTIMATE
Darwin (Rapid Creek),Humpty Doo,33.3,45.0,haversine x 1.35 (road) - ESTIMATE
Darwin (Rapid Creek),Batchelor,76.5,103.2,haversine x 1.35 (road) - ESTIMATE
Darwin (Rapid Creek),Adelaide River,98.9,133.5,haversine x 1.35 (road) - ESTIMATE
Darwin (Rapid Creek),Belyuen,26.5,35.8,haversine x 1.35 (road) - ESTIMATE
Darwin (Rapid Creek),Wurrumiyanga,73.5,73.5,haversine x 1.0 (air_or_barge) - ESTIMATE
Darwin (Rapid Creek),Pine Creek,191.7,258.9,haversine x 1.35 (road) - ESTIMATE
Darwin (Rapid Creek),Katherine,276.9,373.9,haversine x 1.35 (road) - ESTIMATE
Darwin (Rapid Creek),Peppimenarti,213.7,288.5,haversine x 1.35 (road) - ESTIMATE
Darwin (Rapid Creek),Wadeye,252.6,341.0,haversine x 1.35 (road) - ESTIMATE
Darwin (Rapid Creek),Gunbalanya,238.8,322.4,haversine x 1.35 (road) - ESTIMATE
Darwin (Rapid Creek),Maningrida,367.8,496.5,haversine x 1.35 (road) - ESTIMATE
Darwin (Rapid Creek),Galiwinku,513.2,513.2,haversine x 1.0 (air_or_barge) - ESTIMATE
Darwin (Rapid Creek),Numbulwar,568.0,766.8,haversine x 1.35 (road) - ESTIMATE
Darwin (Rapid Creek),Darwin (City),9.3,12.6,haversine x 1.35 (road) - ESTIMATE
Darwin (Rapid Creek),Darwin (Larrakeyah),8.8,11.9,haversine x 1.35 (road) - ESTIMATE
Darwin (Rapid Creek),Darwin (Stuart Park),7.5,10.1,haversine x 1.35 (road) - ESTIMATE
Darwin (Rapid Creek),Darwin (The Gardens),8.0,10.8,haversine x 1.35 (road) - ESTIMATE
Darwin (Rapid Creek),Darwin (Parap),5.9,7.9,haversine x 1.35 (road) - ESTIMATE
Darwin (Rapid Creek),Darwin (Fannie Bay),5.5,7.4,haversine x 1.35 (road) - ESTIMATE
Darwin (Rapid Creek),Darwin (Bayview),6.7,9.1,haversine x 1.35 (road) - ESTIMATE
Darwin (Rapid Creek),Darwin (Woolner),6.7,9.1,haversine x 1.35 (road) - ESTIMATE
Darwin (Rapid Creek),Darwin (Winnellie),5.7,7.7,haversine x 1.35 (road) - ESTIMATE
Darwin (Rapid Creek),Darwin (Coconut Grove),2.1,2.9,haversine x 1.35 (road) - ESTIMATE
Darwin (Rapid Creek),Darwin (Rapid Creek),0.0,0.0,haversine x 1.35 (road) - ESTIMATE
Darwin (Rapid Creek),Darwin (Millner),1.1,1.5,haversine x 1.35 (road) - ESTIMATE
Darwin (Rapid Creek),Darwin (Jingili),1.6,2.1,haversine x 1.35 (road) - ESTIMATE
Darwin (Rapid Creek),Darwin (Moil),2.2,3.0,haversine x 1.35 (road) - ESTIMATE
Darwin (Rapid Creek),Darwin (Alawa),1.3,1.8,haversine x 1.35 (road) - ESTIMATE
Darwin (Rapid Creek),Darwin (Brinkin),1.4,1.9,haversine x 1.35 (road) - ESTIMATE
Darwin (Rapid Creek),Darwin (Nakara),1.9,2.5,haversine x 1.35 (road) - ESTIMATE
Darwin (Rapid Creek),Darwin (Tiwi),3.0,4.1,haversine x 1.35 (road) - ESTIMATE
Darwin (Rapid Creek),Darwin (Casuarina),2.3,3.1,haversine x 1.35 (road) - ESTIMATE
Darwin (Rapid Creek),Darwin (Wagaman),2.6,3.5,haversine x 1.35 (road) - ESTIMATE
Darwin (Rapid Creek),Darwin (Wanguri),2.9,3.9,haversine x 1.35 (road) - ESTIMATE
Darwin (Rapid Creek),Darwin (Wulagi),3.8,5.2,haversine x 1.35 (road) - ESTIMATE
Darwin (Rapid Creek),Darwin (Anula),3.6,4.9,haversine x 1.35 (road) - ESTIMATE
Darwin (Rapid Creek),Darwin (Marrara),3.9,5.3,haversine x 1.35 (road) - ESTIMATE
Darwin (Rapid Creek),Darwin (Leanyer),4.1,5.5,haversine x 1.35 (road) - ESTIMATE
Darwin (Rapid Creek),Darwin (Lyons),3.8,5.1,haversine x 1.35 (road) - ESTIMATE
Darwin (Rapid Creek),Darwin (Muirhead),4.6,6.3,haversine x 1.35 (road) - ESTIMATE
Darwin (Rapid Creek),Darwin (Berrimah),9.0,12.2,haversine x 1.35 (road) - ESTIMATE
Darwin (Rapid Creek),Darwin (Knuckey Lagoon),11.1,15.0,haversine x 1.35 (road) - ESTIMATE
Darwin (Rapid Creek),Palmerston (Gray),18.1,24.4,haversine x 1.35 (road) - ESTIMATE
Darwin (Rapid Creek),Palmerston (Driver),16.9,22.9,haversine x 1.35 (road) - ESTIMATE
Darwin (Rapid Creek),Palmerston (Moulden),18.4,24.9,haversine x 1.35 (road) - ESTIMATE
Darwin (Rapid Creek),Palmerston (Woodroffe),18.9,25.5,haversine x 1.35 (road) - ESTIMATE
Darwin (Rapid Creek),Palmerston (Gunn),19.2,25.9,haversine x 1.35 (road) - ESTIMATE
Darwin (Rapid Creek),Palmerston (Rosebery),19.9,26.9,haversine x 1.35 (road) - ESTIMATE
Darwin (Rapid Creek),Palmerston (Bakewell),19.8,26.7,haversine x 1.35 (road) - ESTIMATE
Darwin (Rapid Creek),Palmerston (Durack),15.8,21.3,haversine x 1.35 (road) - ESTIMATE
Darwin (Rapid Creek),Palmerston (Farrar),18.0,24.3,haversine x 1.35 (road) - ESTIMATE
Darwin (Rapid Creek),Palmerston (Johnston),20.3,27.4,haversine x 1.35 (road) - ESTIMATE
Darwin (Rapid Creek),Palmerston (Zuccoli),21.0,28.3,haversine x 1.35 (road) - ESTIMATE
Darwin (Rapid Creek),Palmerston (Bellamack),19.8,26.8,haversine x 1.35 (road) - ESTIMATE
Darwin (Rapid Creek),Howard Springs,24.0,32.4,haversine x 1.35 (road) - ESTIMATE
Darwin (Rapid Creek),Coolalinga,25.4,34.3,haversine x 1.35 (road) - ESTIMATE
Darwin (Rapid Creek),Virginia,23.9,32.3,haversine x 1.35 (road) - ESTIMATE
Darwin (Rapid Creek),Girraween,29.8,40.2,haversine x 1.35 (road) - ESTIMATE
Darwin (Rapid Creek),Berry Springs,38.8,52.4,haversine x 1.35 (road) - ESTIMATE
Darwin (Millner),Darwin (Ludmilla),3.2,4.4,haversine x 1.35 (road) - ESTIMATE
Darwin (Millner),Darwin (Nightcliff),1.5,2.0,haversine x 1.35 (road) - ESTIMATE
Darwin (Millner),Darwin (Malak),4.6,6.2,haversine x 1.35 (road) - ESTIMATE
Darwin (Millner),Darwin (Karama),5.7,7.7,haversine x 1.35 (road) - ESTIMATE
Darwin (Millner),Palmerston,16.4,22.2,haversine x 1.35 (road) - ESTIMATE
Darwin (Millner),Humpty Doo,32.5,43.9,haversine x 1.35 (road) - ESTIMATE
Darwin (Millner),Batchelor,75.3,101.7,haversine x 1.35 (road) - ESTIMATE
Darwin (Millner),Adelaide River,97.8,132.0,haversine x 1.35 (road) - ESTIMATE
Darwin (Millner),Belyuen,25.9,34.9,haversine x 1.35 (road) - ESTIMATE
Darwin (Millner),Wurrumiyanga,74.6,74.6,haversine x 1.0 (air_or_barge) - ESTIMATE
Darwin (Millner),Pine Creek,190.8,257.5,haversine x 1.35 (road) - ESTIMATE
Darwin (Millner),Katherine,275.9,372.5,haversine x 1.35 (road) - ESTIMATE
Darwin (Millner),Peppimenarti,212.7,287.2,haversine x 1.35 (road) - ESTIMATE
Darwin (Millner),Wadeye,251.8,339.9,haversine x 1.35 (road) - ESTIMATE
Darwin (Millner),Gunbalanya,238.8,322.3,haversine x 1.35 (road) - ESTIMATE
Darwin (Millner),Maningrida,367.7,496.5,haversine x 1.35 (road) - ESTIMATE
Darwin (Millner),Galiwinku,513.1,513.1,haversine x 1.0 (air_or_barge) - ESTIMATE
Darwin (Millner),Numbulwar,567.5,766.1,haversine x 1.35 (road) - ESTIMATE
Darwin (Millner),Darwin (City),8.3,11.2,haversine x 1.35 (road) - ESTIMATE
Darwin (Millner),Darwin (Larrakeyah),7.8,10.6,haversine x 1.35 (road) - ESTIMATE
Darwin (Millner),Darwin (Stuart Park),6.5,8.8,haversine x 1.35 (road) - ESTIMATE
Darwin (Millner),Darwin (The Gardens),7.0,9.4,haversine x 1.35 (road) - ESTIMATE
Darwin (Millner),Darwin (Parap),4.9,6.6,haversine x 1.35 (road) - ESTIMATE
Darwin (Millner),Darwin (Fannie Bay),4.6,6.2,haversine x 1.35 (road) - ESTIMATE
Darwin (Millner),Darwin (Bayview),5.6,7.6,haversine x 1.35 (road) - ESTIMATE
Darwin (Millner),Darwin (Woolner),5.7,7.7,haversine x 1.35 (road) - ESTIMATE
Darwin (Millner),Darwin (Winnellie),4.7,6.3,haversine x 1.35 (road) - ESTIMATE
Darwin (Millner),Darwin (Coconut Grove),1.3,1.8,haversine x 1.35 (road) - ESTIMATE
Darwin (Millner),Darwin (Rapid Creek),1.1,1.5,haversine x 1.35 (road) - ESTIMATE
Darwin (Millner),Darwin (Millner),0.0,0.0,haversine x 1.35 (road) - ESTIMATE
Darwin (Millner),Darwin (Jingili),1.2,1.6,haversine x 1.35 (road) - ESTIMATE
Darwin (Millner),Darwin (Moil),2.0,2.7,haversine x 1.35 (road) - ESTIMATE
Darwin (Millner),Darwin (Alawa),1.7,2.3,haversine x 1.35 (road) - ESTIMATE
Darwin (Millner),Darwin (Brinkin),2.4,3.2,haversine x 1.35 (road) - ESTIMATE
Darwin (Millner),Darwin (Nakara),2.6,3.6,haversine x 1.35 (road) - ESTIMATE
Darwin (Millner),Darwin (Tiwi),3.9,5.3,haversine x 1.35 (road) - ESTIMATE
Darwin (Millner),Darwin (Casuarina),2.8,3.8,haversine x 1.35 (road) - ESTIMATE
Darwin (Millner),Darwin (Wagaman),2.7,3.7,haversine x 1.35 (road) - ESTIMATE
Darwin (Millner),Darwin (Wanguri),3.4,4.5,haversine x 1.35 (road) - ESTIMATE
Darwin (Millner),Darwin (Wulagi),3.8,5.1,haversine x 1.35 (road) - ESTIMATE
Darwin (Millner),Darwin (Anula),3.3,4.4,haversine x 1.35 (road) - ESTIMATE
Darwin (Millner),Darwin (Marrara),3.4,4.6,haversine x 1.35 (road) - ESTIMATE
Darwin (Millner),Darwin (Leanyer),4.6,6.2,haversine x 1.35 (road) - ESTIMATE
Darwin (Millner),Darwin (Lyons),4.6,6.2,haversine x 1.35 (road) - ESTIMATE
Darwin (Millner),Darwin (Muirhead),5.3,7.1,haversine x 1.35 (road) - ESTIMATE
Darwin (Millner),Darwin (Berrimah),8.2,11.1,haversine x 1.35 (road) - ESTIMATE
Darwin (Millner),Darwin (Knuckey Lagoon),10.4,14.1,haversine x 1.35 (road) - ESTIMATE
Darwin (Millner),Palmerston (Gray),17.3,23.3,haversine x 1.35 (road) - ESTIMATE
Darwin (Millner),Palmerston (Driver),16.1,21.7,haversine x 1.35 (road) - ESTIMATE
Darwin (Millner),Palmerston (Moulden),17.6,23.7,haversine x 1.35 (road) - ESTIMATE
Darwin (Millner),Palmerston (Woodroffe),18.1,24.4,haversine x 1.35 (road) - ESTIMATE
Darwin (Millner),Palmerston (Gunn),18.5,24.9,haversine x 1.35 (road) - ESTIMATE
Darwin (Millner),Palmerston (Rosebery),19.0,25.7,haversine x 1.35 (road) - ESTIMATE
Darwin (Millner),Palmerston (Bakewell),19.0,25.6,haversine x 1.35 (road) - ESTIMATE
Darwin (Millner),Palmerston (Durack),15.0,20.3,haversine x 1.35 (road) - ESTIMATE
Darwin (Millner),Palmerston (Farrar),17.3,23.3,haversine x 1.35 (road) - ESTIMATE
Darwin (Millner),Palmerston (Johnston),19.6,26.4,haversine x 1.35 (road) - ESTIMATE
Darwin (Millner),Palmerston (Zuccoli),20.2,27.2,haversine x 1.35 (road) - ESTIMATE
Darwin (Millner),Palmerston (Bellamack),18.9,25.5,haversine x 1.35 (road) - ESTIMATE
Darwin (Millner),Howard Springs,23.3,31.4,haversine x 1.35 (road) - ESTIMATE
Darwin (Millner),Coolalinga,24.6,33.2,haversine x 1.35 (road) - ESTIMATE
Darwin (Millner),Virginia,23.1,31.2,haversine x 1.35 (road) - ESTIMATE
Darwin (Millner),Girraween,29.1,39.3,haversine x 1.35 (road) - ESTIMATE
Darwin (Millner),Berry Springs,37.7,50.9,haversine x 1.35 (road) - ESTIMATE
Darwin (Jingili),Darwin (Ludmilla),4.0,5.4,haversine x 1.35 (road) - ESTIMATE
Darwin (Jingili),Darwin (Nightcliff),2.4,3.3,haversine x 1.35 (road) - ESTIMATE
Darwin (Jingili),Darwin (Malak),3.4,4.6,haversine x 1.35 (road) - ESTIMATE
Darwin (Jingili),Darwin (Karama),4.6,6.2,haversine x 1.35 (road) - ESTIMATE
Darwin (Jingili),Palmerston,15.7,21.1,haversine x 1.35 (road) - ESTIMATE
Darwin (Jingili),Humpty Doo,31.7,42.8,haversine x 1.35 (road) - ESTIMATE
Darwin (Jingili),Batchelor,75.3,101.6,haversine x 1.35 (road) - ESTIMATE
Darwin (Jingili),Adelaide River,97.7,131.9,haversine x 1.35 (road) - ESTIMATE
Darwin (Jingili),Belyuen,26.9,36.4,haversine x 1.35 (road) - ESTIMATE
Darwin (Jingili),Wurrumiyanga,74.8,74.8,haversine x 1.0 (air_or_barge) - ESTIMATE
Darwin (Jingili),Pine Creek,190.3,256.9,haversine x 1.35 (road) - ESTIMATE
Darwin (Jingili),Katherine,275.5,371.9,haversine x 1.35 (road) - ESTIMATE
Darwin (Jingili),Peppimenarti,213.4,288.1,haversine x 1.35 (road) - ESTIMATE
Darwin (Jingili),Wadeye,252.6,341.1,haversine x 1.35 (road) - ESTIMATE
Darwin (Jingili),Gunbalanya,237.6,320.7,haversine x 1.35 (road) - ESTIMATE
Darwin (Jingili),Maningrida,366.5,494.8,haversine x 1.35 (road) - ESTIMATE
Darwin (Jingili),Galiwinku,511.9,511.9,haversine x 1.0 (air_or_barge) - ESTIMATE
Darwin (Jingili),Numbulwar,566.5,764.8,haversine x 1.35 (road) - ESTIMATE
Darwin (Jingili),Darwin (City),8.8,11.9,haversine x 1.35 (road) - ESTIMATE
Darwin (Jingili),Darwin (Larrakeyah),8.6,11.6,haversine x 1.35 (road) - ESTIMATE
Darwin (Jingili),Darwin (Stuart Park),7.2,9.7,haversine x 1.35 (road) - ESTIMATE
Darwin (Jingili),Darwin (The Gardens),7.8,10.5,haversine x 1.35 (road) - ESTIMATE
Darwin (Jingili),Darwin (Parap),5.7,7.7,haversine x 1.35 (road) - ESTIMATE
Darwin (Jingili),Darwin (Fannie Bay),5.6,7.6,haversine x 1.35 (road) - ESTIMATE
Darwin (Jingili),Darwin (Bayview),6.1,8.3,haversine x 1.35 (road) - ESTIMATE
Darwin (Jingili),Darwin (Woolner),6.3,8.6,haversine x 1.35 (road) - ESTIMATE
Darwin (Jingili),Darwin (Winnellie),4.3,5.9,haversine x 1.35 (road) - ESTIMATE
Darwin (Jingili),Darwin (Coconut Grove),2.5,3.4,haversine x 1.35 (road) - ESTIMATE
Darwin (Jingili),Darwin (Rapid Creek),1.6,2.1,haversine x 1.35 (road) - ESTIMATE
Darwin (Jingili),Darwin (Millner),1.2,1.6,haversine x 1.35 (road) - ESTIMATE
Darwin (Jingili),Darwin (Jingili),0.0,0.0,haversine x 1.35 (road) - ESTIMATE
Darwin (Jingili),Darwin (Moil),0.8,1.0,haversine x 1.35 (road) - ESTIMATE
Darwin (Jingili),Darwin (Alawa),1.0,1.4,haversine x 1.35 (road) - ESTIMATE
Darwin (Jingili),Darwin (Brinkin),2.0,2.8,haversine x 1.35 (road) - ESTIMATE
Darwin (Jingili),Darwin (Nakara),2.0,2.7,haversine x 1.35 (road) - ESTIMATE
Darwin (Jingili),Darwin (Tiwi),3.4,4.5,haversine x 1.35 (road) - ESTIMATE
Darwin (Jingili),Darwin (Casuarina),1.9,2.5,haversine x 1.35 (road) - ESTIMATE
Darwin (Jingili),Darwin (Wagaman),1.6,2.1,haversine x 1.35 (road) - ESTIMATE
Darwin (Jingili),Darwin (Wanguri),2.4,3.2,haversine x 1.35 (road) - ESTIMATE
Darwin (Jingili),Darwin (Wulagi),2.6,3.5,haversine x 1.35 (road) - ESTIMATE
Darwin (Jingili),Darwin (Anula),2.1,2.8,haversine x 1.35 (road) - ESTIMATE
Darwin (Jingili),Darwin (Marrara),2.3,3.2,haversine x 1.35 (road) - ESTIMATE
Darwin (Jingili),Darwin (Leanyer),3.6,4.8,haversine x 1.35 (road) - ESTIMATE
Darwin (Jingili),Darwin (Lyons),3.8,5.2,haversine x 1.35 (road) - ESTIMATE
Darwin (Jingili),Darwin (Muirhead),4.3,5.9,haversine x 1.35 (road) - ESTIMATE
Darwin (Jingili),Darwin (Berrimah),7.5,10.1,haversine x 1.35 (road) - ESTIMATE
Darwin (Jingili),Darwin (Knuckey Lagoon),9.5,12.9,haversine x 1.35 (road) - ESTIMATE
Darwin (Jingili),Palmerston (Gray),16.5,22.3,haversine x 1.35 (road) - ESTIMATE
Darwin (Jingili),Palmerston (Driver),15.4,20.8,haversine x 1.35 (road) - ESTIMATE
Darwin (Jingili),Palmerston (Moulden),16.9,22.8,haversine x 1.35 (road) - ESTIMATE
Darwin (Jingili),Palmerston (Woodroffe),17.3,23.4,haversine x 1.35 (road) - ESTIMATE
Darwin (Jingili),Palmerston (Gunn),17.6,23.8,haversine x 1.35 (road) - ESTIMATE
Darwin (Jingili),Palmerston (Rosebery),18.3,24.8,haversine x 1.35 (road) - ESTIMATE
Darwin (Jingili),Palmerston (Bakewell),18.2,24.6,haversine x 1.35 (road) - ESTIMATE
Darwin (Jingili),Palmerston (Durack),14.2,19.2,haversine x 1.35 (road) - ESTIMATE
Darwin (Jingili),Palmerston (Farrar),16.4,22.1,haversine x 1.35 (road) - ESTIMATE
Darwin (Jingili),Palmerston (Johnston),18.7,25.3,haversine x 1.35 (road) - ESTIMATE
Darwin (Jingili),Palmerston (Zuccoli),19.4,26.2,haversine x 1.35 (road) - ESTIMATE
Darwin (Jingili),Palmerston (Bellamack),18.3,24.7,haversine x 1.35 (road) - ESTIMATE
Darwin (Jingili),Howard Springs,22.4,30.2,haversine x 1.35 (road) - ESTIMATE
Darwin (Jingili),Coolalinga,23.8,32.1,haversine x 1.35 (road) - ESTIMATE
Darwin (Jingili),Virginia,22.4,30.2,haversine x 1.35 (road) - ESTIMATE
Darwin (Jingili),Girraween,28.2,38.1,haversine x 1.35 (road) - ESTIMATE
Darwin (Jingili),Berry Springs,37.5,50.6,haversine x 1.35 (road) - ESTIMATE
Darwin (Moil),Darwin (Ludmilla),4.6,6.2,haversine x 1.35 (road) - ESTIMATE
Darwin (Moil),Darwin (Nightcliff),3.1,4.2,haversine x 1.35 (road) - ESTIMATE
Darwin (Moil),Darwin (Malak),2.7,3.6,haversine x 1.35 (road) - ESTIMATE
Darwin (Moil),Darwin (Karama),3.9,5.3,haversine x 1.35 (road) - ESTIMATE
Darwin (Moil),Palmerston,15.2,20.5,haversine x 1.35 (road) - ESTIMATE
Darwin (Moil),Humpty Doo,31.2,42.2,haversine x 1.35 (road) - ESTIMATE
Darwin (Moil),Batchelor,75.2,101.6,haversine x 1.35 (road) - ESTIMATE
Darwin (Moil),Adelaide River,97.6,131.8,haversine x 1.35 (road) - ESTIMATE
Darwin (Moil),Belyuen,27.6,37.3,haversine x 1.35 (road) - ESTIMATE
Darwin (Moil),Wurrumiyanga,75.0,75.0,haversine x 1.0 (air_or_barge) - ESTIMATE
Darwin (Moil),Pine Creek,190.0,256.5,haversine x 1.35 (road) - ESTIMATE
Darwin (Moil),Katherine,275.2,371.5,haversine x 1.35 (road) - ESTIMATE
Darwin (Moil),Peppimenarti,213.8,288.6,haversine x 1.35 (road) - ESTIMATE
Darwin (Moil),Wadeye,253.2,341.8,haversine x 1.35 (road) - ESTIMATE
Darwin (Moil),Gunbalanya,236.8,319.7,haversine x 1.35 (road) - ESTIMATE
Darwin (Moil),Maningrida,365.8,493.8,haversine x 1.35 (road) - ESTIMATE
Darwin (Moil),Galiwinku,511.1,511.1,haversine x 1.0 (air_or_barge) - ESTIMATE
Darwin (Moil),Numbulwar,565.8,763.9,haversine x 1.35 (road) - ESTIMATE
Darwin (Moil),Darwin (City),9.2,12.5,haversine x 1.35 (road) - ESTIMATE
Darwin (Moil),Darwin (Larrakeyah),9.1,12.3,haversine x 1.35 (road) - ESTIMATE
Darwin (Moil),Darwin (Stuart Park),7.7,10.3,haversine x 1.35 (road) - ESTIMATE
Darwin (Moil),Darwin (The Gardens),8.3,11.2,haversine x 1.35 (road) - ESTIMATE
Darwin (Moil),Darwin (Parap),6.3,8.5,haversine x 1.35 (road) - ESTIMATE
Darwin (Moil),Darwin (Fannie Bay),6.2,8.4,haversine x 1.35 (road) - ESTIMATE
Darwin (Moil),Darwin (Bayview),6.5,8.8,haversine x 1.35 (road) - ESTIMATE
Darwin (Moil),Darwin (Woolner),6.8,9.2,haversine x 1.35 (road) - ESTIMATE
Darwin (Moil),Darwin (Winnellie),4.3,5.8,haversine x 1.35 (road) - ESTIMATE
Darwin (Moil),Darwin (Coconut Grove),3.2,4.4,haversine x 1.35 (road) - ESTIMATE
Darwin (Moil),Darwin (Rapid Creek),2.2,3.0,haversine x 1.35 (road) - ESTIMATE
Darwin (Moil),Darwin (Millner),2.0,2.7,haversine x 1.35 (road) - ESTIMATE
Darwin (Moil),Darwin (Jingili),0.8,1.0,haversine x 1.35 (road) - ESTIMATE
Darwin (Moil),Darwin (Moil),0.0,0.0,haversine x 1.35 (road) - ESTIMATE
Darwin (Moil),Darwin (Alawa),1.2,1.6,haversine x 1.35 (road) - ESTIMATE
Darwin (Moil),Darwin (Brinkin),2.2,3.0,haversine x 1.35 (road) - ESTIMATE
Darwin (Moil),Darwin (Nakara),2.0,2.7,haversine x 1.35 (road) - ESTIMATE
Darwin (Moil),Darwin (Tiwi),3.2,4.4,haversine x 1.35 (road) - ESTIMATE
Darwin (Moil),Darwin (Casuarina),1.6,2.1,haversine x 1.35 (road) - ESTIMATE
Darwin (Moil),Darwin (Wagaman),0.9,1.3,haversine x 1.35 (road) - ESTIMATE
Darwin (Moil),Darwin (Wanguri),1.9,2.6,haversine x 1.35 (road) - ESTIMATE
Darwin (Moil),Darwin (Wulagi),1.8,2.4,haversine x 1.35 (road) - ESTIMATE
Darwin (Moil),Darwin (Anula),1.4,1.9,haversine x 1.35 (road) - ESTIMATE
Darwin (Moil),Darwin (Marrara),1.8,2.4,haversine x 1.35 (road) - ESTIMATE
Darwin (Moil),Darwin (Leanyer),3.0,4.1,haversine x 1.35 (road) - ESTIMATE
Darwin (Moil),Darwin (Lyons),3.5,4.7,haversine x 1.35 (road) - ESTIMATE
Darwin (Moil),Darwin (Muirhead),3.9,5.2,haversine x 1.35 (road) - ESTIMATE
Darwin (Moil),Darwin (Berrimah),7.0,9.5,haversine x 1.35 (road) - ESTIMATE
Darwin (Moil),Darwin (Knuckey Lagoon),9.0,12.1,haversine x 1.35 (road) - ESTIMATE
Darwin (Moil),Palmerston (Gray),16.1,21.7,haversine x 1.35 (road) - ESTIMATE
Darwin (Moil),Palmerston (Driver),14.9,20.2,haversine x 1.35 (road) - ESTIMATE
Darwin (Moil),Palmerston (Moulden),16.5,22.3,haversine x 1.35 (road) - ESTIMATE
Darwin (Moil),Palmerston (Woodroffe),16.9,22.8,haversine x 1.35 (road) - ESTIMATE
Darwin (Moil),Palmerston (Gunn),17.1,23.1,haversine x 1.35 (road) - ESTIMATE
Darwin (Moil),Palmerston (Rosebery),17.9,24.2,haversine x 1.35 (road) - ESTIMATE
Darwin (Moil),Palmerston (Bakewell),17.7,23.9,haversine x 1.35 (road) - ESTIMATE
Darwin (Moil),Palmerston (Durack),13.8,18.6,haversine x 1.35 (road) - ESTIMATE
Darwin (Moil),Palmerston (Farrar),15.9,21.4,haversine x 1.35 (road) - ESTIMATE
Darwin (Moil),Palmerston (Johnston),18.2,24.6,haversine x 1.35 (road) - ESTIMATE
Darwin (Moil),Palmerston (Zuccoli),19.0,25.6,haversine x 1.35 (road) - ESTIMATE
Darwin (Moil),Palmerston (Bellamack),17.9,24.2,haversine x 1.35 (road) - ESTIMATE
Darwin (Moil),Howard Springs,21.8,29.4,haversine x 1.35 (road) - ESTIMATE
Darwin (Moil),Coolalinga,23.3,31.4,haversine x 1.35 (road) - ESTIMATE
Darwin (Moil),Virginia,21.9,29.6,haversine x 1.35 (road) - ESTIMATE
Darwin (Moil),Girraween,27.6,37.3,haversine x 1.35 (road) - ESTIMATE
Darwin (Moil),Berry Springs,37.4,50.4,haversine x 1.35 (road) - ESTIMATE
Darwin (Alawa),Darwin (Ludmilla),4.9,6.6,haversine x 1.35 (road) - ESTIMATE
Darwin (Alawa),Darwin (Nightcliff),2.3,3.1,haversine x 1.35 (road) - ESTIMATE
Darwin (Alawa),Darwin (Malak),3.7,4.9,haversine x 1.35 (road) - ESTIMATE
Darwin (Alawa),Darwin (Karama),5.0,6.7,haversine x 1.35 (road) - ESTIMATE
Darwin (Alawa),Palmerston,16.3,22.0,haversine x 1.35 (road) - ESTIMATE
Darwin (Alawa),Humpty Doo,32.4,43.7,haversine x 1.35 (road) - ESTIMATE
Darwin (Alawa),Batchelor,76.3,103.0,haversine x 1.35 (road) - ESTIMATE
Darwin (Alawa),Adelaide River,98.7,133.2,haversine x 1.35 (road) - ESTIMATE
Darwin (Alawa),Belyuen,27.6,37.2,haversine x 1.35 (road) - ESTIMATE
Darwin (Alawa),Wurrumiyanga,73.9,73.9,haversine x 1.0 (air_or_barge) - ESTIMATE
Darwin (Alawa),Pine Creek,191.1,258.0,haversine x 1.35 (road) - ESTIMATE
Darwin (Alawa),Katherine,276.3,373.0,haversine x 1.35 (road) - ESTIMATE
Darwin (Alawa),Peppimenarti,214.3,289.3,haversine x 1.35 (road) - ESTIMATE
Darwin (Alawa),Wadeye,253.5,342.2,haversine x 1.35 (road) - ESTIMATE
Darwin (Alawa),Gunbalanya,237.5,320.7,haversine x 1.35 (road) - ESTIMATE
Darwin (Alawa),Maningrida,366.4,494.7,haversine x 1.35 (road) - ESTIMATE
Darwin (Alawa),Galiwinku,511.8,511.8,haversine x 1.0 (air_or_barge) - ESTIMATE
Darwin (Alawa),Numbulwar,566.9,765.3,haversine x 1.35 (road) - ESTIMATE
Darwin (Alawa),Darwin (City),9.8,13.2,haversine x 1.35 (road) - ESTIMATE
Darwin (Alawa),Darwin (Larrakeyah),9.5,12.8,haversine x 1.35 (road) - ESTIMATE
Darwin (Alawa),Darwin (Stuart Park),8.1,10.9,haversine x 1.35 (road) - ESTIMATE
Darwin (Alawa),Darwin (The Gardens),8.6,11.6,haversine x 1.35 (road) - ESTIMATE
Darwin (Alawa),Darwin (Parap),6.6,8.9,haversine x 1.35 (road) - ESTIMATE
Darwin (Alawa),Darwin (Fannie Bay),6.3,8.5,haversine x 1.35 (road) - ESTIMATE
Darwin (Alawa),Darwin (Bayview),7.1,9.6,haversine x 1.35 (road) - ESTIMATE
Darwin (Alawa),Darwin (Woolner),7.2,9.8,haversine x 1.35 (road) - ESTIMATE
Darwin (Alawa),Darwin (Winnellie),5.3,7.2,haversine x 1.35 (road) - ESTIMATE
Darwin (Alawa),Darwin (Coconut Grove),3.0,4.1,haversine x 1.35 (road) - ESTIMATE
Darwin (Alawa),Darwin (Rapid Creek),1.3,1.8,haversine x 1.35 (road) - ESTIMATE
Darwin (Alawa),Darwin (Millner),1.7,2.3,haversine x 1.35 (road) - ESTIMATE
Darwin (Alawa),Darwin (Jingili),1.0,1.4,haversine x 1.35 (road) - ESTIMATE
Darwin (Alawa),Darwin (Moil),1.2,1.6,haversine x 1.35 (road) - ESTIMATE
Darwin (Alawa),Darwin (Alawa),0.0,0.0,haversine x 1.35 (road) - ESTIMATE
Darwin (Alawa),Darwin (Brinkin),1.1,1.5,haversine x 1.35 (road) - ESTIMATE
Darwin (Alawa),Darwin (Nakara),1.0,1.4,haversine x 1.35 (road) - ESTIMATE
Darwin (Alawa),Darwin (Tiwi),2.4,3.2,haversine x 1.35 (road) - ESTIMATE
Darwin (Alawa),Darwin (Casuarina),1.1,1.5,haversine x 1.35 (road) - ESTIMATE
Darwin (Alawa),Darwin (Wagaman),1.3,1.8,haversine x 1.35 (road) - ESTIMATE
Darwin (Alawa),Darwin (Wanguri),1.7,2.3,haversine x 1.35 (road) - ESTIMATE
Darwin (Alawa),Darwin (Wulagi),2.5,3.4,haversine x 1.35 (road) - ESTIMATE
Darwin (Alawa),Darwin (Anula),2.5,3.4,haversine x 1.35 (road) - ESTIMATE
Darwin (Alawa),Darwin (Marrara),3.0,4.0,haversine x 1.35 (road) - ESTIMATE
Darwin (Alawa),Darwin (Leanyer),2.9,3.9,haversine x 1.35 (road) - ESTIMATE
Darwin (Alawa),Darwin (Lyons),2.9,3.9,haversine x 1.35 (road) - ESTIMATE
Darwin (Alawa),Darwin (Muirhead),3.6,4.8,haversine x 1.35 (road) - ESTIMATE
Darwin (Alawa),Darwin (Berrimah),8.2,11.1,haversine x 1.35 (road) - ESTIMATE
Darwin (Alawa),Darwin (Knuckey Lagoon),10.1,13.6,haversine x 1.35 (road) - ESTIMATE
Darwin (Alawa),Palmerston (Gray),17.3,23.3,haversine x 1.35 (road) - ESTIMATE
Darwin (Alawa),Palmerston (Driver),16.1,21.7,haversine x 1.35 (road) - ESTIMATE
Darwin (Alawa),Palmerston (Moulden),17.7,23.9,haversine x 1.35 (road) - ESTIMATE
Darwin (Alawa),Palmerston (Woodroffe),18.0,24.3,haversine x 1.35 (road) - ESTIMATE
Darwin (Alawa),Palmerston (Gunn),18.3,24.7,haversine x 1.35 (road) - ESTIMATE
Darwin (Alawa),Palmerston (Rosebery),19.1,25.8,haversine x 1.35 (road) - ESTIMATE
Darwin (Alawa),Palmerston (Bakewell),18.9,25.5,haversine x 1.35 (road) - ESTIMATE
Darwin (Alawa),Palmerston (Durack),14.9,20.1,haversine x 1.35 (road) - ESTIMATE
Darwin (Alawa),Palmerston (Farrar),17.0,23.0,haversine x 1.35 (road) - ESTIMATE
Darwin (Alawa),Palmerston (Johnston),19.3,26.1,haversine x 1.35 (road) - ESTIMATE
Darwin (Alawa),Palmerston (Zuccoli),20.1,27.2,haversine x 1.35 (road) - ESTIMATE
Darwin (Alawa),Palmerston (Bellamack),19.1,25.8,haversine x 1.35 (road) - ESTIMATE
Darwin (Alawa),Howard Springs,22.9,31.0,haversine x 1.35 (road) - ESTIMATE
Darwin (Alawa),Coolalinga,24.4,33.0,haversine x 1.35 (road) - ESTIMATE
Darwin (Alawa),Virginia,23.1,31.2,haversine x 1.35 (road) - ESTIMATE
Darwin (Alawa),Girraween,28.8,38.9,haversine x 1.35 (road) - ESTIMATE
Darwin (Alawa),Berry Springs,38.5,51.9,haversine x 1.35 (road) - ESTIMATE
Darwin (Brinkin),Darwin (Ludmilla),5.6,7.5,haversine x 1.35 (road) - ESTIMATE
Darwin (Brinkin),Darwin (Nightcliff),2.2,3.0,haversine x 1.35 (road) - ESTIMATE
Darwin (Brinkin),Darwin (Malak),4.5,6.1,haversine x 1.35 (road) - ESTIMATE
Darwin (Brinkin),Darwin (Karama),5.9,7.9,haversine x 1.35 (road) - ESTIMATE
Darwin (Brinkin),Palmerston,17.3,23.4,haversine x 1.35 (road) - ESTIMATE
Darwin (Brinkin),Humpty Doo,33.4,45.0,haversine x 1.35 (road) - ESTIMATE
Darwin (Brinkin),Batchelor,77.3,104.4,haversine x 1.35 (road) - ESTIMATE
Darwin (Brinkin),Adelaide River,99.7,134.7,haversine x 1.35 (road) - ESTIMATE
Darwin (Brinkin),Belyuen,27.9,37.7,haversine x 1.35 (road) - ESTIMATE
Darwin (Brinkin),Wurrumiyanga,72.8,72.8,haversine x 1.0 (air_or_barge) - ESTIMATE
Darwin (Brinkin),Pine Creek,192.2,259.5,haversine x 1.35 (road) - ESTIMATE
Darwin (Brinkin),Katherine,277.4,374.5,haversine x 1.35 (road) - ESTIMATE
Darwin (Brinkin),Peppimenarti,215.1,290.4,haversine x 1.35 (road) - ESTIMATE
Darwin (Brinkin),Wadeye,254.0,342.9,haversine x 1.35 (road) - ESTIMATE
Darwin (Brinkin),Gunbalanya,238.0,321.2,haversine x 1.35 (road) - ESTIMATE
Darwin (Brinkin),Maningrida,366.8,495.2,haversine x 1.35 (road) - ESTIMATE
Darwin (Brinkin),Galiwinku,512.2,512.2,haversine x 1.0 (air_or_barge) - ESTIMATE
Darwin (Brinkin),Numbulwar,567.6,766.3,haversine x 1.35 (road) - ESTIMATE
Darwin (Brinkin),Darwin (City),10.6,14.3,haversine x 1.35 (road) - ESTIMATE
Darwin (Brinkin),Darwin (Larrakeyah),10.2,13.7,haversine x 1.35 (road) - ESTIMATE
Darwin (Brinkin),Darwin (Stuart Park),8.8,11.9,haversine x 1.35 (road) - ESTIMATE
Darwin (Brinkin),Darwin (The Gardens),9.3,12.6,haversine x 1.35 (road) - ESTIMATE
Darwin (Brinkin),Darwin (Parap),7.2,9.8,haversine x 1.35 (road) - ESTIMATE
Darwin (Brinkin),Darwin (Fannie Bay),6.9,9.3,haversine x 1.35 (road) - ESTIMATE
Darwin (Brinkin),Darwin (Bayview),8.0,10.7,haversine x 1.35 (road) - ESTIMATE
Darwin (Brinkin),Darwin (Woolner),8.0,10.8,haversine x 1.35 (road) - ESTIMATE
Darwin (Brinkin),Darwin (Winnellie),6.4,8.6,haversine x 1.35 (road) - ESTIMATE
Darwin (Brinkin),Darwin (Coconut Grove),3.5,4.8,haversine x 1.35 (road) - ESTIMATE
Darwin (Brinkin),Darwin (Rapid Creek),1.4,1.9,haversine x 1.35 (road) - ESTIMATE
Darwin (Brinkin),Darwin (Millner),2.4,3.2,haversine x 1.35 (road) - ESTIMATE
Darwin (Brinkin),Darwin (Jingili),2.0,2.8,haversine x 1.35 (road) - ESTIMATE
Darwin (Brinkin),Darwin (Moil),2.2,3.0,haversine x 1.35 (road) - ESTIMATE
Darwin (Brinkin),Darwin (Alawa),1.1,1.5,haversine x 1.35 (road) - ESTIMATE
Darwin (Brinkin),Darwin (Brinkin),0.0,0.0,haversine x 1.35 (road) - ESTIMATE
Darwin (Brinkin),Darwin (Nakara),0.7,0.9,haversine x 1.35 (road) - ESTIMATE
Darwin (Brinkin),Darwin (Tiwi),1.6,2.1,haversine x 1.35 (road) - ESTIMATE
Darwin (Brinkin),Darwin (Casuarina),1.3,1.8,haversine x 1.35 (road) - ESTIMATE
Darwin (Brinkin),Darwin (Wagaman),2.1,2.8,haversine x 1.35 (road) - ESTIMATE
Darwin (Brinkin),Darwin (Wanguri),1.8,2.5,haversine x 1.35 (road) - ESTIMATE
Darwin (Brinkin),Darwin (Wulagi),3.3,4.4,haversine x 1.35 (road) - ESTIMATE
Darwin (Brinkin),Darwin (Anula),3.5,4.7,haversine x 1.35 (road) - ESTIMATE
Darwin (Brinkin),Darwin (Marrara),4.0,5.4,haversine x 1.35 (road) - ESTIMATE
Darwin (Brinkin),Darwin (Leanyer),2.9,3.9,haversine x 1.35 (road) - ESTIMATE
Darwin (Brinkin),Darwin (Lyons),2.4,3.3,haversine x 1.35 (road) - ESTIMATE
Darwin (Brinkin),Darwin (Muirhead),3.3,4.5,haversine x 1.35 (road) - ESTIMATE
Darwin (Brinkin),Darwin (Berrimah),9.2,12.5,haversine x 1.35 (road) - ESTIMATE
Darwin (Brinkin),Darwin (Knuckey Lagoon),11.1,14.9,haversine x 1.35 (road) - ESTIMATE
Darwin (Brinkin),Palmerston (Gray),18.3,24.7,haversine x 1.35 (road) - ESTIMATE
Darwin (Brinkin),Palmerston (Driver),17.1,23.1,haversine x 1.35 (road) - ESTIMATE
Darwin (Brinkin),Palmerston (Moulden),18.7,25.3,haversine x 1.35 (road) - ESTIMATE
Darwin (Brinkin),Palmerston (Woodroffe),19.0,25.7,haversine x 1.35 (road) - ESTIMATE
Darwin (Brinkin),Palmerston (Gunn),19.3,26.0,haversine x 1.35 (road) - ESTIMATE
Darwin (Brinkin),Palmerston (Rosebery),20.1,27.2,haversine x 1.35 (road) - ESTIMATE
Darwin (Brinkin),Palmerston (Bakewell),19.9,26.9,haversine x 1.35 (road) - ESTIMATE
Darwin (Brinkin),Palmerston (Durack),15.9,21.5,haversine x 1.35 (road) - ESTIMATE
Darwin (Brinkin),Palmerston (Farrar),18.0,24.3,haversine x 1.35 (road) - ESTIMATE
Darwin (Brinkin),Palmerston (Johnston),20.3,27.4,haversine x 1.35 (road) - ESTIMATE
Darwin (Brinkin),Palmerston (Zuccoli),21.1,28.5,haversine x 1.35 (road) - ESTIMATE
Darwin (Brinkin),Palmerston (Bellamack),20.2,27.2,haversine x 1.35 (road) - ESTIMATE
Darwin (Brinkin),Howard Springs,23.9,32.2,haversine x 1.35 (road) - ESTIMATE
Darwin (Brinkin),Coolalinga,25.4,34.3,haversine x 1.35 (road) - ESTIMATE
Darwin (Brinkin),Virginia,24.1,32.5,haversine x 1.35 (road) - ESTIMATE
Darwin (Brinkin),Girraween,29.7,40.1,haversine x 1.35 (road) - ESTIMATE
Darwin (Brinkin),Berry Springs,39.5,53.4,haversine x 1.35 (road) - ESTIMATE
Darwin (Nakara),Darwin (Ludmilla),5.8,7.9,haversine x 1.35 (road) - ESTIMATE
Darwin (Nakara),Darwin (Nightcliff),2.8,3.8,haversine x 1.35 (road) - ESTIMATE
Darwin (Nakara),Darwin (Malak),4.0,5.4,haversine x 1.35 (road) - ESTIMATE
Darwin (Nakara),Darwin (Karama),5.3,7.2,haversine x 1.35 (road) - ESTIMATE
Darwin (Nakara),Palmerston,16.9,22.8,haversine x 1.35 (road) - ESTIMATE
Darwin (Nakara),Humpty Doo,32.9,44.4,haversine x 1.35 (road) - ESTIMATE
Darwin (Nakara),Batchelor,77.2,104.2,haversine x 1.35 (road) - ESTIMATE
Darwin (Nakara),Adelaide River,99.6,134.4,haversine x 1.35 (road) - ESTIMATE
Darwin (Nakara),Belyuen,28.4,38.3,haversine x 1.35 (road) - ESTIMATE
Darwin (Nakara),Wurrumiyanga,73.0,73.0,haversine x 1.0 (air_or_barge) - ESTIMATE
Darwin (Nakara),Pine Creek,191.9,259.0,haversine x 1.35 (road) - ESTIMATE
Darwin (Nakara),Katherine,277.0,374.0,haversine x 1.35 (road) - ESTIMATE
Darwin (Nakara),Peppimenarti,215.3,290.7,haversine x 1.35 (road) - ESTIMATE
Darwin (Nakara),Wadeye,254.4,343.4,haversine x 1.35 (road) - ESTIMATE
Darwin (Nakara),Gunbalanya,237.3,320.4,haversine x 1.35 (road) - ESTIMATE
Darwin (Nakara),Maningrida,366.1,494.3,haversine x 1.35 (road) - ESTIMATE
Darwin (Nakara),Galiwinku,511.6,511.6,haversine x 1.0 (air_or_barge) - ESTIMATE
Darwin (Nakara),Numbulwar,567.0,765.5,haversine x 1.35 (road) - ESTIMATE
Darwin (Nakara),Darwin (City),10.8,14.6,haversine x 1.35 (road) - ESTIMATE
Darwin (Nakara),Darwin (Larrakeyah),10.4,14.1,haversine x 1.35 (road) - ESTIMATE
Darwin (Nakara),Darwin (Stuart Park),9.1,12.3,haversine x 1.35 (road) - ESTIMATE
Darwin (Nakara),Darwin (The Gardens),9.6,13.0,haversine x 1.35 (road) - ESTIMATE
Darwin (Nakara),Darwin (Parap),7.5,10.2,haversine x 1.35 (road) - ESTIMATE
Darwin (Nakara),Darwin (Fannie Bay),7.2,9.8,haversine x 1.35 (road) - ESTIMATE
Darwin (Nakara),Darwin (Bayview),8.1,10.9,haversine x 1.35 (road) - ESTIMATE
Darwin (Nakara),Darwin (Woolner),8.3,11.1,haversine x 1.35 (road) - ESTIMATE
Darwin (Nakara),Darwin (Winnellie),6.2,8.4,haversine x 1.35 (road) - ESTIMATE
Darwin (Nakara),Darwin (Coconut Grove),3.9,5.3,haversine x 1.35 (road) - ESTIMATE
Darwin (Nakara),Darwin (Rapid Creek),1.9,2.5,haversine x 1.35 (road) - ESTIMATE
Darwin (Nakara),Darwin (Millner),2.6,3.6,haversine x 1.35 (road) - ESTIMATE
Darwin (Nakara),Darwin (Jingili),2.0,2.7,haversine x 1.35 (road) - ESTIMATE
Darwin (Nakara),Darwin (Moil),2.0,2.7,haversine x 1.35 (road) - ESTIMATE
Darwin (Nakara),Darwin (Alawa),1.0,1.4,haversine x 1.35 (road) - ESTIMATE
Darwin (Nakara),Darwin (Brinkin),0.7,0.9,haversine x 1.35 (road) - ESTIMATE
Darwin (Nakara),Darwin (Nakara),0.0,0.0,haversine x 1.35 (road) - ESTIMATE
Darwin (Nakara),Darwin (Tiwi),1.4,1.8,haversine x 1.35 (road) - ESTIMATE
Darwin (Nakara),Darwin (Casuarina),0.7,1.0,haversine x 1.35 (road) - ESTIMATE
Darwin (Nakara),Darwin (Wagaman),1.6,2.1,haversine x 1.35 (road) - ESTIMATE
Darwin (Nakara),Darwin (Wanguri),1.2,1.6,haversine x 1.35 (road) - ESTIMATE
Darwin (Nakara),Darwin (Wulagi),2.7,3.6,haversine x 1.35 (road) - ESTIMATE
Darwin (Nakara),Darwin (Anula),3.1,4.1,haversine x 1.35 (road) - ESTIMATE
Darwin (Nakara),Darwin (Marrara),3.6,4.9,haversine x 1.35 (road) - ESTIMATE
Darwin (Nakara),Darwin (Leanyer),2.3,3.1,haversine x 1.35 (road) - ESTIMATE
Darwin (Nakara),Darwin (Lyons),2.0,2.6,haversine x 1.35 (road) - ESTIMATE
Darwin (Nakara),Darwin (Muirhead),2.8,3.7,haversine x 1.35 (road) - ESTIMATE
Darwin (Nakara),Darwin (Berrimah),8.8,11.9,haversine x 1.35 (road) - ESTIMATE
Darwin (Nakara),Darwin (Knuckey Lagoon),10.6,14.3,haversine x 1.35 (road) - ESTIMATE
Darwin (Nakara),Palmerston (Gray),17.9,24.1,haversine x 1.35 (road) - ESTIMATE
Darwin (Nakara),Palmerston (Driver),16.7,22.6,haversine x 1.35 (road) - ESTIMATE
Darwin (Nakara),Palmerston (Moulden),18.3,24.8,haversine x 1.35 (road) - ESTIMATE
Darwin (Nakara),Palmerston (Woodroffe),18.6,25.1,haversine x 1.35 (road) - ESTIMATE
Darwin (Nakara),Palmerston (Gunn),18.8,25.4,haversine x 1.35 (road) - ESTIMATE
Darwin (Nakara),Palmerston (Rosebery),19.7,26.6,haversine x 1.35 (road) - ESTIMATE
Darwin (Nakara),Palmerston (Bakewell),19.4,26.2,haversine x 1.35 (road) - ESTIMATE
Darwin (Nakara),Palmerston (Durack),15.5,20.9,haversine x 1.35 (road) - ESTIMATE
Darwin (Nakara),Palmerston (Farrar),17.5,23.6,haversine x 1.35 (road) - ESTIMATE
Darwin (Nakara),Palmerston (Johnston),19.8,26.8,haversine x 1.35 (road) - ESTIMATE
Darwin (Nakara),Palmerston (Zuccoli),20.7,27.9,haversine x 1.35 (road) - ESTIMATE
Darwin (Nakara),Palmerston (Bellamack),19.8,26.7,haversine x 1.35 (road) - ESTIMATE
Darwin (Nakara),Howard Springs,23.3,31.5,haversine x 1.35 (road) - ESTIMATE
Darwin (Nakara),Coolalinga,24.9,33.7,haversine x 1.35 (road) - ESTIMATE
Darwin (Nakara),Virginia,23.6,31.9,haversine x 1.35 (road) - ESTIMATE
Darwin (Nakara),Girraween,29.2,39.4,haversine x 1.35 (road) - ESTIMATE
Darwin (Nakara),Berry Springs,39.3,53.1,haversine x 1.35 (road) - ESTIMATE
Darwin (Tiwi),Darwin (Ludmilla),7.1,9.6,haversine x 1.35 (road) - ESTIMATE
Darwin (Tiwi),Darwin (Nightcliff),3.7,5.0,haversine x 1.35 (road) - ESTIMATE
Darwin (Tiwi),Darwin (Malak),4.8,6.5,haversine x 1.35 (road) - ESTIMATE
Darwin (Tiwi),Darwin (Karama),6.1,8.2,haversine x 1.35 (road) - ESTIMATE
Darwin (Tiwi),Palmerston,17.7,23.9,haversine x 1.35 (road) - ESTIMATE
Darwin (Tiwi),Humpty Doo,33.6,45.4,haversine x 1.35 (road) - ESTIMATE
Darwin (Tiwi),Batchelor,78.5,105.9,haversine x 1.35 (road) - ESTIMATE
Darwin (Tiwi),Adelaide River,100.8,136.1,haversine x 1.35 (road) - ESTIMATE
Darwin (Tiwi),Belyuen,29.4,39.8,haversine x 1.35 (road) - ESTIMATE
Darwin (Tiwi),Wurrumiyanga,71.9,71.9,haversine x 1.0 (air_or_barge) - ESTIMATE
Darwin (Tiwi),Pine Creek,192.9,260.4,haversine x 1.35 (road) - ESTIMATE
Darwin (Tiwi),Katherine,278.0,375.4,haversine x 1.35 (road) - ESTIMATE
Darwin (Tiwi),Peppimenarti,216.6,292.5,haversine x 1.35 (road) - ESTIMATE
Darwin (Tiwi),Wadeye,255.6,345.1,haversine x 1.35 (road) - ESTIMATE
Darwin (Tiwi),Gunbalanya,237.1,320.0,haversine x 1.35 (road) - ESTIMATE
Darwin (Tiwi),Maningrida,365.8,493.8,haversine x 1.35 (road) - ESTIMATE
Darwin (Tiwi),Galiwinku,511.3,511.3,haversine x 1.0 (air_or_barge) - ESTIMATE
Darwin (Tiwi),Numbulwar,567.4,765.9,haversine x 1.35 (road) - ESTIMATE
Darwin (Tiwi),Darwin (City),12.1,16.4,haversine x 1.35 (road) - ESTIMATE
Darwin (Tiwi),Darwin (Larrakeyah),11.7,15.8,haversine x 1.35 (road) - ESTIMATE
Darwin (Tiwi),Darwin (Stuart Park),10.4,14.0,haversine x 1.35 (road) - ESTIMATE
Darwin (Tiwi),Darwin (The Gardens),10.9,14.7,haversine x 1.35 (road) - ESTIMATE
Darwin (Tiwi),Darwin (Parap),8.8,11.9,haversine x 1.35 (road) - ESTIMATE
Darwin (Tiwi),Darwin (Fannie Bay),8.5,11.4,haversine x 1.35 (road) - ESTIMATE
Darwin (Tiwi),Darwin (Bayview),9.5,12.8,haversine x 1.35 (road) - ESTIMATE
Darwin (Tiwi),Darwin (Woolner),9.6,12.9,haversine x 1.35 (road) - ESTIMATE
Darwin (Tiwi),Darwin (Winnellie),7.5,10.1,haversine x 1.35 (road) - ESTIMATE
Darwin (Tiwi),Darwin (Coconut Grove),5.1,6.9,haversine x 1.35 (road) - ESTIMATE
Darwin (Tiwi),Darwin (Rapid Creek),3.0,4.1,haversine x 1.35 (road) - ESTIMATE
Darwin (Tiwi),Darwin (Millner),3.9,5.3,haversine x 1.35 (road) - ESTIMATE
Darwin (Tiwi),Darwin (Jingili),3.4,4.5,haversine x 1.35 (road) - ESTIMATE
Darwin (Tiwi),Darwin (Moil),3.2,4.4,haversine x 1.35 (road) - ESTIMATE
Darwin (Tiwi),Darwin (Alawa),2.4,3.2,haversine x 1.35 (road) - ESTIMATE
Darwin (Tiwi),Darwin (Brinkin),1.6,2.1,haversine x 1.35 (road) - ESTIMATE
Darwin (Tiwi),Darwin (Nakara),1.4,1.8,haversine x 1.35 (road) - ESTIMATE
Darwin (Tiwi),Darwin (Tiwi),0.0,0.0,haversine x 1.35 (road) - ESTIMATE
Darwin (Tiwi),Darwin (Casuarina),1.7,2.3,haversine x 1.35 (road) - ESTIMATE
Darwin (Tiwi),Darwin (Wagaman),2.6,3.5,haversine x 1.35 (road) - ESTIMATE
Darwin (Tiwi),Darwin (Wanguri),1.7,2.4,haversine x 1.35 (road) - ESTIMATE
Darwin (Tiwi),Darwin (Wulagi),3.5,4.7,haversine x 1.35 (road) - ESTIMATE
Darwin (Tiwi),Darwin (Anula),4.1,5.6,haversine x 1.35 (road) - ESTIMATE
Darwin (Tiwi),Darwin (Marrara),4.7,6.4,haversine x 1.35 (road) - ESTIMATE
Darwin (Tiwi),Darwin (Leanyer),2.1,2.8,haversine x 1.35 (road) - ESTIMATE
Darwin (Tiwi),Darwin (Lyons),1.0,1.4,haversine x 1.35 (road) - ESTIMATE
Darwin (Tiwi),Darwin (Muirhead),2.1,2.8,haversine x 1.35 (road) - ESTIMATE
Darwin (Tiwi),Darwin (Berrimah),9.9,13.3,haversine x 1.35 (road) - ESTIMATE
Darwin (Tiwi),Darwin (Knuckey Lagoon),11.4,15.3,haversine x 1.35 (road) - ESTIMATE
Darwin (Tiwi),Palmerston (Gray),18.8,25.3,haversine x 1.35 (road) - ESTIMATE
Darwin (Tiwi),Palmerston (Driver),17.6,23.8,haversine x 1.35 (road) - ESTIMATE
Darwin (Tiwi),Palmerston (Moulden),19.3,26.1,haversine x 1.35 (road) - ESTIMATE
Darwin (Tiwi),Palmerston (Woodroffe),19.4,26.2,haversine x 1.35 (road) - ESTIMATE
Darwin (Tiwi),Palmerston (Gunn),19.6,26.5,haversine x 1.35 (road) - ESTIMATE
Darwin (Tiwi),Palmerston (Rosebery),20.6,27.9,haversine x 1.35 (road) - ESTIMATE
Darwin (Tiwi),Palmerston (Bakewell),20.3,27.4,haversine x 1.35 (road) - ESTIMATE
Darwin (Tiwi),Palmerston (Durack),16.3,22.1,haversine x 1.35 (road) - ESTIMATE
Darwin (Tiwi),Palmerston (Farrar),18.3,24.7,haversine x 1.35 (road) - ESTIMATE
Darwin (Tiwi),Palmerston (Johnston),20.6,27.8,haversine x 1.35 (road) - ESTIMATE
Darwin (Tiwi),Palmerston (Zuccoli),21.6,29.1,haversine x 1.35 (road) - ESTIMATE
Darwin (Tiwi),Palmerston (Bellamack),20.8,28.0,haversine x 1.35 (road) - ESTIMATE
Darwin (Tiwi),Howard Springs,24.0,32.4,haversine x 1.35 (road) - ESTIMATE
Darwin (Tiwi),Coolalinga,25.7,34.7,haversine x 1.35 (road) - ESTIMATE
Darwin (Tiwi),Virginia,24.5,33.1,haversine x 1.35 (road) - ESTIMATE
Darwin (Tiwi),Girraween,29.9,40.3,haversine x 1.35 (road) - ESTIMATE
Darwin (Tiwi),Berry Springs,40.5,54.7,haversine x 1.35 (road) - ESTIMATE
Darwin (Casuarina),Darwin (Ludmilla),5.9,7.9,haversine x 1.35 (road) - ESTIMATE
Darwin (Casuarina),Darwin (Nightcliff),3.3,4.4,haversine x 1.35 (road) - ESTIMATE
Darwin (Casuarina),Darwin (Malak),3.3,4.4,haversine x 1.35 (road) - ESTIMATE
Darwin (Casuarina),Darwin (Karama),4.6,6.2,haversine x 1.35 (road) - ESTIMATE
Darwin (Casuarina),Palmerston,16.2,21.8,haversine x 1.35 (road) - ESTIMATE
Darwin (Casuarina),Humpty Doo,32.2,43.4,haversine x 1.35 (road) - ESTIMATE
Darwin (Casuarina),Batchelor,76.7,103.6,haversine x 1.35 (road) - ESTIMATE
Darwin (Casuarina),Adelaide River,99.1,133.8,haversine x 1.35 (road) - ESTIMATE
Darwin (Casuarina),Belyuen,28.7,38.7,haversine x 1.35 (road) - ESTIMATE
Darwin (Casuarina),Wurrumiyanga,73.6,73.6,haversine x 1.0 (air_or_barge) - ESTIMATE
Darwin (Casuarina),Pine Creek,191.2,258.2,haversine x 1.35 (road) - ESTIMATE
Darwin (Casuarina),Katherine,276.4,373.1,haversine x 1.35 (road) - ESTIMATE
Darwin (Casuarina),Peppimenarti,215.3,290.6,haversine x 1.35 (road) - ESTIMATE
Darwin (Casuarina),Wadeye,254.5,343.6,haversine x 1.35 (road) - ESTIMATE
Darwin (Casuarina),Gunbalanya,236.7,319.5,haversine x 1.35 (road) - ESTIMATE
Darwin (Casuarina),Maningrida,365.5,493.4,haversine x 1.35 (road) - ESTIMATE
Darwin (Casuarina),Galiwinku,510.9,510.9,haversine x 1.0 (air_or_barge) - ESTIMATE
Darwin (Casuarina),Numbulwar,566.3,764.5,haversine x 1.35 (road) - ESTIMATE
Darwin (Casuarina),Darwin (City),10.7,14.4,haversine x 1.35 (road) - ESTIMATE
Darwin (Casuarina),Darwin (Larrakeyah),10.5,14.1,haversine x 1.35 (road) - ESTIMATE
Darwin (Casuarina),Darwin (Stuart Park),9.1,12.2,haversine x 1.35 (road) - ESTIMATE
Darwin (Casuarina),Darwin (The Gardens),9.6,13.0,haversine x 1.35 (road) - ESTIMATE
Darwin (Casuarina),Darwin (Parap),7.6,10.2,haversine x 1.35 (road) - ESTIMATE
Darwin (Casuarina),Darwin (Fannie Bay),7.4,10.0,haversine x 1.35 (road) - ESTIMATE
Darwin (Casuarina),Darwin (Bayview),8.0,10.8,haversine x 1.35 (road) - ESTIMATE
Darwin (Casuarina),Darwin (Woolner),8.2,11.1,haversine x 1.35 (road) - ESTIMATE
Darwin (Casuarina),Darwin (Winnellie),5.8,7.8,haversine x 1.35 (road) - ESTIMATE
Darwin (Casuarina),Darwin (Coconut Grove),4.1,5.6,haversine x 1.35 (road) - ESTIMATE
Darwin (Casuarina),Darwin (Rapid Creek),2.3,3.1,haversine x 1.35 (road) - ESTIMATE
Darwin (Casuarina),Darwin (Millner),2.8,3.8,haversine x 1.35 (road) - ESTIMATE
Darwin (Casuarina),Darwin (Jingili),1.9,2.5,haversine x 1.35 (road) - ESTIMATE
Darwin (Casuarina),Darwin (Moil),1.6,2.1,haversine x 1.35 (road) - ESTIMATE
Darwin (Casuarina),Darwin (Alawa),1.1,1.5,haversine x 1.35 (road) - ESTIMATE
Darwin (Casuarina),Darwin (Brinkin),1.3,1.8,haversine x 1.35 (road) - ESTIMATE
Darwin (Casuarina),Darwin (Nakara),0.7,1.0,haversine x 1.35 (road) - ESTIMATE
Darwin (Casuarina),Darwin (Tiwi),1.7,2.3,haversine x 1.35 (road) - ESTIMATE
Darwin (Casuarina),Darwin (Casuarina),0.0,0.0,haversine x 1.35 (road) - ESTIMATE
Darwin (Casuarina),Darwin (Wagaman),0.9,1.2,haversine x 1.35 (road) - ESTIMATE
Darwin (Casuarina),Darwin (Wanguri),0.6,0.8,haversine x 1.35 (road) - ESTIMATE
Darwin (Casuarina),Darwin (Wulagi),2.0,2.7,haversine x 1.35 (road) - ESTIMATE
Darwin (Casuarina),Darwin (Anula),2.4,3.3,haversine x 1.35 (road) - ESTIMATE
Darwin (Casuarina),Darwin (Marrara),3.0,4.1,haversine x 1.35 (road) - ESTIMATE
Darwin (Casuarina),Darwin (Leanyer),1.8,2.5,haversine x 1.35 (road) - ESTIMATE
Darwin (Casuarina),Darwin (Lyons),2.0,2.7,haversine x 1.35 (road) - ESTIMATE
Darwin (Casuarina),Darwin (Muirhead),2.5,3.4,haversine x 1.35 (road) - ESTIMATE
Darwin (Casuarina),Darwin (Berrimah),8.2,11.1,haversine x 1.35 (road) - ESTIMATE
Darwin (Casuarina),Darwin (Knuckey Lagoon),9.9,13.3,haversine x 1.35 (road) - ESTIMATE
Darwin (Casuarina),Palmerston (Gray),17.2,23.2,haversine x 1.35 (road) - ESTIMATE
Darwin (Casuarina),Palmerston (Driver),16.0,21.6,haversine x 1.35 (road) - ESTIMATE
Darwin (Casuarina),Palmerston (Moulden),17.7,23.9,haversine x 1.35 (road) - ESTIMATE
Darwin (Casuarina),Palmerston (Woodroffe),17.9,24.2,haversine x 1.35 (road) - ESTIMATE
Darwin (Casuarina),Palmerston (Gunn),18.1,24.4,haversine x 1.35 (road) - ESTIMATE
Darwin (Casuarina),Palmerston (Rosebery),19.0,25.7,haversine x 1.35 (road) - ESTIMATE
Darwin (Casuarina),Palmerston (Bakewell),18.7,25.3,haversine x 1.35 (road) - ESTIMATE
Darwin (Casuarina),Palmerston (Durack),14.8,20.0,haversine x 1.35 (road) - ESTIMATE
Darwin (Casuarina),Palmerston (Farrar),16.8,22.7,haversine x 1.35 (road) - ESTIMATE
Darwin (Casuarina),Palmerston (Johnston),19.1,25.8,haversine x 1.35 (road) - ESTIMATE
Darwin (Casuarina),Palmerston (Zuccoli),20.0,27.0,haversine x 1.35 (road) - ESTIMATE
Darwin (Casuarina),Palmerston (Bellamack),19.1,25.8,haversine x 1.35 (road) - ESTIMATE
Darwin (Casuarina),Howard Springs,22.6,30.5,haversine x 1.35 (road) - ESTIMATE
Darwin (Casuarina),Coolalinga,24.2,32.7,haversine x 1.35 (road) - ESTIMATE
Darwin (Casuarina),Virginia,23.0,31.0,haversine x 1.35 (road) - ESTIMATE
Darwin (Casuarina),Girraween,28.5,38.4,haversine x 1.35 (road) - ESTIMATE
Darwin (Casuarina),Berry Springs,38.8,52.4,haversine x 1.35 (road) - ESTIMATE
Darwin (Wagaman),Darwin (Ludmilla),5.5,7.5,haversine x 1.35 (road) - ESTIMATE
Darwin (Wagaman),Darwin (Nightcliff),3.6,4.8,haversine x 1.35 (road) - ESTIMATE
Darwin (Wagaman),Darwin (Malak),2.5,3.3,haversine x 1.35 (road) - ESTIMATE
Darwin (Wagaman),Darwin (Karama),3.8,5.1,haversine x 1.35 (road) - ESTIMATE
Darwin (Wagaman),Palmerston,15.3,20.7,haversine x 1.35 (road) - ESTIMATE
Darwin (Wagaman),Humpty Doo,31.3,42.3,haversine x 1.35 (road) - ESTIMATE
Darwin (Wagaman),Batchelor,75.9,102.4,haversine x 1.35 (road) - ESTIMATE
Darwin (Wagaman),Adelaide River,98.2,132.6,haversine x 1.35 (road) - ESTIMATE
Darwin (Wagaman),Belyuen,28.5,38.5,haversine x 1.35 (road) - ESTIMATE
Darwin (Wagaman),Wurrumiyanga,74.5,74.5,haversine x 1.0 (air_or_barge) - ESTIMATE
Darwin (Wagaman),Pine Creek,190.3,257.0,haversine x 1.35 (road) - ESTIMATE
Darwin (Wagaman),Katherine,275.5,371.9,haversine x 1.35 (road) - ESTIMATE
Darwin (Wagaman),Peppimenarti,214.7,289.9,haversine x 1.35 (road) - ESTIMATE
Darwin (Wagaman),Wadeye,254.1,343.1,haversine x 1.35 (road) - ESTIMATE
Darwin (Wagaman),Gunbalanya,236.2,318.9,haversine x 1.35 (road) - ESTIMATE
Darwin (Wagaman),Maningrida,365.2,493.0,haversine x 1.35 (road) - ESTIMATE
Darwin (Wagaman),Galiwinku,510.6,510.6,haversine x 1.0 (air_or_barge) - ESTIMATE
Darwin (Wagaman),Numbulwar,565.6,763.6,haversine x 1.35 (road) - ESTIMATE
Darwin (Wagaman),Darwin (City),10.2,13.7,haversine x 1.35 (road) - ESTIMATE
Darwin (Wagaman),Darwin (Larrakeyah),10.0,13.6,haversine x 1.35 (road) - ESTIMATE
Darwin (Wagaman),Darwin (Stuart Park),8.6,11.6,haversine x 1.35 (road) - ESTIMATE
Darwin (Wagaman),Darwin (The Gardens),9.2,12.4,haversine x 1.35 (road) - ESTIMATE
Darwin (Wagaman),Darwin (Parap),7.2,9.8,haversine x 1.35 (road) - ESTIMATE
Darwin (Wagaman),Darwin (Fannie Bay),7.2,9.7,haversine x 1.35 (road) - ESTIMATE
Darwin (Wagaman),Darwin (Bayview),7.5,10.1,haversine x 1.35 (road) - ESTIMATE
Darwin (Wagaman),Darwin (Woolner),7.8,10.5,haversine x 1.35 (road) - ESTIMATE
Darwin (Wagaman),Darwin (Winnellie),5.0,6.8,haversine x 1.35 (road) - ESTIMATE
Darwin (Wagaman),Darwin (Coconut Grove),4.1,5.5,haversine x 1.35 (road) - ESTIMATE
Darwin (Wagaman),Darwin (Rapid Creek),2.6,3.5,haversine x 1.35 (road) - ESTIMATE
Darwin (Wagaman),Darwin (Millner),2.7,3.7,haversine x 1.35 (road) - ESTIMATE
Darwin (Wagaman),Darwin (Jingili),1.6,2.1,haversine x 1.35 (road) - ESTIMATE
Darwin (Wagaman),Darwin (Moil),0.9,1.3,haversine x 1.35 (road) - ESTIMATE
Darwin (Wagaman),Darwin (Alawa),1.3,1.8,haversine x 1.35 (road) - ESTIMATE
Darwin (Wagaman),Darwin (Brinkin),2.1,2.8,haversine x 1.35 (road) - ESTIMATE
Darwin (Wagaman),Darwin (Nakara),1.6,2.1,haversine x 1.35 (road) - ESTIMATE
Darwin (Wagaman),Darwin (Tiwi),2.6,3.5,haversine x 1.35 (road) - ESTIMATE
Darwin (Wagaman),Darwin (Casuarina),0.9,1.2,haversine x 1.35 (road) - ESTIMATE
Darwin (Wagaman),Darwin (Wagaman),0.0,0.0,haversine x 1.35 (road) - ESTIMATE
Darwin (Wagaman),Darwin (Wanguri),1.0,1.4,haversine x 1.35 (road) - ESTIMATE
Darwin (Wagaman),Darwin (Wulagi),1.2,1.7,haversine x 1.35 (road) - ESTIMATE
Darwin (Wagaman),Darwin (Anula),1.5,2.1,haversine x 1.35 (road) - ESTIMATE
Darwin (Wagaman),Darwin (Marrara),2.1,2.9,haversine x 1.35 (road) - ESTIMATE
Darwin (Wagaman),Darwin (Leanyer),2.1,2.8,haversine x 1.35 (road) - ESTIMATE
Darwin (Wagaman),Darwin (Lyons),2.7,3.6,haversine x 1.35 (road) - ESTIMATE
Darwin (Wagaman),Darwin (Muirhead),2.9,3.9,haversine x 1.35 (road) - ESTIMATE
Darwin (Wagaman),Darwin (Berrimah),7.3,9.9,haversine x 1.35 (road) - ESTIMATE
Darwin (Wagaman),Darwin (Knuckey Lagoon),9.0,12.2,haversine x 1.35 (road) - ESTIMATE
Darwin (Wagaman),Palmerston (Gray),16.3,22.0,haversine x 1.35 (road) - ESTIMATE
Darwin (Wagaman),Palmerston (Driver),15.2,20.5,haversine x 1.35 (road) - ESTIMATE
Darwin (Wagaman),Palmerston (Moulden),16.8,22.7,haversine x 1.35 (road) - ESTIMATE
Darwin (Wagaman),Palmerston (Woodroffe),17.0,23.0,haversine x 1.35 (road) - ESTIMATE
Darwin (Wagaman),Palmerston (Gunn),17.2,23.3,haversine x 1.35 (road) - ESTIMATE
Darwin (Wagaman),Palmerston (Rosebery),18.2,24.5,haversine x 1.35 (road) - ESTIMATE
Darwin (Wagaman),Palmerston (Bakewell),17.9,24.1,haversine x 1.35 (road) - ESTIMATE
Darwin (Wagaman),Palmerston (Durack),13.9,18.8,haversine x 1.35 (road) - ESTIMATE
Darwin (Wagaman),Palmerston (Farrar),15.9,21.5,haversine x 1.35 (road) - ESTIMATE
Darwin (Wagaman),Palmerston (Johnston),18.3,24.7,haversine x 1.35 (road) - ESTIMATE
Darwin (Wagaman),Palmerston (Zuccoli),19.1,25.8,haversine x 1.35 (road) - ESTIMATE
Darwin (Wagaman),Palmerston (Bellamack),18.2,24.6,haversine x 1.35 (road) - ESTIMATE
Darwin (Wagaman),Howard Springs,21.8,29.4,haversine x 1.35 (road) - ESTIMATE
Darwin (Wagaman),Coolalinga,23.4,31.6,haversine x 1.35 (road) - ESTIMATE
Darwin (Wagaman),Virginia,22.1,29.8,haversine x 1.35 (road) - ESTIMATE
Darwin (Wagaman),Girraween,27.7,37.3,haversine x 1.35 (road) - ESTIMATE
Darwin (Wagaman),Berry Springs,37.9,51.2,haversine x 1.35 (road) - ESTIMATE
Darwin (Wanguri),Darwin (Ludmilla),6.4,8.6,haversine x 1.35 (road) - ESTIMATE
Darwin (Wanguri),Darwin (Nightcliff),3.9,5.2,haversine x 1.35 (road) - ESTIMATE
Darwin (Wanguri),Darwin (Malak),3.0,4.1,haversine x 1.35 (road) - ESTIMATE
Darwin (Wanguri),Darwin (Karama),4.4,5.9,haversine x 1.35 (road) - ESTIMATE
Darwin (Wanguri),Palmerston,16.0,21.6,haversine x 1.35 (road) - ESTIMATE
Darwin (Wanguri),Humpty Doo,31.9,43.1,haversine x 1.35 (road) - ESTIMATE
Darwin (Wanguri),Batchelor,76.8,103.7,haversine x 1.35 (road) - ESTIMATE
Darwin (Wanguri),Adelaide River,99.2,133.9,haversine x 1.35 (road) - ESTIMATE
Darwin (Wanguri),Belyuen,29.2,39.5,haversine x 1.35 (road) - ESTIMATE
Darwin (Wanguri),Wurrumiyanga,73.6,73.6,haversine x 1.0 (air_or_barge) - ESTIMATE
Darwin (Wanguri),Pine Creek,191.1,258.0,haversine x 1.35 (road) - ESTIMATE
Darwin (Wanguri),Katherine,276.3,373.0,haversine x 1.35 (road) - ESTIMATE
Darwin (Wanguri),Peppimenarti,215.7,291.2,haversine x 1.35 (road) - ESTIMATE
Darwin (Wanguri),Wadeye,255.0,344.2,haversine x 1.35 (road) - ESTIMATE
Darwin (Wanguri),Gunbalanya,236.1,318.7,haversine x 1.35 (road) - ESTIMATE
Darwin (Wanguri),Maningrida,365.0,492.7,haversine x 1.35 (road) - ESTIMATE
Darwin (Wanguri),Galiwinku,510.4,510.4,haversine x 1.0 (air_or_barge) - ESTIMATE
Darwin (Wanguri),Numbulwar,565.9,764.0,haversine x 1.35 (road) - ESTIMATE
Darwin (Wanguri),Darwin (City),11.1,15.0,haversine x 1.35 (road) - ESTIMATE
Darwin (Wanguri),Darwin (Larrakeyah),10.9,14.8,haversine x 1.35 (road) - ESTIMATE
Darwin (Wanguri),Darwin (Stuart Park),9.5,12.8,haversine x 1.35 (road) - ESTIMATE
Darwin (Wanguri),Darwin (The Gardens),10.1,13.6,haversine x 1.35 (road) - ESTIMATE
Darwin (Wanguri),Darwin (Parap),8.1,10.9,haversine x 1.35 (road) - ESTIMATE
Darwin (Wanguri),Darwin (Fannie Bay),7.9,10.7,haversine x 1.35 (road) - ESTIMATE
Darwin (Wanguri),Darwin (Bayview),8.4,11.4,haversine x 1.35 (road) - ESTIMATE
Darwin (Wanguri),Darwin (Woolner),8.7,11.7,haversine x 1.35 (road) - ESTIMATE
Darwin (Wanguri),Darwin (Winnellie),6.0,8.1,haversine x 1.35 (road) - ESTIMATE
Darwin (Wanguri),Darwin (Coconut Grove),4.7,6.3,haversine x 1.35 (road) - ESTIMATE
Darwin (Wanguri),Darwin (Rapid Creek),2.9,3.9,haversine x 1.35 (road) - ESTIMATE
Darwin (Wanguri),Darwin (Millner),3.4,4.5,haversine x 1.35 (road) - ESTIMATE
Darwin (Wanguri),Darwin (Jingili),2.4,3.2,haversine x 1.35 (road) - ESTIMATE
Darwin (Wanguri),Darwin (Moil),1.9,2.6,haversine x 1.35 (road) - ESTIMATE
Darwin (Wanguri),Darwin (Alawa),1.7,2.3,haversine x 1.35 (road) - ESTIMATE
Darwin (Wanguri),Darwin (Brinkin),1.8,2.5,haversine x 1.35 (road) - ESTIMATE
Darwin (Wanguri),Darwin (Nakara),1.2,1.6,haversine x 1.35 (road) - ESTIMATE
Darwin (Wanguri),Darwin (Tiwi),1.7,2.4,haversine x 1.35 (road) - ESTIMATE
Darwin (Wanguri),Darwin (Casuarina),0.6,0.8,haversine x 1.35 (road) - ESTIMATE
Darwin (Wanguri),Darwin (Wagaman),1.0,1.4,haversine x 1.35 (road) - ESTIMATE
Darwin (Wanguri),Darwin (Wanguri),0.0,0.0,haversine x 1.35 (road) - ESTIMATE
Darwin (Wanguri),Darwin (Wulagi),1.7,2.3,haversine x 1.35 (road) - ESTIMATE
Darwin (Wanguri),Darwin (Anula),2.4,3.3,haversine x 1.35 (road) - ESTIMATE
Darwin (Wanguri),Darwin (Marrara),3.1,4.1,haversine x 1.35 (road) - ESTIMATE
Darwin (Wanguri),Darwin (Leanyer),1.2,1.7,haversine x 1.35 (road) - ESTIMATE
Darwin (Wanguri),Darwin (Lyons),1.7,2.3,haversine x 1.35 (road) - ESTIMATE
Darwin (Wanguri),Darwin (Muirhead),2.0,2.7,haversine x 1.35 (road) - ESTIMATE
Darwin (Wanguri),Darwin (Berrimah),8.1,11.0,haversine x 1.35 (road) - ESTIMATE
Darwin (Wanguri),Darwin (Knuckey Lagoon),9.6,13.0,haversine x 1.35 (road) - ESTIMATE
Darwin (Wanguri),Palmerston (Gray),17.0,23.0,haversine x 1.35 (road) - ESTIMATE
Darwin (Wanguri),Palmerston (Driver),15.9,21.4,haversine x 1.35 (road) - ESTIMATE
Darwin (Wanguri),Palmerston (Moulden),17.6,23.7,haversine x 1.35 (road) - ESTIMATE
Darwin (Wanguri),Palmerston (Woodroffe),17.7,23.9,haversine x 1.35 (road) - ESTIMATE
Darwin (Wanguri),Palmerston (Gunn),17.9,24.1,haversine x 1.35 (road) - ESTIMATE
Darwin (Wanguri),Palmerston (Rosebery),18.9,25.5,haversine x 1.35 (road) - ESTIMATE
Darwin (Wanguri),Palmerston (Bakewell),18.6,25.0,haversine x 1.35 (road) - ESTIMATE
Darwin (Wanguri),Palmerston (Durack),14.6,19.7,haversine x 1.35 (road) - ESTIMATE
Darwin (Wanguri),Palmerston (Farrar),16.5,22.3,haversine x 1.35 (road) - ESTIMATE
Darwin (Wanguri),Palmerston (Johnston),18.9,25.5,haversine x 1.35 (road) - ESTIMATE
Darwin (Wanguri),Palmerston (Zuccoli),19.8,26.8,haversine x 1.35 (road) - ESTIMATE
Darwin (Wanguri),Palmerston (Bellamack),19.0,25.7,haversine x 1.35 (road) - ESTIMATE
Darwin (Wanguri),Howard Springs,22.3,30.2,haversine x 1.35 (road) - ESTIMATE
Darwin (Wanguri),Coolalinga,24.0,32.4,haversine x 1.35 (road) - ESTIMATE
Darwin (Wanguri),Virginia,22.8,30.7,haversine x 1.35 (road) - ESTIMATE
Darwin (Wanguri),Girraween,28.2,38.1,haversine x 1.35 (road) - ESTIMATE
Darwin (Wanguri),Berry Springs,38.8,52.4,haversine x 1.35 (road) - ESTIMATE
Darwin (Wulagi),Darwin (Ludmilla),6.2,8.3,haversine x 1.35 (road) - ESTIMATE
Darwin (Wulagi),Darwin (Nightcliff),4.8,6.5,haversine x 1.35 (road) - ESTIMATE
Darwin (Wulagi),Darwin (Malak),1.3,1.8,haversine x 1.35 (road) - ESTIMATE
Darwin (Wulagi),Darwin (Karama),2.6,3.6,haversine x 1.35 (road) - ESTIMATE
Darwin (Wulagi),Palmerston,14.3,19.2,haversine x 1.35 (road) - ESTIMATE
Darwin (Wulagi),Humpty Doo,30.2,40.8,haversine x 1.35 (road) - ESTIMATE
Darwin (Wulagi),Batchelor,75.3,101.7,haversine x 1.35 (road) - ESTIMATE
Darwin (Wulagi),Adelaide River,97.6,131.8,haversine x 1.35 (road) - ESTIMATE
Darwin (Wulagi),Belyuen,29.3,39.5,haversine x 1.35 (road) - ESTIMATE
Darwin (Wulagi),Wurrumiyanga,75.2,75.2,haversine x 1.0 (air_or_barge) - ESTIMATE
Darwin (Wulagi),Pine Creek,189.4,255.7,haversine x 1.35 (road) - ESTIMATE
Darwin (Wulagi),Katherine,274.6,370.7,haversine x 1.35 (road) - ESTIMATE
Darwin (Wulagi),Peppimenarti,214.9,290.1,haversine x 1.35 (road) - ESTIMATE
Darwin (Wulagi),Wadeye,254.5,343.6,haversine x 1.35 (road) - ESTIMATE
Darwin (Wulagi),Gunbalanya,235.1,317.3,haversine x 1.35 (road) - ESTIMATE
Darwin (Wulagi),Maningrida,364.0,491.4,haversine x 1.35 (road) - ESTIMATE
Darwin (Wulagi),Galiwinku,509.4,509.4,haversine x 1.0 (air_or_barge) - ESTIMATE
Darwin (Wulagi),Numbulwar,564.4,761.9,haversine x 1.35 (road) - ESTIMATE
Darwin (Wulagi),Darwin (City),10.4,14.1,haversine x 1.35 (road) - ESTIMATE
Darwin (Wulagi),Darwin (Larrakeyah),10.5,14.2,haversine x 1.35 (road) - ESTIMATE
Darwin (Wulagi),Darwin (Stuart Park),9.1,12.2,haversine x 1.35 (road) - ESTIMATE
Darwin (Wulagi),Darwin (The Gardens),9.7,13.1,haversine x 1.35 (road) - ESTIMATE
Darwin (Wulagi),Darwin (Parap),7.9,10.6,haversine x 1.35 (road) - ESTIMATE
Darwin (Wulagi),Darwin (Fannie Bay),7.9,10.7,haversine x 1.35 (road) - ESTIMATE
Darwin (Wulagi),Darwin (Bayview),7.8,10.5,haversine x 1.35 (road) - ESTIMATE
Darwin (Wulagi),Darwin (Woolner),8.2,11.1,haversine x 1.35 (road) - ESTIMATE
Darwin (Wulagi),Darwin (Winnellie),4.8,6.5,haversine x 1.35 (road) - ESTIMATE
Darwin (Wulagi),Darwin (Coconut Grove),5.0,6.8,haversine x 1.35 (road) - ESTIMATE
Darwin (Wulagi),Darwin (Rapid Creek),3.8,5.2,haversine x 1.35 (road) - ESTIMATE
Darwin (Wulagi),Darwin (Millner),3.8,5.1,haversine x 1.35 (road) - ESTIMATE
Darwin (Wulagi),Darwin (Jingili),2.6,3.5,haversine x 1.35 (road) - ESTIMATE
Darwin (Wulagi),Darwin (Moil),1.8,2.4,haversine x 1.35 (road) - ESTIMATE
Darwin (Wulagi),Darwin (Alawa),2.5,3.4,haversine x 1.35 (road) - ESTIMATE
Darwin (Wulagi),Darwin (Brinkin),3.3,4.4,haversine x 1.35 (road) - ESTIMATE
Darwin (Wulagi),Darwin (Nakara),2.7,3.6,haversine x 1.35 (road) - ESTIMATE
Darwin (Wulagi),Darwin (Tiwi),3.5,4.7,haversine x 1.35 (road) - ESTIMATE
Darwin (Wulagi),Darwin (Casuarina),2.0,2.7,haversine x 1.35 (road) - ESTIMATE
Darwin (Wulagi),Darwin (Wagaman),1.2,1.7,haversine x 1.35 (road) - ESTIMATE
Darwin (Wulagi),Darwin (Wanguri),1.7,2.3,haversine x 1.35 (road) - ESTIMATE
Darwin (Wulagi),Darwin (Wulagi),0.0,0.0,haversine x 1.35 (road) - ESTIMATE
Darwin (Wulagi),Darwin (Anula),1.1,1.5,haversine x 1.35 (road) - ESTIMATE
Darwin (Wulagi),Darwin (Marrara),1.7,2.3,haversine x 1.35 (road) - ESTIMATE
Darwin (Wulagi),Darwin (Leanyer),2.1,2.9,haversine x 1.35 (road) - ESTIMATE
Darwin (Wulagi),Darwin (Lyons),3.2,4.3,haversine x 1.35 (road) - ESTIMATE
Darwin (Wulagi),Darwin (Muirhead),3.0,4.1,haversine x 1.35 (road) - ESTIMATE
Darwin (Wulagi),Darwin (Berrimah),6.4,8.7,haversine x 1.35 (road) - ESTIMATE
Darwin (Wulagi),Darwin (Knuckey Lagoon),7.9,10.7,haversine x 1.35 (road) - ESTIMATE
Darwin (Wulagi),Palmerston (Gray),15.3,20.7,haversine x 1.35 (road) - ESTIMATE
Darwin (Wulagi),Palmerston (Driver),14.2,19.1,haversine x 1.35 (road) - ESTIMATE
Darwin (Wulagi),Palmerston (Moulden),15.9,21.4,haversine x 1.35 (road) - ESTIMATE
Darwin (Wulagi),Palmerston (Woodroffe),16.0,21.6,haversine x 1.35 (road) - ESTIMATE
Darwin (Wulagi),Palmerston (Gunn),16.2,21.8,haversine x 1.35 (road) - ESTIMATE
Darwin (Wulagi),Palmerston (Rosebery),17.2,23.2,haversine x 1.35 (road) - ESTIMATE
Darwin (Wulagi),Palmerston (Bakewell),16.8,22.7,haversine x 1.35 (road) - ESTIMATE
Darwin (Wulagi),Palmerston (Durack),12.9,17.4,haversine x 1.35 (road) - ESTIMATE
Darwin (Wulagi),Palmerston (Farrar),14.8,20.0,haversine x 1.35 (road) - ESTIMATE
Darwin (Wulagi),Palmerston (Johnston),17.2,23.2,haversine x 1.35 (road) - ESTIMATE
Darwin (Wulagi),Palmerston (Zuccoli),18.1,24.4,haversine x 1.35 (road) - ESTIMATE
Darwin (Wulagi),Palmerston (Bellamack),17.3,23.4,haversine x 1.35 (road) - ESTIMATE
Darwin (Wulagi),Howard Springs,20.7,27.9,haversine x 1.35 (road) - ESTIMATE
Darwin (Wulagi),Coolalinga,22.3,30.1,haversine x 1.35 (road) - ESTIMATE
Darwin (Wulagi),Virginia,21.0,28.4,haversine x 1.35 (road) - ESTIMATE
Darwin (Wulagi),Girraween,26.5,35.8,haversine x 1.35 (road) - ESTIMATE
Darwin (Wulagi),Berry Springs,37.2,50.3,haversine x 1.35 (road) - ESTIMATE
Darwin (Anula),Darwin (Ludmilla),5.2,7.1,haversine x 1.35 (road) - ESTIMATE
Darwin (Anula),Darwin (Nightcliff),4.5,6.1,haversine x 1.35 (road) - ESTIMATE
Darwin (Anula),Darwin (Malak),1.3,1.8,haversine x 1.35 (road) - ESTIMATE
Darwin (Anula),Darwin (Karama),2.5,3.4,haversine x 1.35 (road) - ESTIMATE
Darwin (Anula),Palmerston,13.8,18.7,haversine x 1.35 (road) - ESTIMATE
Darwin (Anula),Humpty Doo,29.9,40.3,haversine x 1.35 (road) - ESTIMATE
Darwin (Anula),Batchelor,74.4,100.5,haversine x 1.35 (road) - ESTIMATE
Darwin (Anula),Adelaide River,96.8,130.6,haversine x 1.35 (road) - ESTIMATE
Darwin (Anula),Belyuen,28.3,38.2,haversine x 1.35 (road) - ESTIMATE
Darwin (Anula),Wurrumiyanga,76.0,76.0,haversine x 1.0 (air_or_barge) - ESTIMATE
Darwin (Anula),Pine Creek,188.8,254.9,haversine x 1.35 (road) - ESTIMATE
Darwin (Anula),Katherine,274.0,369.9,haversine x 1.35 (road) - ESTIMATE
Darwin (Anula),Peppimenarti,213.8,288.7,haversine x 1.35 (road) - ESTIMATE
Darwin (Anula),Wadeye,253.5,342.2,haversine x 1.35 (road) - ESTIMATE
Darwin (Anula),Gunbalanya,235.5,317.9,haversine x 1.35 (road) - ESTIMATE
Darwin (Anula),Maningrida,364.5,492.1,haversine x 1.35 (road) - ESTIMATE
Darwin (Anula),Galiwinku,509.9,509.9,haversine x 1.0 (air_or_barge) - ESTIMATE
Darwin (Anula),Numbulwar,564.4,762.0,haversine x 1.35 (road) - ESTIMATE
Darwin (Anula),Darwin (City),9.4,12.6,haversine x 1.35 (road) - ESTIMATE
Darwin (Anula),Darwin (Larrakeyah),9.5,12.8,haversine x 1.35 (road) - ESTIMATE
Darwin (Anula),Darwin (Stuart Park),8.0,10.8,haversine x 1.35 (road) - ESTIMATE
Darwin (Anula),Darwin (The Gardens),8.7,11.7,haversine x 1.35 (road) - ESTIMATE
Darwin (Anula),Darwin (Parap),6.9,9.3,haversine x 1.35 (road) - ESTIMATE
Darwin (Anula),Darwin (Fannie Bay),7.0,9.5,haversine x 1.35 (road) - ESTIMATE
Darwin (Anula),Darwin (Bayview),6.7,9.1,haversine x 1.35 (road) - ESTIMATE
Darwin (Anula),Darwin (Woolner),7.2,9.7,haversine x 1.35 (road) - ESTIMATE
Darwin (Anula),Darwin (Winnellie),3.7,5.0,haversine x 1.35 (road) - ESTIMATE
Darwin (Anula),Darwin (Coconut Grove),4.4,5.9,haversine x 1.35 (road) - ESTIMATE
Darwin (Anula),Darwin (Rapid Creek),3.6,4.9,haversine x 1.35 (road) - ESTIMATE
Darwin (Anula),Darwin (Millner),3.3,4.4,haversine x 1.35 (road) - ESTIMATE
Darwin (Anula),Darwin (Jingili),2.1,2.8,haversine x 1.35 (road) - ESTIMATE
Darwin (Anula),Darwin (Moil),1.4,1.9,haversine x 1.35 (road) - ESTIMATE
Darwin (Anula),Darwin (Alawa),2.5,3.4,haversine x 1.35 (road) - ESTIMATE
Darwin (Anula),Darwin (Brinkin),3.5,4.7,haversine x 1.35 (road) - ESTIMATE
Darwin (Anula),Darwin (Nakara),3.1,4.1,haversine x 1.35 (road) - ESTIMATE
Darwin (Anula),Darwin (Tiwi),4.1,5.6,haversine x 1.35 (road) - ESTIMATE
Darwin (Anula),Darwin (Casuarina),2.4,3.3,haversine x 1.35 (road) - ESTIMATE
Darwin (Anula),Darwin (Wagaman),1.5,2.1,haversine x 1.35 (road) - ESTIMATE
Darwin (Anula),Darwin (Wanguri),2.4,3.3,haversine x 1.35 (road) - ESTIMATE
Darwin (Anula),Darwin (Wulagi),1.1,1.5,haversine x 1.35 (road) - ESTIMATE
Darwin (Anula),Darwin (Anula),0.0,0.0,haversine x 1.35 (road) - ESTIMATE
Darwin (Anula),Darwin (Marrara),0.7,0.9,haversine x 1.35 (road) - ESTIMATE
Darwin (Anula),Darwin (Leanyer),3.1,4.2,haversine x 1.35 (road) - ESTIMATE
Darwin (Anula),Darwin (Lyons),4.1,5.5,haversine x 1.35 (road) - ESTIMATE
Darwin (Anula),Darwin (Muirhead),4.0,5.4,haversine x 1.35 (road) - ESTIMATE
Darwin (Anula),Darwin (Berrimah),5.8,7.8,haversine x 1.35 (road) - ESTIMATE
Darwin (Anula),Darwin (Knuckey Lagoon),7.6,10.2,haversine x 1.35 (road) - ESTIMATE
Darwin (Anula),Palmerston (Gray),14.8,20.0,haversine x 1.35 (road) - ESTIMATE
Darwin (Anula),Palmerston (Driver),13.6,18.4,haversine x 1.35 (road) - ESTIMATE
Darwin (Anula),Palmerston (Moulden),15.3,20.6,haversine x 1.35 (road) - ESTIMATE
Darwin (Anula),Palmerston (Woodroffe),15.5,21.0,haversine x 1.35 (road) - ESTIMATE
Darwin (Anula),Palmerston (Gunn),15.8,21.3,haversine x 1.35 (road) - ESTIMATE
Darwin (Anula),Palmerston (Rosebery),16.7,22.5,haversine x 1.35 (road) - ESTIMATE
Darwin (Anula),Palmerston (Bakewell),16.4,22.1,haversine x 1.35 (road) - ESTIMATE
Darwin (Anula),Palmerston (Durack),12.4,16.8,haversine x 1.35 (road) - ESTIMATE
Darwin (Anula),Palmerston (Farrar),14.5,19.6,haversine x 1.35 (road) - ESTIMATE
Darwin (Anula),Palmerston (Johnston),16.8,22.7,haversine x 1.35 (road) - ESTIMATE
Darwin (Anula),Palmerston (Zuccoli),17.6,23.8,haversine x 1.35 (road) - ESTIMATE
Darwin (Anula),Palmerston (Bellamack),16.7,22.6,haversine x 1.35 (road) - ESTIMATE
Darwin (Anula),Howard Springs,20.4,27.6,haversine x 1.35 (road) - ESTIMATE
Darwin (Anula),Coolalinga,21.9,29.6,haversine x 1.35 (road) - ESTIMATE
Darwin (Anula),Virginia,20.6,27.8,haversine x 1.35 (road) - ESTIMATE
Darwin (Anula),Girraween,26.3,35.5,haversine x 1.35 (road) - ESTIMATE
Darwin (Anula),Berry Springs,36.4,49.2,haversine x 1.35 (road) - ESTIMATE
Darwin (Marrara),Darwin (Ludmilla),4.9,6.7,haversine x 1.35 (road) - ESTIMATE
Darwin (Marrara),Darwin (Nightcliff),4.7,6.4,haversine x 1.35 (road) - ESTIMATE
Darwin (Marrara),Darwin (Malak),1.5,2.0,haversine x 1.35 (road) - ESTIMATE
Darwin (Marrara),Darwin (Karama),2.4,3.2,haversine x 1.35 (road) - ESTIMATE
Darwin (Marrara),Palmerston,13.4,18.0,haversine x 1.35 (road) - ESTIMATE
Darwin (Marrara),Humpty Doo,29.4,39.7,haversine x 1.35 (road) - ESTIMATE
Darwin (Marrara),Batchelor,73.8,99.6,haversine x 1.35 (road) - ESTIMATE
Darwin (Marrara),Adelaide River,96.1,129.7,haversine x 1.35 (road) - ESTIMATE
Darwin (Marrara),Belyuen,27.9,37.7,haversine x 1.35 (road) - ESTIMATE
Darwin (Marrara),Wurrumiyanga,76.6,76.6,haversine x 1.0 (air_or_barge) - ESTIMATE
Darwin (Marrara),Pine Creek,188.2,254.1,haversine x 1.35 (road) - ESTIMATE
Darwin (Marrara),Katherine,273.4,369.1,haversine x 1.35 (road) - ESTIMATE
Darwin (Marrara),Peppimenarti,213.2,287.8,haversine x 1.35 (road) - ESTIMATE
Darwin (Marrara),Wadeye,252.9,341.5,haversine x 1.35 (road) - ESTIMATE
Darwin (Marrara),Gunbalanya,235.5,318.0,haversine x 1.35 (road) - ESTIMATE
Darwin (Marrara),Maningrida,364.6,492.2,haversine x 1.35 (road) - ESTIMATE
Darwin (Marrara),Galiwinku,509.9,509.9,haversine x 1.0 (air_or_barge) - ESTIMATE
Darwin (Marrara),Numbulwar,564.2,761.6,haversine x 1.35 (road) - ESTIMATE
Darwin (Marrara),Darwin (City),8.8,11.9,haversine x 1.35 (road) - ESTIMATE
Darwin (Marrara),Darwin (Larrakeyah),9.0,12.2,haversine x 1.35 (road) - ESTIMATE
Darwin (Marrara),Darwin (Stuart Park),7.5,10.2,haversine x 1.35 (road) - ESTIMATE
Darwin (Marrara),Darwin (The Gardens),8.2,11.1,haversine x 1.35 (road) - ESTIMATE
Darwin (Marrara),Darwin (Parap),6.5,8.8,haversine x 1.35 (road) - ESTIMATE
Darwin (Marrara),Darwin (Fannie Bay),6.7,9.1,haversine x 1.35 (road) - ESTIMATE
Darwin (Marrara),Darwin (Bayview),6.2,8.4,haversine x 1.35 (road) - ESTIMATE
Darwin (Marrara),Darwin (Woolner),6.7,9.0,haversine x 1.35 (road) - ESTIMATE
Darwin (Marrara),Darwin (Winnellie),3.1,4.1,haversine x 1.35 (road) - ESTIMATE
Darwin (Marrara),Darwin (Coconut Grove),4.3,5.9,haversine x 1.35 (road) - ESTIMATE
Darwin (Marrara),Darwin (Rapid Creek),3.9,5.3,haversine x 1.35 (road) - ESTIMATE
Darwin (Marrara),Darwin (Millner),3.4,4.6,haversine x 1.35 (road) - ESTIMATE
Darwin (Marrara),Darwin (Jingili),2.3,3.2,haversine x 1.35 (road) - ESTIMATE
Darwin (Marrara),Darwin (Moil),1.8,2.4,haversine x 1.35 (road) - ESTIMATE
Darwin (Marrara),Darwin (Alawa),3.0,4.0,haversine x 1.35 (road) - ESTIMATE
Darwin (Marrara),Darwin (Brinkin),4.0,5.4,haversine x 1.35 (road) - ESTIMATE
Darwin (Marrara),Darwin (Nakara),3.6,4.9,haversine x 1.35 (road) - ESTIMATE
Darwin (Marrara),Darwin (Tiwi),4.7,6.4,haversine x 1.35 (road) - ESTIMATE
Darwin (Marrara),Darwin (Casuarina),3.0,4.1,haversine x 1.35 (road) - ESTIMATE
Darwin (Marrara),Darwin (Wagaman),2.1,2.9,haversine x 1.35 (road) - ESTIMATE
Darwin (Marrara),Darwin (Wanguri),3.1,4.1,haversine x 1.35 (road) - ESTIMATE
Darwin (Marrara),Darwin (Wulagi),1.7,2.3,haversine x 1.35 (road) - ESTIMATE
Darwin (Marrara),Darwin (Anula),0.7,0.9,haversine x 1.35 (road) - ESTIMATE
Darwin (Marrara),Darwin (Marrara),0.0,0.0,haversine x 1.35 (road) - ESTIMATE
Darwin (Marrara),Darwin (Leanyer),3.8,5.1,haversine x 1.35 (road) - ESTIMATE
Darwin (Marrara),Darwin (Lyons),4.7,6.4,haversine x 1.35 (road) - ESTIMATE
Darwin (Marrara),Darwin (Muirhead),4.7,6.3,haversine x 1.35 (road) - ESTIMATE
Darwin (Marrara),Darwin (Berrimah),5.2,7.1,haversine x 1.35 (road) - ESTIMATE
Darwin (Marrara),Darwin (Knuckey Lagoon),7.2,9.7,haversine x 1.35 (road) - ESTIMATE
Darwin (Marrara),Palmerston (Gray),14.3,19.3,haversine x 1.35 (road) - ESTIMATE
Darwin (Marrara),Palmerston (Driver),13.1,17.7,haversine x 1.35 (road) - ESTIMATE
Darwin (Marrara),Palmerston (Moulden),14.7,19.9,haversine x 1.35 (road) - ESTIMATE
Darwin (Marrara),Palmerston (Woodroffe),15.1,20.3,haversine x 1.35 (road) - ESTIMATE
Darwin (Marrara),Palmerston (Gunn),15.3,20.7,haversine x 1.35 (road) - ESTIMATE
Darwin (Marrara),Palmerston (Rosebery),16.1,21.8,haversine x 1.35 (road) - ESTIMATE
Darwin (Marrara),Palmerston (Bakewell),15.9,21.5,haversine x 1.35 (road) - ESTIMATE
Darwin (Marrara),Palmerston (Durack),12.0,16.2,haversine x 1.35 (road) - ESTIMATE
Darwin (Marrara),Palmerston (Farrar),14.1,19.0,haversine x 1.35 (road) - ESTIMATE
Darwin (Marrara),Palmerston (Johnston),16.4,22.2,haversine x 1.35 (road) - ESTIMATE
Darwin (Marrara),Palmerston (Zuccoli),17.2,23.2,haversine x 1.35 (road) - ESTIMATE
Darwin (Marrara),Palmerston (Bellamack),16.2,21.8,haversine x 1.35 (road) - ESTIMATE
Darwin (Marrara),Howard Springs,20.0,27.1,haversine x 1.35 (road) - ESTIMATE
Darwin (Marrara),Coolalinga,21.5,29.0,haversine x 1.35 (road) - ESTIMATE
Darwin (Marrara),Virginia,20.1,27.2,haversine x 1.35 (road) - ESTIMATE
Darwin (Marrara),Girraween,25.9,34.9,haversine x 1.35 (road) - ESTIMATE
Darwin (Marrara),Berry Springs,35.8,48.3,haversine x 1.35 (road) - ESTIMATE
Darwin (Leanyer),Darwin (Ludmilla),7.6,10.2,haversine x 1.35 (road) - ESTIMATE
Darwin (Leanyer),Darwin (Nightcliff),5.0,6.8,haversine x 1.35 (road) - ESTIMATE
Darwin (Leanyer),Darwin (Malak),3.3,4.4,haversine x 1.35 (road) - ESTIMATE
Darwin (Leanyer),Darwin (Karama),4.4,5.9,haversine x 1.35 (road) - ESTIMATE
Darwin (Leanyer),Palmerston,16.0,21.6,haversine x 1.35 (road) - ESTIMATE
Darwin (Leanyer),Humpty Doo,31.8,42.9,haversine x 1.35 (road) - ESTIMATE
Darwin (Leanyer),Batchelor,77.4,104.5,haversine x 1.35 (road) - ESTIMATE
Darwin (Leanyer),Adelaide River,99.7,134.6,haversine x 1.35 (road) - ESTIMATE
Darwin (Leanyer),Belyuen,30.5,41.1,haversine x 1.35 (road) - ESTIMATE
Darwin (Leanyer),Wurrumiyanga,73.2,73.2,haversine x 1.0 (air_or_barge) - ESTIMATE
Darwin (Leanyer),Pine Creek,191.3,258.2,haversine x 1.35 (road) - ESTIMATE
Darwin (Leanyer),Katherine,276.4,373.2,haversine x 1.35 (road) - ESTIMATE
Darwin (Leanyer),Peppimenarti,216.8,292.7,haversine x 1.35 (road) - ESTIMATE
Darwin (Leanyer),Wadeye,256.2,345.9,haversine x 1.35 (road) - ESTIMATE
Darwin (Leanyer),Gunbalanya,235.1,317.4,haversine x 1.35 (road) - ESTIMATE
Darwin (Leanyer),Maningrida,363.9,491.3,haversine x 1.35 (road) - ESTIMATE
Darwin (Leanyer),Galiwinku,509.3,509.3,haversine x 1.0 (air_or_barge) - ESTIMATE
Darwin (Leanyer),Numbulwar,565.3,763.1,haversine x 1.35 (road) - ESTIMATE
Darwin (Leanyer),Darwin (City),12.2,16.5,haversine x 1.35 (road) - ESTIMATE
Darwin (Leanyer),Darwin (Larrakeyah),12.1,16.4,haversine x 1.35 (road) - ESTIMATE
Darwin (Leanyer),Darwin (Stuart Park),10.7,14.4,haversine x 1.35 (road) - ESTIMATE
Darwin (Leanyer),Darwin (The Gardens),11.3,15.3,haversine x 1.35 (road) - ESTIMATE
Darwin (Leanyer),Darwin (Parap),9.3,12.6,haversine x 1.35 (road) - ESTIMATE
Darwin (Leanyer),Darwin (Fannie Bay),9.2,12.4,haversine x 1.35 (road) - ESTIMATE
Darwin (Leanyer),Darwin (Bayview),9.6,12.9,haversine x 1.35 (road) - ESTIMATE
Darwin (Leanyer),Darwin (Woolner),9.8,13.3,haversine x 1.35 (road) - ESTIMATE
Darwin (Leanyer),Darwin (Winnellie),6.9,9.3,haversine x 1.35 (road) - ESTIMATE
Darwin (Leanyer),Darwin (Coconut Grove),5.9,8.0,haversine x 1.35 (road) - ESTIMATE
Darwin (Leanyer),Darwin (Rapid Creek),4.1,5.5,haversine x 1.35 (road) - ESTIMATE
Darwin (Leanyer),Darwin (Millner),4.6,6.2,haversine x 1.35 (road) - ESTIMATE
Darwin (Leanyer),Darwin (Jingili),3.6,4.8,haversine x 1.35 (road) - ESTIMATE
Darwin (Leanyer),Darwin (Moil),3.0,4.1,haversine x 1.35 (road) - ESTIMATE
Darwin (Leanyer),Darwin (Alawa),2.9,3.9,haversine x 1.35 (road) - ESTIMATE
Darwin (Leanyer),Darwin (Brinkin),2.9,3.9,haversine x 1.35 (road) - ESTIMATE
Darwin (Leanyer),Darwin (Nakara),2.3,3.1,haversine x 1.35 (road) - ESTIMATE
Darwin (Leanyer),Darwin (Tiwi),2.1,2.8,haversine x 1.35 (road) - ESTIMATE
Darwin (Leanyer),Darwin (Casuarina),1.8,2.5,haversine x 1.35 (road) - ESTIMATE
Darwin (Leanyer),Darwin (Wagaman),2.1,2.8,haversine x 1.35 (road) - ESTIMATE
Darwin (Leanyer),Darwin (Wanguri),1.2,1.7,haversine x 1.35 (road) - ESTIMATE
Darwin (Leanyer),Darwin (Wulagi),2.1,2.9,haversine x 1.35 (road) - ESTIMATE
Darwin (Leanyer),Darwin (Anula),3.1,4.2,haversine x 1.35 (road) - ESTIMATE
Darwin (Leanyer),Darwin (Marrara),3.8,5.1,haversine x 1.35 (road) - ESTIMATE
Darwin (Leanyer),Darwin (Leanyer),0.0,0.0,haversine x 1.35 (road) - ESTIMATE
Darwin (Leanyer),Darwin (Lyons),1.3,1.8,haversine x 1.35 (road) - ESTIMATE
Darwin (Leanyer),Darwin (Muirhead),0.9,1.2,haversine x 1.35 (road) - ESTIMATE
Darwin (Leanyer),Darwin (Berrimah),8.4,11.4,haversine x 1.35 (road) - ESTIMATE
Darwin (Leanyer),Darwin (Knuckey Lagoon),9.6,13.0,haversine x 1.35 (road) - ESTIMATE
Darwin (Leanyer),Palmerston (Gray),17.1,23.1,haversine x 1.35 (road) - ESTIMATE
Darwin (Leanyer),Palmerston (Driver),16.0,21.5,haversine x 1.35 (road) - ESTIMATE
Darwin (Leanyer),Palmerston (Moulden),17.7,23.9,haversine x 1.35 (road) - ESTIMATE
Darwin (Leanyer),Palmerston (Woodroffe),17.7,23.9,haversine x 1.35 (road) - ESTIMATE
Darwin (Leanyer),Palmerston (Gunn),17.8,24.0,haversine x 1.35 (road) - ESTIMATE
Darwin (Leanyer),Palmerston (Rosebery),19.0,25.6,haversine x 1.35 (road) - ESTIMATE
Darwin (Leanyer),Palmerston (Bakewell),18.5,25.0,haversine x 1.35 (road) - ESTIMATE
Darwin (Leanyer),Palmerston (Durack),14.6,19.8,haversine x 1.35 (road) - ESTIMATE
Darwin (Leanyer),Palmerston (Farrar),16.4,22.2,haversine x 1.35 (road) - ESTIMATE
Darwin (Leanyer),Palmerston (Johnston),18.8,25.3,haversine x 1.35 (road) - ESTIMATE
Darwin (Leanyer),Palmerston (Zuccoli),19.8,26.8,haversine x 1.35 (road) - ESTIMATE
Darwin (Leanyer),Palmerston (Bellamack),19.2,25.9,haversine x 1.35 (road) - ESTIMATE
Darwin (Leanyer),Howard Springs,22.1,29.8,haversine x 1.35 (road) - ESTIMATE
Darwin (Leanyer),Coolalinga,23.9,32.2,haversine x 1.35 (road) - ESTIMATE
Darwin (Leanyer),Virginia,22.8,30.7,haversine x 1.35 (road) - ESTIMATE
Darwin (Leanyer),Girraween,27.9,37.7,haversine x 1.35 (road) - ESTIMATE
Darwin (Leanyer),Berry Springs,39.3,53.1,haversine x 1.35 (road) - ESTIMATE
Darwin (Lyons),Darwin (Ludmilla),7.8,10.5,haversine x 1.35 (road) - ESTIMATE
Darwin (Lyons),Darwin (Nightcliff),4.6,6.2,haversine x 1.35 (road) - ESTIMATE
Darwin (Lyons),Darwin (Malak),4.5,6.0,haversine x 1.35 (road) - ESTIMATE
Darwin (Lyons),Darwin (Karama),5.7,7.6,haversine x 1.35 (road) - ESTIMATE
Darwin (Lyons),Palmerston,17.3,23.3,haversine x 1.35 (road) - ESTIMATE
Darwin (Lyons),Humpty Doo,33.1,44.7,haversine x 1.35 (road) - ESTIMATE
Darwin (Lyons),Batchelor,78.5,105.9,haversine x 1.35 (road) - ESTIMATE
Darwin (Lyons),Adelaide River,100.8,136.1,haversine x 1.35 (road) - ESTIMATE
Darwin (Lyons),Belyuen,30.3,40.9,haversine x 1.35 (road) - ESTIMATE
Darwin (Lyons),Wurrumiyanga,72.0,72.0,haversine x 1.0 (air_or_barge) - ESTIMATE
Darwin (Lyons),Pine Creek,192.5,259.9,haversine x 1.35 (road) - ESTIMATE
Darwin (Lyons),Katherine,277.7,374.9,haversine x 1.35 (road) - ESTIMATE
Darwin (Lyons),Peppimenarti,217.2,293.3,haversine x 1.35 (road) - ESTIMATE
Darwin (Lyons),Wadeye,256.4,346.1,haversine x 1.35 (road) - ESTIMATE
Darwin (Lyons),Gunbalanya,236.1,318.7,haversine x 1.35 (road) - ESTIMATE
Darwin (Lyons),Maningrida,364.8,492.5,haversine x 1.35 (road) - ESTIMATE
Darwin (Lyons),Galiwinku,510.3,510.3,haversine x 1.0 (air_or_barge) - ESTIMATE
Darwin (Lyons),Numbulwar,566.5,764.8,haversine x 1.35 (road) - ESTIMATE
Darwin (Lyons),Darwin (City),12.7,17.1,haversine x 1.35 (road) - ESTIMATE
Darwin (Lyons),Darwin (Larrakeyah),12.4,16.7,haversine x 1.35 (road) - ESTIMATE
Darwin (Lyons),Darwin (Stuart Park),11.0,14.8,haversine x 1.35 (road) - ESTIMATE
Darwin (Lyons),Darwin (The Gardens),11.5,15.6,haversine x 1.35 (road) - ESTIMATE
Darwin (Lyons),Darwin (Parap),9.5,12.8,haversine x 1.35 (road) - ESTIMATE
Darwin (Lyons),Darwin (Fannie Bay),9.2,12.4,haversine x 1.35 (road) - ESTIMATE
Darwin (Lyons),Darwin (Bayview),10.0,13.5,haversine x 1.35 (road) - ESTIMATE
Darwin (Lyons),Darwin (Woolner),10.2,13.7,haversine x 1.35 (road) - ESTIMATE
Darwin (Lyons),Darwin (Winnellie),7.7,10.4,haversine x 1.35 (road) - ESTIMATE
Darwin (Lyons),Darwin (Coconut Grove),5.9,7.9,haversine x 1.35 (road) - ESTIMATE
Darwin (Lyons),Darwin (Rapid Creek),3.8,5.1,haversine x 1.35 (road) - ESTIMATE
Darwin (Lyons),Darwin (Millner),4.6,6.2,haversine x 1.35 (road) - ESTIMATE
Darwin (Lyons),Darwin (Jingili),3.8,5.2,haversine x 1.35 (road) - ESTIMATE
Darwin (Lyons),Darwin (Moil),3.5,4.7,haversine x 1.35 (road) - ESTIMATE
Darwin (Lyons),Darwin (Alawa),2.9,3.9,haversine x 1.35 (road) - ESTIMATE
Darwin (Lyons),Darwin (Brinkin),2.4,3.3,haversine x 1.35 (road) - ESTIMATE
Darwin (Lyons),Darwin (Nakara),2.0,2.6,haversine x 1.35 (road) - ESTIMATE
Darwin (Lyons),Darwin (Tiwi),1.0,1.4,haversine x 1.35 (road) - ESTIMATE
Darwin (Lyons),Darwin (Casuarina),2.0,2.7,haversine x 1.35 (road) - ESTIMATE
Darwin (Lyons),Darwin (Wagaman),2.7,3.6,haversine x 1.35 (road) - ESTIMATE
Darwin (Lyons),Darwin (Wanguri),1.7,2.3,haversine x 1.35 (road) - ESTIMATE
Darwin (Lyons),Darwin (Wulagi),3.2,4.3,haversine x 1.35 (road) - ESTIMATE
Darwin (Lyons),Darwin (Anula),4.1,5.5,haversine x 1.35 (road) - ESTIMATE
Darwin (Lyons),Darwin (Marrara),4.7,6.4,haversine x 1.35 (road) - ESTIMATE
Darwin (Lyons),Darwin (Leanyer),1.3,1.8,haversine x 1.35 (road) - ESTIMATE
Darwin (Lyons),Darwin (Lyons),0.0,0.0,haversine x 1.35 (road) - ESTIMATE
Darwin (Lyons),Darwin (Muirhead),1.1,1.5,haversine x 1.35 (road) - ESTIMATE
Darwin (Lyons),Darwin (Berrimah),9.6,13.0,haversine x 1.35 (road) - ESTIMATE
Darwin (Lyons),Darwin (Knuckey Lagoon),10.9,14.7,haversine x 1.35 (road) - ESTIMATE
Darwin (Lyons),Palmerston (Gray),18.4,24.8,haversine x 1.35 (road) - ESTIMATE
Darwin (Lyons),Palmerston (Driver),17.2,23.3,haversine x 1.35 (road) - ESTIMATE
Darwin (Lyons),Palmerston (Moulden),19.0,25.6,haversine x 1.35 (road) - ESTIMATE
Darwin (Lyons),Palmerston (Woodroffe),19.0,25.7,haversine x 1.35 (road) - ESTIMATE
Darwin (Lyons),Palmerston (Gunn),19.1,25.8,haversine x 1.35 (road) - ESTIMATE
Darwin (Lyons),Palmerston (Rosebery),20.3,27.4,haversine x 1.35 (road) - ESTIMATE
Darwin (Lyons),Palmerston (Bakewell),19.8,26.8,haversine x 1.35 (road) - ESTIMATE
Darwin (Lyons),Palmerston (Durack),15.9,21.5,haversine x 1.35 (road) - ESTIMATE
Darwin (Lyons),Palmerston (Farrar),17.8,24.0,haversine x 1.35 (road) - ESTIMATE
Darwin (Lyons),Palmerston (Johnston),20.1,27.1,haversine x 1.35 (road) - ESTIMATE
Darwin (Lyons),Palmerston (Zuccoli),21.1,28.5,haversine x 1.35 (road) - ESTIMATE
Darwin (Lyons),Palmerston (Bellamack),20.5,27.6,haversine x 1.35 (road) - ESTIMATE
Darwin (Lyons),Howard Springs,23.4,31.6,haversine x 1.35 (road) - ESTIMATE
Darwin (Lyons),Coolalinga,25.2,34.0,haversine x 1.35 (road) - ESTIMATE
Darwin (Lyons),Virginia,24.1,32.5,haversine x 1.35 (road) - ESTIMATE
Darwin (Lyons),Girraween,29.3,39.5,haversine x 1.35 (road) - ESTIMATE
Darwin (Lyons),Berry Springs,40.4,54.6,haversine x 1.35 (road) - ESTIMATE
Darwin (Muirhead),Darwin (Ludmilla),8.4,11.3,haversine x 1.35 (road) - ESTIMATE
Darwin (Muirhead),Darwin (Nightcliff),5.5,7.5,haversine x 1.35 (road) - ESTIMATE
Darwin (Muirhead),Darwin (Malak),4.1,5.5,haversine x 1.35 (road) - ESTIMATE
Darwin (Muirhead),Darwin (Karama),5.2,7.0,haversine x 1.35 (road) - ESTIMATE
Darwin (Muirhead),Palmerston,16.6,22.4,haversine x 1.35 (road) - ESTIMATE
Darwin (Muirhead),Humpty Doo,32.4,43.7,haversine x 1.35 (road) - ESTIMATE
Darwin (Muirhead),Batchelor,78.3,105.7,haversine x 1.35 (road) - ESTIMATE
Darwin (Muirhead),Adelaide River,100.5,135.7,haversine x 1.35 (road) - ESTIMATE
Darwin (Muirhead),Belyuen,31.1,42.0,haversine x 1.35 (road) - ESTIMATE
Darwin (Muirhead),Wurrumiyanga,72.5,72.5,haversine x 1.0 (air_or_barge) - ESTIMATE
Darwin (Muirhead),Pine Creek,192.0,259.1,haversine x 1.35 (road) - ESTIMATE
Darwin (Muirhead),Katherine,277.1,374.1,haversine x 1.35 (road) - ESTIMATE
Darwin (Muirhead),Peppimenarti,217.7,293.8,haversine x 1.35 (road) - ESTIMATE
Darwin (Muirhead),Wadeye,257.0,346.9,haversine x 1.35 (road) - ESTIMATE
Darwin (Muirhead),Gunbalanya,235.0,317.2,haversine x 1.35 (road) - ESTIMATE
Darwin (Muirhead),Maningrida,363.7,491.0,haversine x 1.35 (road) - ESTIMATE
Darwin (Muirhead),Galiwinku,509.2,509.2,haversine x 1.0 (air_or_barge) - ESTIMATE
Darwin (Muirhead),Numbulwar,565.5,763.5,haversine x 1.35 (road) - ESTIMATE
Darwin (Muirhead),Darwin (City),13.1,17.7,haversine x 1.35 (road) - ESTIMATE
Darwin (Muirhead),Darwin (Larrakeyah),12.9,17.4,haversine x 1.35 (road) - ESTIMATE
Darwin (Muirhead),Darwin (Stuart Park),11.5,15.5,haversine x 1.35 (road) - ESTIMATE
Darwin (Muirhead),Darwin (The Gardens),12.1,16.3,haversine x 1.35 (road) - ESTIMATE
Darwin (Muirhead),Darwin (Parap),10.1,13.6,haversine x 1.35 (road) - ESTIMATE
Darwin (Muirhead),Darwin (Fannie Bay),9.9,13.3,haversine x 1.35 (road) - ESTIMATE
Darwin (Muirhead),Darwin (Bayview),10.4,14.0,haversine x 1.35 (road) - ESTIMATE
Darwin (Muirhead),Darwin (Woolner),10.7,14.4,haversine x 1.35 (road) - ESTIMATE
Darwin (Muirhead),Darwin (Winnellie),7.7,10.5,haversine x 1.35 (road) - ESTIMATE
Darwin (Muirhead),Darwin (Coconut Grove),6.6,8.9,haversine x 1.35 (road) - ESTIMATE
Darwin (Muirhead),Darwin (Rapid Creek),4.6,6.3,haversine x 1.35 (road) - ESTIMATE
Darwin (Muirhead),Darwin (Millner),5.3,7.1,haversine x 1.35 (road) - ESTIMATE
Darwin (Muirhead),Darwin (Jingili),4.3,5.9,haversine x 1.35 (road) - ESTIMATE
Darwin (Muirhead),Darwin (Moil),3.9,5.2,haversine x 1.35 (road) - ESTIMATE
Darwin (Muirhead),Darwin (Alawa),3.6,4.8,haversine x 1.35 (road) - ESTIMATE
Darwin (Muirhead),Darwin (Brinkin),3.3,4.5,haversine x 1.35 (road) - ESTIMATE
Darwin (Muirhead),Darwin (Nakara),2.8,3.7,haversine x 1.35 (road) - ESTIMATE
Darwin (Muirhead),Darwin (Tiwi),2.1,2.8,haversine x 1.35 (road) - ESTIMATE
Darwin (Muirhead),Darwin (Casuarina),2.5,3.4,haversine x 1.35 (road) - ESTIMATE
Darwin (Muirhead),Darwin (Wagaman),2.9,3.9,haversine x 1.35 (road) - ESTIMATE
Darwin (Muirhead),Darwin (Wanguri),2.0,2.7,haversine x 1.35 (road) - ESTIMATE
Darwin (Muirhead),Darwin (Wulagi),3.0,4.1,haversine x 1.35 (road) - ESTIMATE
Darwin (Muirhead),Darwin (Anula),4.0,5.4,haversine x 1.35 (road) - ESTIMATE
Darwin (Muirhead),Darwin (Marrara),4.7,6.3,haversine x 1.35 (road) - ESTIMATE
Darwin (Muirhead),Darwin (Leanyer),0.9,1.2,haversine x 1.35 (road) - ESTIMATE
Darwin (Muirhead),Darwin (Lyons),1.1,1.5,haversine x 1.35 (road) - ESTIMATE
Darwin (Muirhead),Darwin (Muirhead),0.0,0.0,haversine x 1.35 (road) - ESTIMATE
Darwin (Muirhead),Darwin (Berrimah),9.2,12.5,haversine x 1.35 (road) - ESTIMATE
Darwin (Muirhead),Darwin (Knuckey Lagoon),10.3,13.9,haversine x 1.35 (road) - ESTIMATE
Darwin (Muirhead),Palmerston (Gray),17.8,24.0,haversine x 1.35 (road) - ESTIMATE
Darwin (Muirhead),Palmerston (Driver),16.7,22.5,haversine x 1.35 (road) - ESTIMATE
Darwin (Muirhead),Palmerston (Moulden),18.5,24.9,haversine x 1.35 (road) - ESTIMATE
Darwin (Muirhead),Palmerston (Woodroffe),18.4,24.8,haversine x 1.35 (road) - ESTIMATE
Darwin (Muirhead),Palmerston (Gunn),18.4,24.9,haversine x 1.35 (road) - ESTIMATE
Darwin (Muirhead),Palmerston (Rosebery),19.7,26.6,haversine x 1.35 (road) - ESTIMATE
Darwin (Muirhead),Palmerston (Bakewell),19.2,25.9,haversine x 1.35 (road) - ESTIMATE
Darwin (Muirhead),Palmerston (Durack),15.3,20.7,haversine x 1.35 (road) - ESTIMATE
Darwin (Muirhead),Palmerston (Farrar),17.0,23.0,haversine x 1.35 (road) - ESTIMATE
Darwin (Muirhead),Palmerston (Johnston),19.4,26.1,haversine x 1.35 (road) - ESTIMATE
Darwin (Muirhead),Palmerston (Zuccoli),20.5,27.6,haversine x 1.35 (road) - ESTIMATE
Darwin (Muirhead),Palmerston (Bellamack),19.9,26.9,haversine x 1.35 (road) - ESTIMATE
Darwin (Muirhead),Howard Springs,22.6,30.5,haversine x 1.35 (road) - ESTIMATE
Darwin (Muirhead),Coolalinga,24.5,33.0,haversine x 1.35 (road) - ESTIMATE
Darwin (Muirhead),Virginia,23.4,31.6,haversine x 1.35 (road) - ESTIMATE
Darwin (Muirhead),Girraween,28.4,38.4,haversine x 1.35 (road) - ESTIMATE
Darwin (Muirhead),Berry Springs,40.1,54.2,haversine x 1.35 (road) - ESTIMATE
Darwin (Berrimah),Darwin (Ludmilla),8.0,10.8,haversine x 1.35 (road) - ESTIMATE
Darwin (Berrimah),Darwin (Nightcliff),9.7,13.1,haversine x 1.35 (road) - ESTIMATE
Darwin (Berrimah),Darwin (Malak),5.2,7.0,haversine x 1.35 (road) - ESTIMATE
Darwin (Berrimah),Darwin (Karama),4.1,5.5,haversine x 1.35 (road) - ESTIMATE
Darwin (Berrimah),Palmerston,8.2,11.1,haversine x 1.35 (road) - ESTIMATE
Darwin (Berrimah),Humpty Doo,24.3,32.8,haversine x 1.35 (road) - ESTIMATE
Darwin (Berrimah),Batchelor,69.1,93.3,haversine x 1.35 (road) - ESTIMATE
Darwin (Berrimah),Adelaide River,91.4,123.3,haversine x 1.35 (road) - ESTIMATE
Darwin (Berrimah),Belyuen,28.8,38.9,haversine x 1.35 (road) - ESTIMATE
Darwin (Berrimah),Wurrumiyanga,81.6,81.6,haversine x 1.0 (air_or_barge) - ESTIMATE
Darwin (Berrimah),Pine Creek,183.0,247.1,haversine x 1.35 (road) - ESTIMATE
Darwin (Berrimah),Katherine,268.2,362.1,haversine x 1.35 (road) - ESTIMATE
Darwin (Berrimah),Peppimenarti,210.8,284.6,haversine x 1.35 (road) - ESTIMATE
Darwin (Berrimah),Wadeye,251.6,339.6,haversine x 1.35 (road) - ESTIMATE
Darwin (Berrimah),Gunbalanya,232.5,313.8,haversine x 1.35 (road) - ESTIMATE
Darwin (Berrimah),Maningrida,361.8,488.4,haversine x 1.35 (road) - ESTIMATE
Darwin (Berrimah),Galiwinku,507.0,507.0,haversine x 1.0 (air_or_barge) - ESTIMATE
Darwin (Berrimah),Numbulwar,559.6,755.5,haversine x 1.35 (road) - ESTIMATE
Darwin (Berrimah),Darwin (City),8.9,12.1,haversine x 1.35 (road) - ESTIMATE
Darwin (Berrimah),Darwin (Larrakeyah),10.0,13.5,haversine x 1.35 (road) - ESTIMATE
Darwin (Berrimah),Darwin (Stuart Park),8.8,11.8,haversine x 1.35 (road) - ESTIMATE
Darwin (Berrimah),Darwin (The Gardens),9.5,12.9,haversine x 1.35 (road) - ESTIMATE
Darwin (Berrimah),Darwin (Parap),8.8,11.9,haversine x 1.35 (road) - ESTIMATE
Darwin (Berrimah),Darwin (Fannie Bay),9.6,12.9,haversine x 1.35 (road) - ESTIMATE
Darwin (Berrimah),Darwin (Bayview),7.4,10.0,haversine x 1.35 (road) - ESTIMATE
Darwin (Berrimah),Darwin (Woolner),8.2,11.0,haversine x 1.35 (road) - ESTIMATE
Darwin (Berrimah),Darwin (Winnellie),4.1,5.5,haversine x 1.35 (road) - ESTIMATE
Darwin (Berrimah),Darwin (Coconut Grove),8.7,11.7,haversine x 1.35 (road) - ESTIMATE
Darwin (Berrimah),Darwin (Rapid Creek),9.0,12.2,haversine x 1.35 (road) - ESTIMATE
Darwin (Berrimah),Darwin (Millner),8.2,11.1,haversine x 1.35 (road) - ESTIMATE
Darwin (Berrimah),Darwin (Jingili),7.5,10.1,haversine x 1.35 (road) - ESTIMATE
Darwin (Berrimah),Darwin (Moil),7.0,9.5,haversine x 1.35 (road) - ESTIMATE
Darwin (Berrimah),Darwin (Alawa),8.2,11.1,haversine x 1.35 (road) - ESTIMATE
Darwin (Berrimah),Darwin (Brinkin),9.2,12.5,haversine x 1.35 (road) - ESTIMATE
Darwin (Berrimah),Darwin (Nakara),8.8,11.9,haversine x 1.35 (road) - ESTIMATE
Darwin (Berrimah),Darwin (Tiwi),9.9,13.3,haversine x 1.35 (road) - ESTIMATE
Darwin (Berrimah),Darwin (Casuarina),8.2,11.1,haversine x 1.35 (road) - ESTIMATE
Darwin (Berrimah),Darwin (Wagaman),7.3,9.9,haversine x 1.35 (road) - ESTIMATE
Darwin (Berrimah),Darwin (Wanguri),8.1,11.0,haversine x 1.35 (road) - ESTIMATE
Darwin (Berrimah),Darwin (Wulagi),6.4,8.7,haversine x 1.35 (road) - ESTIMATE
Darwin (Berrimah),Darwin (Anula),5.8,7.8,haversine x 1.35 (road) - ESTIMATE
Darwin (Berrimah),Darwin (Marrara),5.2,7.1,haversine x 1.35 (road) - ESTIMATE
Darwin (Berrimah),Darwin (Leanyer),8.4,11.4,haversine x 1.35 (road) - ESTIMATE
Darwin (Berrimah),Darwin (Lyons),9.6,13.0,haversine x 1.35 (road) - ESTIMATE
Darwin (Berrimah),Darwin (Muirhead),9.2,12.5,haversine x 1.35 (road) - ESTIMATE
Darwin (Berrimah),Darwin (Berrimah),0.0,0.0,haversine x 1.35 (road) - ESTIMATE
Darwin (Berrimah),Darwin (Knuckey Lagoon),2.7,3.7,haversine x 1.35 (road) - ESTIMATE
Darwin (Berrimah),Palmerston (Gray),9.1,12.3,haversine x 1.35 (road) - ESTIMATE
Darwin (Berrimah),Palmerston (Driver),7.9,10.7,haversine x 1.35 (road) - ESTIMATE
Darwin (Berrimah),Palmerston (Moulden),9.5,12.8,haversine x 1.35 (road) - ESTIMATE
Darwin (Berrimah),Palmerston (Woodroffe),9.9,13.4,haversine x 1.35 (road) - ESTIMATE
Darwin (Berrimah),Palmerston (Gunn),10.3,13.8,haversine x 1.35 (road) - ESTIMATE
Darwin (Berrimah),Palmerston (Rosebery),10.9,14.7,haversine x 1.35 (road) - ESTIMATE
Darwin (Berrimah),Palmerston (Bakewell),10.8,14.5,haversine x 1.35 (road) - ESTIMATE
Darwin (Berrimah),Palmerston (Durack),6.8,9.2,haversine x 1.35 (road) - ESTIMATE
Darwin (Berrimah),Palmerston (Farrar),9.1,12.3,haversine x 1.35 (road) - ESTIMATE
Darwin (Berrimah),Palmerston (Johnston),11.4,15.4,haversine x 1.35 (road) - ESTIMATE
Darwin (Berrimah),Palmerston (Zuccoli),12.0,16.2,haversine x 1.35 (road) - ESTIMATE
Darwin (Berrimah),Palmerston (Bellamack),10.9,14.8,haversine x 1.35 (road) - ESTIMATE
Darwin (Berrimah),Howard Springs,15.2,20.5,haversine x 1.35 (road) - ESTIMATE
Darwin (Berrimah),Coolalinga,16.4,22.1,haversine x 1.35 (road) - ESTIMATE
Darwin (Berrimah),Virginia,14.9,20.1,haversine x 1.35 (road) - ESTIMATE
Darwin (Berrimah),Girraween,20.9,28.3,haversine x 1.35 (road) - ESTIMATE
Darwin (Berrimah),Berry Springs,30.9,41.7,haversine x 1.35 (road) - ESTIMATE
Darwin (Knuckey Lagoon),Darwin (Ludmilla),10.6,14.3,haversine x 1.35 (road) - ESTIMATE
Darwin (Knuckey Lagoon),Darwin (Nightcliff),11.9,16.0,haversine x 1.35 (road) - ESTIMATE
Darwin (Knuckey Lagoon),Darwin (Malak),6.6,8.9,haversine x 1.35 (road) - ESTIMATE
Darwin (Knuckey Lagoon),Darwin (Karama),5.3,7.1,haversine x 1.35 (road) - ESTIMATE
Darwin (Knuckey Lagoon),Palmerston,6.3,8.6,haversine x 1.35 (road) - ESTIMATE
Darwin (Knuckey Lagoon),Humpty Doo,22.3,30.1,haversine x 1.35 (road) - ESTIMATE
Darwin (Knuckey Lagoon),Batchelor,68.8,92.9,haversine x 1.35 (road) - ESTIMATE
Darwin (Knuckey Lagoon),Adelaide River,90.9,122.7,haversine x 1.35 (road) - ESTIMATE
Darwin (Knuckey Lagoon),Belyuen,31.4,42.3,haversine x 1.35 (road) - ESTIMATE
Darwin (Knuckey Lagoon),Wurrumiyanga,82.6,82.6,haversine x 1.0 (air_or_barge) - ESTIMATE
Darwin (Knuckey Lagoon),Pine Creek,181.7,245.3,haversine x 1.35 (road) - ESTIMATE
Darwin (Knuckey Lagoon),Katherine,266.8,360.2,haversine x 1.35 (road) - ESTIMATE
Darwin (Knuckey Lagoon),Peppimenarti,212.1,286.3,haversine x 1.35 (road) - ESTIMATE
Darwin (Knuckey Lagoon),Wadeye,253.3,341.9,haversine x 1.35 (road) - ESTIMATE
Darwin (Knuckey Lagoon),Gunbalanya,229.7,310.1,haversine x 1.35 (road) - ESTIMATE
Darwin (Knuckey Lagoon),Maningrida,359.1,484.7,haversine x 1.35 (road) - ESTIMATE
Darwin (Knuckey Lagoon),Galiwinku,504.3,504.3,haversine x 1.0 (air_or_barge) - ESTIMATE
Darwin (Knuckey Lagoon),Numbulwar,557.1,752.1,haversine x 1.35 (road) - ESTIMATE
Darwin (Knuckey Lagoon),Darwin (City),11.6,15.6,haversine x 1.35 (road) - ESTIMATE
Darwin (Knuckey Lagoon),Darwin (Larrakeyah),12.7,17.1,haversine x 1.35 (road) - ESTIMATE
Darwin (Knuckey Lagoon),Darwin (Stuart Park),11.5,15.5,haversine x 1.35 (road) - ESTIMATE
Darwin (Knuckey Lagoon),Darwin (The Gardens),12.2,16.5,haversine x 1.35 (road) - ESTIMATE
Darwin (Knuckey Lagoon),Darwin (Parap),11.5,15.6,haversine x 1.35 (road) - ESTIMATE
Darwin (Knuckey Lagoon),Darwin (Fannie Bay),12.2,16.5,haversine x 1.35 (road) - ESTIMATE
Darwin (Knuckey Lagoon),Darwin (Bayview),10.1,13.7,haversine x 1.35 (road) - ESTIMATE
Darwin (Knuckey Lagoon),Darwin (Woolner),10.9,14.7,haversine x 1.35 (road) - ESTIMATE
Darwin (Knuckey Lagoon),Darwin (Winnellie),6.7,9.0,haversine x 1.35 (road) - ESTIMATE
Darwin (Knuckey Lagoon),Darwin (Coconut Grove),11.1,15.0,haversine x 1.35 (road) - ESTIMATE
Darwin (Knuckey Lagoon),Darwin (Rapid Creek),11.1,15.0,haversine x 1.35 (road) - ESTIMATE
Darwin (Knuckey Lagoon),Darwin (Millner),10.4,14.1,haversine x 1.35 (road) - ESTIMATE
Darwin (Knuckey Lagoon),Darwin (Jingili),9.5,12.9,haversine x 1.35 (road) - ESTIMATE
Darwin (Knuckey Lagoon),Darwin (Moil),9.0,12.1,haversine x 1.35 (road) - ESTIMATE
Darwin (Knuckey Lagoon),Darwin (Alawa),10.1,13.6,haversine x 1.35 (road) - ESTIMATE
Darwin (Knuckey Lagoon),Darwin (Brinkin),11.1,14.9,haversine x 1.35 (road) - ESTIMATE
Darwin (Knuckey Lagoon),Darwin (Nakara),10.6,14.3,haversine x 1.35 (road) - ESTIMATE
Darwin (Knuckey Lagoon),Darwin (Tiwi),11.4,15.3,haversine x 1.35 (road) - ESTIMATE
Darwin (Knuckey Lagoon),Darwin (Casuarina),9.9,13.3,haversine x 1.35 (road) - ESTIMATE
Darwin (Knuckey Lagoon),Darwin (Wagaman),9.0,12.2,haversine x 1.35 (road) - ESTIMATE
Darwin (Knuckey Lagoon),Darwin (Wanguri),9.6,13.0,haversine x 1.35 (road) - ESTIMATE
Darwin (Knuckey Lagoon),Darwin (Wulagi),7.9,10.7,haversine x 1.35 (road) - ESTIMATE
Darwin (Knuckey Lagoon),Darwin (Anula),7.6,10.2,haversine x 1.35 (road) - ESTIMATE
Darwin (Knuckey Lagoon),Darwin (Marrara),7.2,9.7,haversine x 1.35 (road) - ESTIMATE
Darwin (Knuckey Lagoon),Darwin (Leanyer),9.6,13.0,haversine x 1.35 (road) - ESTIMATE
Darwin (Knuckey Lagoon),Darwin (Lyons),10.9,14.7,haversine x 1.35 (road) - ESTIMATE
Darwin (Knuckey Lagoon),Darwin (Muirhead),10.3,13.9,haversine x 1.35 (road) - ESTIMATE
Darwin (Knuckey Lagoon),Darwin (Berrimah),2.7,3.7,haversine x 1.35 (road) - ESTIMATE
Darwin (Knuckey Lagoon),Darwin (Knuckey Lagoon),0.0,0.0,haversine x 1.35 (road) - ESTIMATE
Darwin (Knuckey Lagoon),Palmerston (Gray),7.5,10.1,haversine x 1.35 (road) - ESTIMATE
Darwin (Knuckey Lagoon),Palmerston (Driver),6.4,8.6,haversine x 1.35 (road) - ESTIMATE
Darwin (Knuckey Lagoon),Palmerston (Moulden),8.3,11.1,haversine x 1.35 (road) - ESTIMATE
Darwin (Knuckey Lagoon),Palmerston (Woodroffe),8.1,10.9,haversine x 1.35 (road) - ESTIMATE
Darwin (Knuckey Lagoon),Palmerston (Gunn),8.2,11.1,haversine x 1.35 (road) - ESTIMATE
Darwin (Knuckey Lagoon),Palmerston (Rosebery),9.4,12.7,haversine x 1.35 (road) - ESTIMATE
Darwin (Knuckey Lagoon),Palmerston (Bakewell),8.9,12.1,haversine x 1.35 (road) - ESTIMATE
Darwin (Knuckey Lagoon),Palmerston (Durack),5.0,6.8,haversine x 1.35 (road) - ESTIMATE
Darwin (Knuckey Lagoon),Palmerston (Farrar),6.9,9.3,haversine x 1.35 (road) - ESTIMATE
Darwin (Knuckey Lagoon),Palmerston (Johnston),9.3,12.5,haversine x 1.35 (road) - ESTIMATE
Darwin (Knuckey Lagoon),Palmerston (Zuccoli),10.2,13.8,haversine x 1.35 (road) - ESTIMATE
Darwin (Knuckey Lagoon),Palmerston (Bellamack),9.8,13.2,haversine x 1.35 (road) - ESTIMATE
Darwin (Knuckey Lagoon),Howard Springs,12.9,17.4,haversine x 1.35 (road) - ESTIMATE
Darwin (Knuckey Lagoon),Coolalinga,14.4,19.4,haversine x 1.35 (road) - ESTIMATE
Darwin (Knuckey Lagoon),Virginia,13.1,17.7,haversine x 1.35 (road) - ESTIMATE
Darwin (Knuckey Lagoon),Girraween,18.7,25.2,haversine x 1.35 (road) - ESTIMATE
Darwin (Knuckey Lagoon),Berry Springs,30.5,41.1,haversine x 1.35 (road) - ESTIMATE
Palmerston (Gray),Darwin (Ludmilla),16.5,22.3,haversine x 1.35 (road) - ESTIMATE
Palmerston (Gray),Darwin (Nightcliff),18.8,25.3,haversine x 1.35 (road) - ESTIMATE
Palmerston (Gray),Darwin (Malak),14.0,18.9,haversine x 1.35 (road) - ESTIMATE
Palmerston (Gray),Darwin (Karama),12.7,17.2,haversine x 1.35 (road) - ESTIMATE
Palmerston (Gray),Palmerston,1.4,2.0,haversine x 1.35 (road) - ESTIMATE
Palmerston (Gray),Humpty Doo,15.3,20.7,haversine x 1.35 (road) - ESTIMATE
Palmerston (Gray),Batchelor,62.0,83.7,haversine x 1.35 (road) - ESTIMATE
Palmerston (Gray),Adelaide River,83.9,113.3,haversine x 1.35 (road) - ESTIMATE
Palmerston (Gray),Belyuen,33.3,45.0,haversine x 1.35 (road) - ESTIMATE
Palmerston (Gray),Wurrumiyanga,90.1,90.1,haversine x 1.0 (air_or_barge) - ESTIMATE
Palmerston (Gray),Pine Creek,174.2,235.2,haversine x 1.35 (road) - ESTIMATE
Palmerston (Gray),Katherine,259.4,350.1,haversine x 1.35 (road) - ESTIMATE
Palmerston (Gray),Peppimenarti,208.0,280.9,haversine x 1.35 (road) - ESTIMATE
Palmerston (Gray),Wadeye,250.6,338.3,haversine x 1.35 (road) - ESTIMATE
Palmerston (Gray),Gunbalanya,226.4,305.6,haversine x 1.35 (road) - ESTIMATE
Palmerston (Gray),Maningrida,356.1,480.7,haversine x 1.35 (road) - ESTIMATE
Palmerston (Gray),Galiwinku,501.1,501.1,haversine x 1.0 (air_or_barge) - ESTIMATE
Palmerston (Gray),Numbulwar,551.2,744.1,haversine x 1.35 (road) - ESTIMATE
Palmerston (Gray),Darwin (City),15.3,20.6,haversine x 1.35 (road) - ESTIMATE
Palmerston (Gray),Darwin (Larrakeyah),16.8,22.7,haversine x 1.35 (road) - ESTIMATE
Palmerston (Gray),Darwin (Stuart Park),16.1,21.7,haversine x 1.35 (road) - ESTIMATE
Palmerston (Gray),Darwin (The Gardens),16.7,22.6,haversine x 1.35 (road) - ESTIMATE
Palmerston (Gray),Darwin (Parap),16.8,22.7,haversine x 1.35 (road) - ESTIMATE
Palmerston (Gray),Darwin (Fannie Bay),17.8,24.0,haversine x 1.35 (road) - ESTIMATE
Palmerston (Gray),Darwin (Bayview),15.1,20.3,haversine x 1.35 (road) - ESTIMATE
Palmerston (Gray),Darwin (Woolner),15.8,21.3,haversine x 1.35 (road) - ESTIMATE
Palmerston (Gray),Darwin (Winnellie),12.8,17.3,haversine x 1.35 (road) - ESTIMATE
Palmerston (Gray),Darwin (Coconut Grove),17.6,23.8,haversine x 1.35 (road) - ESTIMATE
Palmerston (Gray),Darwin (Rapid Creek),18.1,24.4,haversine x 1.35 (road) - ESTIMATE
Palmerston (Gray),Darwin (Millner),17.3,23.3,haversine x 1.35 (road) - ESTIMATE
Palmerston (Gray),Darwin (Jingili),16.5,22.3,haversine x 1.35 (road) - ESTIMATE
Palmerston (Gray),Darwin (Moil),16.1,21.7,haversine x 1.35 (road) - ESTIMATE
Palmerston (Gray),Darwin (Alawa),17.3,23.3,haversine x 1.35 (road) - ESTIMATE
Palmerston (Gray),Darwin (Brinkin),18.3,24.7,haversine x 1.35 (road) - ESTIMATE
Palmerston (Gray),Darwin (Nakara),17.9,24.1,haversine x 1.35 (road) - ESTIMATE
Palmerston (Gray),Darwin (Tiwi),18.8,25.3,haversine x 1.35 (road) - ESTIMATE
Palmerston (Gray),Darwin (Casuarina),17.2,23.2,haversine x 1.35 (road) - ESTIMATE
Palmerston (Gray),Darwin (Wagaman),16.3,22.0,haversine x 1.35 (road) - ESTIMATE
Palmerston (Gray),Darwin (Wanguri),17.0,23.0,haversine x 1.35 (road) - ESTIMATE
Palmerston (Gray),Darwin (Wulagi),15.3,20.7,haversine x 1.35 (road) - ESTIMATE
Palmerston (Gray),Darwin (Anula),14.8,20.0,haversine x 1.35 (road) - ESTIMATE
Palmerston (Gray),Darwin (Marrara),14.3,19.3,haversine x 1.35 (road) - ESTIMATE
Palmerston (Gray),Darwin (Leanyer),17.1,23.1,haversine x 1.35 (road) - ESTIMATE
Palmerston (Gray),Darwin (Lyons),18.4,24.8,haversine x 1.35 (road) - ESTIMATE
Palmerston (Gray),Darwin (Muirhead),17.8,24.0,haversine x 1.35 (road) - ESTIMATE
Palmerston (Gray),Darwin (Berrimah),9.1,12.3,haversine x 1.35 (road) - ESTIMATE
Palmerston (Gray),Darwin (Knuckey Lagoon),7.5,10.1,haversine x 1.35 (road) - ESTIMATE
Palmerston (Gray),Palmerston (Gray),0.0,0.0,haversine x 1.35 (road) - ESTIMATE
Palmerston (Gray),Palmerston (Driver),1.2,1.6,haversine x 1.35 (road) - ESTIMATE
Palmerston (Gray),Palmerston (Moulden),1.4,1.9,haversine x 1.35 (road) - ESTIMATE
Palmerston (Gray),Palmerston (Woodroffe),1.1,1.5,haversine x 1.35 (road) - ESTIMATE
Palmerston (Gray),Palmerston (Gunn),2.0,2.7,haversine x 1.35 (road) - ESTIMATE
Palmerston (Gray),Palmerston (Rosebery),1.9,2.6,haversine x 1.35 (road) - ESTIMATE
Palmerston (Gray),Palmerston (Bakewell),1.8,2.5,haversine x 1.35 (road) - ESTIMATE
Palmerston (Gray),Palmerston (Durack),2.5,3.3,haversine x 1.35 (road) - ESTIMATE
Palmerston (Gray),Palmerston (Farrar),2.4,3.2,haversine x 1.35 (road) - ESTIMATE
Palmerston (Gray),Palmerston (Johnston),3.2,4.3,haversine x 1.35 (road) - ESTIMATE
Palmerston (Gray),Palmerston (Zuccoli),2.9,3.9,haversine x 1.35 (road) - ESTIMATE
Palmerston (Gray),Palmerston (Bellamack),2.7,3.6,haversine x 1.35 (road) - ESTIMATE
Palmerston (Gray),Howard Springs,7.1,9.5,haversine x 1.35 (road) - ESTIMATE
Palmerston (Gray),Coolalinga,7.5,10.1,haversine x 1.35 (road) - ESTIMATE
Palmerston (Gray),Virginia,5.8,7.9,haversine x 1.35 (road) - ESTIMATE
Palmerston (Gray),Girraween,12.3,16.6,haversine x 1.35 (road) - ESTIMATE
Palmerston (Gray),Berry Springs,23.6,31.9,haversine x 1.35 (road) - ESTIMATE
Palmerston (Driver),Darwin (Ludmilla),15.3,20.7,haversine x 1.35 (road) - ESTIMATE
Palmerston (Driver),Darwin (Nightcliff),17.6,23.7,haversine x 1.35 (road) - ESTIMATE
Palmerston (Driver),Darwin (Malak),12.8,17.3,haversine x 1.35 (road) - ESTIMATE
Palmerston (Driver),Darwin (Karama),11.6,15.6,haversine x 1.35 (road) - ESTIMATE
Palmerston (Driver),Palmerston,1.2,1.6,haversine x 1.35 (road) - ESTIMATE
Palmerston (Driver),Humpty Doo,16.5,22.2,haversine x 1.35 (road) - ESTIMATE
Palmerston (Driver),Batchelor,62.9,84.9,haversine x 1.35 (road) - ESTIMATE
Palmerston (Driver),Adelaide River,84.8,114.5,haversine x 1.35 (road) - ESTIMATE
Palmerston (Driver),Belyuen,32.6,44.0,haversine x 1.35 (road) - ESTIMATE
Palmerston (Driver),Wurrumiyanga,89.0,89.0,haversine x 1.0 (air_or_barge) - ESTIMATE
Palmerston (Driver),Pine Creek,175.3,236.7,haversine x 1.35 (road) - ESTIMATE
Palmerston (Driver),Katherine,260.5,351.6,haversine x 1.35 (road) - ESTIMATE
Palmerston (Driver),Peppimenarti,208.3,281.3,haversine x 1.35 (road) - ESTIMATE
Palmerston (Driver),Wadeye,250.6,338.3,haversine x 1.35 (road) - ESTIMATE
Palmerston (Driver),Gunbalanya,227.2,306.7,haversine x 1.35 (road) - ESTIMATE
Palmerston (Driver),Maningrida,356.8,481.7,haversine x 1.35 (road) - ESTIMATE
Palmerston (Driver),Galiwinku,501.9,501.9,haversine x 1.0 (air_or_barge) - ESTIMATE
Palmerston (Driver),Numbulwar,552.3,745.6,haversine x 1.35 (road) - ESTIMATE
Palmerston (Driver),Darwin (City),14.3,19.3,haversine x 1.35 (road) - ESTIMATE
Palmerston (Driver),Darwin (Larrakeyah),15.8,21.3,haversine x 1.35 (road) - ESTIMATE
Palmerston (Driver),Darwin (Stuart Park),15.0,20.3,haversine x 1.35 (road) - ESTIMATE
Palmerston (Driver),Darwin (The Gardens),15.7,21.2,haversine x 1.35 (road) - ESTIMATE
Palmerston (Driver),Darwin (Parap),15.7,21.2,haversine x 1.35 (road) - ESTIMATE
Palmerston (Driver),Darwin (Fannie Bay),16.6,22.5,haversine x 1.35 (road) - ESTIMATE
Palmerston (Driver),Darwin (Bayview),14.0,18.8,haversine x 1.35 (road) - ESTIMATE
Palmerston (Driver),Darwin (Woolner),14.7,19.9,haversine x 1.35 (road) - ESTIMATE
Palmerston (Driver),Darwin (Winnellie),11.7,15.7,haversine x 1.35 (road) - ESTIMATE
Palmerston (Driver),Darwin (Coconut Grove),16.5,22.2,haversine x 1.35 (road) - ESTIMATE
Palmerston (Driver),Darwin (Rapid Creek),16.9,22.9,haversine x 1.35 (road) - ESTIMATE
Palmerston (Driver),Darwin (Millner),16.1,21.7,haversine x 1.35 (road) - ESTIMATE
Palmerston (Driver),Darwin (Jingili),15.4,20.8,haversine x 1.35 (road) - ESTIMATE
Palmerston (Driver),Darwin (Moil),14.9,20.2,haversine x 1.35 (road) - ESTIMATE
Palmerston (Driver),Darwin (Alawa),16.1,21.7,haversine x 1.35 (road) - ESTIMATE
Palmerston (Driver),Darwin (Brinkin),17.1,23.1,haversine x 1.35 (road) - ESTIMATE
Palmerston (Driver),Darwin (Nakara),16.7,22.6,haversine x 1.35 (road) - ESTIMATE
Palmerston (Driver),Darwin (Tiwi),17.6,23.8,haversine x 1.35 (road) - ESTIMATE
Palmerston (Driver),Darwin (Casuarina),16.0,21.6,haversine x 1.35 (road) - ESTIMATE
Palmerston (Driver),Darwin (Wagaman),15.2,20.5,haversine x 1.35 (road) - ESTIMATE
Palmerston (Driver),Darwin (Wanguri),15.9,21.4,haversine x 1.35 (road) - ESTIMATE
Palmerston (Driver),Darwin (Wulagi),14.2,19.1,haversine x 1.35 (road) - ESTIMATE
Palmerston (Driver),Darwin (Anula),13.6,18.4,haversine x 1.35 (road) - ESTIMATE
Palmerston (Driver),Darwin (Marrara),13.1,17.7,haversine x 1.35 (road) - ESTIMATE
Palmerston (Driver),Darwin (Leanyer),16.0,21.5,haversine x 1.35 (road) - ESTIMATE
Palmerston (Driver),Darwin (Lyons),17.2,23.3,haversine x 1.35 (road) - ESTIMATE
Palmerston (Driver),Darwin (Muirhead),16.7,22.5,haversine x 1.35 (road) - ESTIMATE
Palmerston (Driver),Darwin (Berrimah),7.9,10.7,haversine x 1.35 (road) - ESTIMATE
Palmerston (Driver),Darwin (Knuckey Lagoon),6.4,8.6,haversine x 1.35 (road) - ESTIMATE
Palmerston (Driver),Palmerston (Gray),1.2,1.6,haversine x 1.35 (road) - ESTIMATE
Palmerston (Driver),Palmerston (Driver),0.0,0.0,haversine x 1.35 (road) - ESTIMATE
Palmerston (Driver),Palmerston (Moulden),2.0,2.7,haversine x 1.35 (road) - ESTIMATE
Palmerston (Driver),Palmerston (Woodroffe),2.1,2.8,haversine x 1.35 (road) - ESTIMATE
Palmerston (Driver),Palmerston (Gunn),2.8,3.8,haversine x 1.35 (road) - ESTIMATE
Palmerston (Driver),Palmerston (Rosebery),3.0,4.1,haversine x 1.35 (road) - ESTIMATE
Palmerston (Driver),Palmerston (Bakewell),2.9,4.0,haversine x 1.35 (road) - ESTIMATE
Palmerston (Driver),Palmerston (Durack),1.5,2.0,haversine x 1.35 (road) - ESTIMATE
Palmerston (Driver),Palmerston (Farrar),2.5,3.4,haversine x 1.35 (road) - ESTIMATE
Palmerston (Driver),Palmerston (Johnston),4.0,5.5,haversine x 1.35 (road) - ESTIMATE
Palmerston (Driver),Palmerston (Zuccoli),4.1,5.5,haversine x 1.35 (road) - ESTIMATE
Palmerston (Driver),Palmerston (Bellamack),3.5,4.7,haversine x 1.35 (road) - ESTIMATE
Palmerston (Driver),Howard Springs,8.0,10.8,haversine x 1.35 (road) - ESTIMATE
Palmerston (Driver),Coolalinga,8.6,11.7,haversine x 1.35 (road) - ESTIMATE
Palmerston (Driver),Virginia,7.0,9.5,haversine x 1.35 (road) - ESTIMATE
Palmerston (Driver),Girraween,13.4,18.1,haversine x 1.35 (road) - ESTIMATE
Palmerston (Driver),Berry Springs,24.4,33.0,haversine x 1.35 (road) - ESTIMATE
Palmerston (Moulden),Darwin (Ludmilla),16.5,22.3,haversine x 1.35 (road) - ESTIMATE
Palmerston (Moulden),Darwin (Nightcliff),19.0,25.7,haversine x 1.35 (road) - ESTIMATE
Palmerston (Moulden),Darwin (Malak),14.6,19.6,haversine x 1.35 (road) - ESTIMATE
Palmerston (Moulden),Darwin (Karama),13.3,18.0,haversine x 1.35 (road) - ESTIMATE
Palmerston (Moulden),Palmerston,2.8,3.8,haversine x 1.35 (road) - ESTIMATE
Palmerston (Moulden),Humpty Doo,15.3,20.7,haversine x 1.35 (road) - ESTIMATE
Palmerston (Moulden),Batchelor,60.9,82.2,haversine x 1.35 (road) - ESTIMATE
Palmerston (Moulden),Adelaide River,82.8,111.8,haversine x 1.35 (road) - ESTIMATE
Palmerston (Moulden),Belyuen,32.4,43.7,haversine x 1.35 (road) - ESTIMATE
Palmerston (Moulden),Wurrumiyanga,90.9,90.9,haversine x 1.0 (air_or_barge) - ESTIMATE
Palmerston (Moulden),Pine Creek,173.6,234.3,haversine x 1.35 (road) - ESTIMATE
Palmerston (Moulden),Katherine,258.7,349.3,haversine x 1.35 (road) - ESTIMATE
Palmerston (Moulden),Peppimenarti,206.6,278.9,haversine x 1.35 (road) - ESTIMATE
Palmerston (Moulden),Wadeye,249.1,336.3,haversine x 1.35 (road) - ESTIMATE
Palmerston (Moulden),Gunbalanya,227.2,306.8,haversine x 1.35 (road) - ESTIMATE
Palmerston (Moulden),Maningrida,357.0,481.9,haversine x 1.35 (road) - ESTIMATE
Palmerston (Moulden),Galiwinku,501.9,501.9,haversine x 1.0 (air_or_barge) - ESTIMATE
Palmerston (Moulden),Numbulwar,551.5,744.5,haversine x 1.35 (road) - ESTIMATE
Palmerston (Moulden),Darwin (City),14.9,20.1,haversine x 1.35 (road) - ESTIMATE
Palmerston (Moulden),Darwin (Larrakeyah),16.5,22.2,haversine x 1.35 (road) - ESTIMATE
Palmerston (Moulden),Darwin (Stuart Park),15.8,21.3,haversine x 1.35 (road) - ESTIMATE
Palmerston (Moulden),Darwin (The Gardens),16.4,22.2,haversine x 1.35 (road) - ESTIMATE
Palmerston (Moulden),Darwin (Parap),16.7,22.6,haversine x 1.35 (road) - ESTIMATE
Palmerston (Moulden),Darwin (Fannie Bay),17.7,23.9,haversine x 1.35 (road) - ESTIMATE
Palmerston (Moulden),Darwin (Bayview),14.9,20.1,haversine x 1.35 (road) - ESTIMATE
Palmerston (Moulden),Darwin (Woolner),15.6,21.1,haversine x 1.35 (road) - ESTIMATE
Palmerston (Moulden),Darwin (Winnellie),13.0,17.5,haversine x 1.35 (road) - ESTIMATE
Palmerston (Moulden),Darwin (Coconut Grove),17.8,24.0,haversine x 1.35 (road) - ESTIMATE
Palmerston (Moulden),Darwin (Rapid Creek),18.4,24.9,haversine x 1.35 (road) - ESTIMATE
Palmerston (Moulden),Darwin (Millner),17.6,23.7,haversine x 1.35 (road) - ESTIMATE
Palmerston (Moulden),Darwin (Jingili),16.9,22.8,haversine x 1.35 (road) - ESTIMATE
Palmerston (Moulden),Darwin (Moil),16.5,22.3,haversine x 1.35 (road) - ESTIMATE
Palmerston (Moulden),Darwin (Alawa),17.7,23.9,haversine x 1.35 (road) - ESTIMATE
Palmerston (Moulden),Darwin (Brinkin),18.7,25.3,haversine x 1.35 (road) - ESTIMATE
Palmerston (Moulden),Darwin (Nakara),18.3,24.8,haversine x 1.35 (road) - ESTIMATE
Palmerston (Moulden),Darwin (Tiwi),19.3,26.1,haversine x 1.35 (road) - ESTIMATE
Palmerston (Moulden),Darwin (Casuarina),17.7,23.9,haversine x 1.35 (road) - ESTIMATE
Palmerston (Moulden),Darwin (Wagaman),16.8,22.7,haversine x 1.35 (road) - ESTIMATE
Palmerston (Moulden),Darwin (Wanguri),17.6,23.7,haversine x 1.35 (road) - ESTIMATE
Palmerston (Moulden),Darwin (Wulagi),15.9,21.4,haversine x 1.35 (road) - ESTIMATE
Palmerston (Moulden),Darwin (Anula),15.3,20.6,haversine x 1.35 (road) - ESTIMATE
Palmerston (Moulden),Darwin (Marrara),14.7,19.9,haversine x 1.35 (road) - ESTIMATE
Palmerston (Moulden),Darwin (Leanyer),17.7,23.9,haversine x 1.35 (road) - ESTIMATE
Palmerston (Moulden),Darwin (Lyons),19.0,25.6,haversine x 1.35 (road) - ESTIMATE
Palmerston (Moulden),Darwin (Muirhead),18.5,24.9,haversine x 1.35 (road) - ESTIMATE
Palmerston (Moulden),Darwin (Berrimah),9.5,12.8,haversine x 1.35 (road) - ESTIMATE
Palmerston (Moulden),Darwin (Knuckey Lagoon),8.3,11.1,haversine x 1.35 (road) - ESTIMATE
Palmerston (Moulden),Palmerston (Gray),1.4,1.9,haversine x 1.35 (road) - ESTIMATE
Palmerston (Moulden),Palmerston (Driver),2.0,2.7,haversine x 1.35 (road) - ESTIMATE
Palmerston (Moulden),Palmerston (Moulden),0.0,0.0,haversine x 1.35 (road) - ESTIMATE
Palmerston (Moulden),Palmerston (Woodroffe),2.2,3.0,haversine x 1.35 (road) - ESTIMATE
Palmerston (Moulden),Palmerston (Gunn),3.2,4.4,haversine x 1.35 (road) - ESTIMATE
Palmerston (Moulden),Palmerston (Rosebery),1.6,2.2,haversine x 1.35 (road) - ESTIMATE
Palmerston (Moulden),Palmerston (Bakewell),2.6,3.5,haversine x 1.35 (road) - ESTIMATE
Palmerston (Moulden),Palmerston (Durack),3.5,4.7,haversine x 1.35 (road) - ESTIMATE
Palmerston (Moulden),Palmerston (Farrar),3.8,5.1,haversine x 1.35 (road) - ESTIMATE
Palmerston (Moulden),Palmerston (Johnston),4.2,5.7,haversine x 1.35 (road) - ESTIMATE
Palmerston (Moulden),Palmerston (Zuccoli),3.2,4.3,haversine x 1.35 (road) - ESTIMATE
Palmerston (Moulden),Palmerston (Bellamack),1.5,2.0,haversine x 1.35 (road) - ESTIMATE
Palmerston (Moulden),Howard Springs,7.9,10.6,haversine x 1.35 (road) - ESTIMATE
Palmerston (Moulden),Coolalinga,7.8,10.5,haversine x 1.35 (road) - ESTIMATE
Palmerston (Moulden),Virginia,5.8,7.8,haversine x 1.35 (road) - ESTIMATE
Palmerston (Moulden),Girraween,12.7,17.2,haversine x 1.35 (road) - ESTIMATE
Palmerston (Moulden),Berry Springs,22.4,30.3,haversine x 1.35 (road) - ESTIMATE
Palmerston (Woodroffe),Darwin (Ludmilla),17.4,23.5,haversine x 1.35 (road) - ESTIMATE
Palmerston (Woodroffe),Darwin (Nightcliff),19.6,26.4,haversine x 1.35 (road) - ESTIMATE
Palmerston (Woodroffe),Darwin (Malak),14.7,19.8,haversine x 1.35 (road) - ESTIMATE
Palmerston (Woodroffe),Darwin (Karama),13.4,18.0,haversine x 1.35 (road) - ESTIMATE
Palmerston (Woodroffe),Palmerston,1.7,2.4,haversine x 1.35 (road) - ESTIMATE
Palmerston (Woodroffe),Humpty Doo,14.4,19.5,haversine x 1.35 (road) - ESTIMATE
Palmerston (Woodroffe),Batchelor,61.9,83.6,haversine x 1.35 (road) - ESTIMATE
Palmerston (Woodroffe),Adelaide River,83.7,113.1,haversine x 1.35 (road) - ESTIMATE
Palmerston (Woodroffe),Belyuen,34.4,46.4,haversine x 1.35 (road) - ESTIMATE
Palmerston (Woodroffe),Wurrumiyanga,90.6,90.6,haversine x 1.0 (air_or_barge) - ESTIMATE
Palmerston (Woodroffe),Pine Creek,173.6,234.4,haversine x 1.35 (road) - ESTIMATE
Palmerston (Woodroffe),Katherine,258.8,349.4,haversine x 1.35 (road) - ESTIMATE
Palmerston (Woodroffe),Peppimenarti,208.6,281.5,haversine x 1.35 (road) - ESTIMATE
Palmerston (Woodroffe),Wadeye,251.3,339.2,haversine x 1.35 (road) - ESTIMATE
Palmerston (Woodroffe),Gunbalanya,225.3,304.1,haversine x 1.35 (road) - ESTIMATE
Palmerston (Woodroffe),Maningrida,355.0,479.2,haversine x 1.35 (road) - ESTIMATE
Palmerston (Woodroffe),Galiwinku,500.0,500.0,haversine x 1.0 (air_or_barge) - ESTIMATE
Palmerston (Woodroffe),Numbulwar,550.2,742.8,haversine x 1.35 (road) - ESTIMATE
Palmerston (Woodroffe),Darwin (City),16.3,22.1,haversine x 1.35 (road) - ESTIMATE
Palmerston (Woodroffe),Darwin (Larrakeyah),17.9,24.1,haversine x 1.35 (road) - ESTIMATE
Palmerston (Woodroffe),Darwin (Stuart Park),17.1,23.1,haversine x 1.35 (road) - ESTIMATE
Palmerston (Woodroffe),Darwin (The Gardens),17.8,24.0,haversine x 1.35 (road) - ESTIMATE
Palmerston (Woodroffe),Darwin (Parap),17.8,24.1,haversine x 1.35 (road) - ESTIMATE
Palmerston (Woodroffe),Darwin (Fannie Bay),18.7,25.3,haversine x 1.35 (road) - ESTIMATE
Palmerston (Woodroffe),Darwin (Bayview),16.1,21.7,haversine x 1.35 (road) - ESTIMATE
Palmerston (Woodroffe),Darwin (Woolner),16.8,22.7,haversine x 1.35 (road) - ESTIMATE
Palmerston (Woodroffe),Darwin (Winnellie),13.7,18.5,haversine x 1.35 (road) - ESTIMATE
Palmerston (Woodroffe),Darwin (Coconut Grove),18.5,25.0,haversine x 1.35 (road) - ESTIMATE
Palmerston (Woodroffe),Darwin (Rapid Creek),18.9,25.5,haversine x 1.35 (road) - ESTIMATE
Palmerston (Woodroffe),Darwin (Millner),18.1,24.4,haversine x 1.35 (road) - ESTIMATE
Palmerston (Woodroffe),Darwin (Jingili),17.3,23.4,haversine x 1.35 (road) - ESTIMATE
Palmerston (Woodroffe),Darwin (Moil),16.9,22.8,haversine x 1.35 (road) - ESTIMATE
Palmerston (Woodroffe),Darwin (Alawa),18.0,24.3,haversine x 1.35 (road) - ESTIMATE
Palmerston (Woodroffe),Darwin (Brinkin),19.0,25.7,haversine x 1.35 (road) - ESTIMATE
Palmerston (Woodroffe),Darwin (Nakara),18.6,25.1,haversine x 1.35 (road) - ESTIMATE
Palmerston (Woodroffe),Darwin (Tiwi),19.4,26.2,haversine x 1.35 (road) - ESTIMATE
Palmerston (Woodroffe),Darwin (Casuarina),17.9,24.2,haversine x 1.35 (road) - ESTIMATE
Palmerston (Woodroffe),Darwin (Wagaman),17.0,23.0,haversine x 1.35 (road) - ESTIMATE
Palmerston (Woodroffe),Darwin (Wanguri),17.7,23.9,haversine x 1.35 (road) - ESTIMATE
Palmerston (Woodroffe),Darwin (Wulagi),16.0,21.6,haversine x 1.35 (road) - ESTIMATE
Palmerston (Woodroffe),Darwin (Anula),15.5,21.0,haversine x 1.35 (road) - ESTIMATE
Palmerston (Woodroffe),Darwin (Marrara),15.1,20.3,haversine x 1.35 (road) - ESTIMATE
Palmerston (Woodroffe),Darwin (Leanyer),17.7,23.9,haversine x 1.35 (road) - ESTIMATE
Palmerston (Woodroffe),Darwin (Lyons),19.0,25.7,haversine x 1.35 (road) - ESTIMATE
Palmerston (Woodroffe),Darwin (Muirhead),18.4,24.8,haversine x 1.35 (road) - ESTIMATE
Palmerston (Woodroffe),Darwin (Berrimah),9.9,13.4,haversine x 1.35 (road) - ESTIMATE
Palmerston (Woodroffe),Darwin (Knuckey Lagoon),8.1,10.9,haversine x 1.35 (road) - ESTIMATE
Palmerston (Woodroffe),Palmerston (Gray),1.1,1.5,haversine x 1.35 (road) - ESTIMATE
Palmerston (Woodroffe),Palmerston (Driver),2.1,2.8,haversine x 1.35 (road) - ESTIMATE
Palmerston (Woodroffe),Palmerston (Moulden),2.2,3.0,haversine x 1.35 (road) - ESTIMATE
Palmerston (Woodroffe),Palmerston (Woodroffe),0.0,0.0,haversine x 1.35 (road) - ESTIMATE
Palmerston (Woodroffe),Palmerston (Gunn),1.0,1.4,haversine x 1.35 (road) - ESTIMATE
Palmerston (Woodroffe),Palmerston (Rosebery),1.8,2.4,haversine x 1.35 (road) - ESTIMATE
Palmerston (Woodroffe),Palmerston (Bakewell),0.9,1.2,haversine x 1.35 (road) - ESTIMATE
Palmerston (Woodroffe),Palmerston (Durack),3.1,4.2,haversine x 1.35 (road) - ESTIMATE
Palmerston (Woodroffe),Palmerston (Farrar),1.9,2.6,haversine x 1.35 (road) - ESTIMATE
Palmerston (Woodroffe),Palmerston (Johnston),2.1,2.8,haversine x 1.35 (road) - ESTIMATE
Palmerston (Woodroffe),Palmerston (Zuccoli),2.1,2.9,haversine x 1.35 (road) - ESTIMATE
Palmerston (Woodroffe),Palmerston (Bellamack),3.0,4.1,haversine x 1.35 (road) - ESTIMATE
Palmerston (Woodroffe),Howard Springs,6.0,8.1,haversine x 1.35 (road) - ESTIMATE
Palmerston (Woodroffe),Coolalinga,6.6,8.9,haversine x 1.35 (road) - ESTIMATE
Palmerston (Woodroffe),Virginia,5.1,6.8,haversine x 1.35 (road) - ESTIMATE
Palmerston (Woodroffe),Girraween,11.3,15.3,haversine x 1.35 (road) - ESTIMATE
Palmerston (Woodroffe),Berry Springs,23.6,31.8,haversine x 1.35 (road) - ESTIMATE
Palmerston (Gunn),Darwin (Ludmilla),18.0,24.2,haversine x 1.35 (road) - ESTIMATE
Palmerston (Gunn),Darwin (Nightcliff),19.9,26.9,haversine x 1.35 (road) - ESTIMATE
Palmerston (Gunn),Darwin (Malak),14.8,20.0,haversine x 1.35 (road) - ESTIMATE
Palmerston (Gunn),Darwin (Karama),13.5,18.3,haversine x 1.35 (road) - ESTIMATE
Palmerston (Gunn),Palmerston,2.0,2.8,haversine x 1.35 (road) - ESTIMATE
Palmerston (Gunn),Humpty Doo,14.1,19.0,haversine x 1.35 (road) - ESTIMATE
Palmerston (Gunn),Batchelor,62.5,84.3,haversine x 1.35 (road) - ESTIMATE
Palmerston (Gunn),Adelaide River,84.2,113.6,haversine x 1.35 (road) - ESTIMATE
Palmerston (Gunn),Belyuen,35.3,47.7,haversine x 1.35 (road) - ESTIMATE
Palmerston (Gunn),Wurrumiyanga,90.4,90.4,haversine x 1.0 (air_or_barge) - ESTIMATE
Palmerston (Gunn),Pine Creek,173.6,234.4,haversine x 1.35 (road) - ESTIMATE
Palmerston (Gunn),Katherine,258.8,349.4,haversine x 1.35 (road) - ESTIMATE
Palmerston (Gunn),Peppimenarti,209.4,282.8,haversine x 1.35 (road) - ESTIMATE
Palmerston (Gunn),Wadeye,252.2,340.5,haversine x 1.35 (road) - ESTIMATE
Palmerston (Gunn),Gunbalanya,224.4,302.9,haversine x 1.35 (road) - ESTIMATE
Palmerston (Gunn),Maningrida,354.1,478.0,haversine x 1.35 (road) - ESTIMATE
Palmerston (Gunn),Galiwinku,499.1,499.1,haversine x 1.0 (air_or_barge) - ESTIMATE
Palmerston (Gunn),Numbulwar,549.6,741.9,haversine x 1.35 (road) - ESTIMATE
Palmerston (Gunn),Darwin (City),17.1,23.1,haversine x 1.35 (road) - ESTIMATE
Palmerston (Gunn),Darwin (Larrakeyah),18.6,25.1,haversine x 1.35 (road) - ESTIMATE
Palmerston (Gunn),Darwin (Stuart Park),17.8,24.0,haversine x 1.35 (road) - ESTIMATE
Palmerston (Gunn),Darwin (The Gardens),18.5,24.9,haversine x 1.35 (road) - ESTIMATE
Palmerston (Gunn),Darwin (Parap),18.4,24.9,haversine x 1.35 (road) - ESTIMATE
Palmerston (Gunn),Darwin (Fannie Bay),19.3,26.1,haversine x 1.35 (road) - ESTIMATE
Palmerston (Gunn),Darwin (Bayview),16.7,22.5,haversine x 1.35 (road) - ESTIMATE
Palmerston (Gunn),Darwin (Woolner),17.4,23.6,haversine x 1.35 (road) - ESTIMATE
Palmerston (Gunn),Darwin (Winnellie),14.2,19.1,haversine x 1.35 (road) - ESTIMATE
Palmerston (Gunn),Darwin (Coconut Grove),18.9,25.6,haversine x 1.35 (road) - ESTIMATE
Palmerston (Gunn),Darwin (Rapid Creek),19.2,25.9,haversine x 1.35 (road) - ESTIMATE
Palmerston (Gunn),Darwin (Millner),18.5,24.9,haversine x 1.35 (road) - ESTIMATE
Palmerston (Gunn),Darwin (Jingili),17.6,23.8,haversine x 1.35 (road) - ESTIMATE
Palmerston (Gunn),Darwin (Moil),17.1,23.1,haversine x 1.35 (road) - ESTIMATE
Palmerston (Gunn),Darwin (Alawa),18.3,24.7,haversine x 1.35 (road) - ESTIMATE
Palmerston (Gunn),Darwin (Brinkin),19.3,26.0,haversine x 1.35 (road) - ESTIMATE
Palmerston (Gunn),Darwin (Nakara),18.8,25.4,haversine x 1.35 (road) - ESTIMATE
Palmerston (Gunn),Darwin (Tiwi),19.6,26.5,haversine x 1.35 (road) - ESTIMATE
Palmerston (Gunn),Darwin (Casuarina),18.1,24.4,haversine x 1.35 (road) - ESTIMATE
Palmerston (Gunn),Darwin (Wagaman),17.2,23.3,haversine x 1.35 (road) - ESTIMATE
Palmerston (Gunn),Darwin (Wanguri),17.9,24.1,haversine x 1.35 (road) - ESTIMATE
Palmerston (Gunn),Darwin (Wulagi),16.2,21.8,haversine x 1.35 (road) - ESTIMATE
Palmerston (Gunn),Darwin (Anula),15.8,21.3,haversine x 1.35 (road) - ESTIMATE
Palmerston (Gunn),Darwin (Marrara),15.3,20.7,haversine x 1.35 (road) - ESTIMATE
Palmerston (Gunn),Darwin (Leanyer),17.8,24.0,haversine x 1.35 (road) - ESTIMATE
Palmerston (Gunn),Darwin (Lyons),19.1,25.8,haversine x 1.35 (road) - ESTIMATE
Palmerston (Gunn),Darwin (Muirhead),18.4,24.9,haversine x 1.35 (road) - ESTIMATE
Palmerston (Gunn),Darwin (Berrimah),10.3,13.8,haversine x 1.35 (road) - ESTIMATE
Palmerston (Gunn),Darwin (Knuckey Lagoon),8.2,11.1,haversine x 1.35 (road) - ESTIMATE
Palmerston (Gunn),Palmerston (Gray),2.0,2.7,haversine x 1.35 (road) - ESTIMATE
Palmerston (Gunn),Palmerston (Driver),2.8,3.8,haversine x 1.35 (road) - ESTIMATE
Palmerston (Gunn),Palmerston (Moulden),3.2,4.4,haversine x 1.35 (road) - ESTIMATE
Palmerston (Gunn),Palmerston (Woodroffe),1.0,1.4,haversine x 1.35 (road) - ESTIMATE
Palmerston (Gunn),Palmerston (Gunn),0.0,0.0,haversine x 1.35 (road) - ESTIMATE
Palmerston (Gunn),Palmerston (Rosebery),2.6,3.5,haversine x 1.35 (road) - ESTIMATE
Palmerston (Gunn),Palmerston (Bakewell),1.1,1.5,haversine x 1.35 (road) - ESTIMATE
Palmerston (Gunn),Palmerston (Durack),3.5,4.7,haversine x 1.35 (road) - ESTIMATE
Palmerston (Gunn),Palmerston (Farrar),1.4,1.9,haversine x 1.35 (road) - ESTIMATE
Palmerston (Gunn),Palmerston (Johnston),1.2,1.6,haversine x 1.35 (road) - ESTIMATE
Palmerston (Gunn),Palmerston (Zuccoli),2.3,3.1,haversine x 1.35 (road) - ESTIMATE
Palmerston (Gunn),Palmerston (Bellamack),3.9,5.3,haversine x 1.35 (road) - ESTIMATE
Palmerston (Gunn),Howard Springs,5.2,7.0,haversine x 1.35 (road) - ESTIMATE
Palmerston (Gunn),Coolalinga,6.2,8.3,haversine x 1.35 (road) - ESTIMATE
Palmerston (Gunn),Virginia,5.0,6.8,haversine x 1.35 (road) - ESTIMATE
Palmerston (Gunn),Girraween,10.7,14.5,haversine x 1.35 (road) - ESTIMATE
Palmerston (Gunn),Berry Springs,24.1,32.6,haversine x 1.35 (road) - ESTIMATE
Palmerston (Rosebery),Darwin (Ludmilla),18.1,24.4,haversine x 1.35 (road) - ESTIMATE
Palmerston (Rosebery),Darwin (Nightcliff),20.5,27.7,haversine x 1.35 (road) - ESTIMATE
Palmerston (Rosebery),Darwin (Malak),15.9,21.4,haversine x 1.35 (road) - ESTIMATE
Palmerston (Rosebery),Darwin (Karama),14.6,19.7,haversine x 1.35 (road) - ESTIMATE
Palmerston (Rosebery),Palmerston,3.3,4.4,haversine x 1.35 (road) - ESTIMATE
Palmerston (Rosebery),Humpty Doo,13.7,18.5,haversine x 1.35 (road) - ESTIMATE
Palmerston (Rosebery),Batchelor,60.2,81.3,haversine x 1.35 (road) - ESTIMATE
Palmerston (Rosebery),Adelaide River,82.0,110.7,haversine x 1.35 (road) - ESTIMATE
Palmerston (Rosebery),Belyuen,33.8,45.7,haversine x 1.35 (road) - ESTIMATE
Palmerston (Rosebery),Wurrumiyanga,92.0,92.0,haversine x 1.0 (air_or_barge) - ESTIMATE
Palmerston (Rosebery),Pine Creek,172.3,232.6,haversine x 1.35 (road) - ESTIMATE
Palmerston (Rosebery),Katherine,257.4,347.6,haversine x 1.35 (road) - ESTIMATE
Palmerston (Rosebery),Peppimenarti,206.8,279.2,haversine x 1.35 (road) - ESTIMATE
Palmerston (Rosebery),Wadeye,249.7,337.1,haversine x 1.35 (road) - ESTIMATE
Palmerston (Rosebery),Gunbalanya,225.8,304.8,haversine x 1.35 (road) - ESTIMATE
Palmerston (Rosebery),Maningrida,355.5,480.0,haversine x 1.35 (road) - ESTIMATE
Palmerston (Rosebery),Galiwinku,500.5,500.5,haversine x 1.0 (air_or_barge) - ESTIMATE
Palmerston (Rosebery),Numbulwar,549.8,742.3,haversine x 1.35 (road) - ESTIMATE
Palmerston (Rosebery),Darwin (City),16.5,22.2,haversine x 1.35 (road) - ESTIMATE
Palmerston (Rosebery),Darwin (Larrakeyah),18.1,24.4,haversine x 1.35 (road) - ESTIMATE
Palmerston (Rosebery),Darwin (Stuart Park),17.4,23.5,haversine x 1.35 (road) - ESTIMATE
Palmerston (Rosebery),Darwin (The Gardens),18.0,24.4,haversine x 1.35 (road) - ESTIMATE
Palmerston (Rosebery),Darwin (Parap),18.3,24.7,haversine x 1.35 (road) - ESTIMATE
Palmerston (Rosebery),Darwin (Fannie Bay),19.3,26.0,haversine x 1.35 (road) - ESTIMATE
Palmerston (Rosebery),Darwin (Bayview),16.5,22.3,haversine x 1.35 (road) - ESTIMATE
Palmerston (Rosebery),Darwin (Woolner),17.2,23.2,haversine x 1.35 (road) - ESTIMATE
Palmerston (Rosebery),Darwin (Winnellie),14.5,19.6,haversine x 1.35 (road) - ESTIMATE
Palmerston (Rosebery),Darwin (Coconut Grove),19.3,26.1,haversine x 1.35 (road) - ESTIMATE
Palmerston (Rosebery),Darwin (Rapid Creek),19.9,26.9,haversine x 1.35 (road) - ESTIMATE
Palmerston (Rosebery),Darwin (Millner),19.0,25.7,haversine x 1.35 (road) - ESTIMATE
Palmerston (Rosebery),Darwin (Jingili),18.3,24.8,haversine x 1.35 (road) - ESTIMATE
Palmerston (Rosebery),Darwin (Moil),17.9,24.2,haversine x 1.35 (road) - ESTIMATE
Palmerston (Rosebery),Darwin (Alawa),19.1,25.8,haversine x 1.35 (road) - ESTIMATE
Palmerston (Rosebery),Darwin (Brinkin),20.1,27.2,haversine x 1.35 (road) - ESTIMATE
Palmerston (Rosebery),Darwin (Nakara),19.7,26.6,haversine x 1.35 (road) - ESTIMATE
Palmerston (Rosebery),Darwin (Tiwi),20.6,27.9,haversine x 1.35 (road) - ESTIMATE
Palmerston (Rosebery),Darwin (Casuarina),19.0,25.7,haversine x 1.35 (road) - ESTIMATE
Palmerston (Rosebery),Darwin (Wagaman),18.2,24.5,haversine x 1.35 (road) - ESTIMATE
Palmerston (Rosebery),Darwin (Wanguri),18.9,25.5,haversine x 1.35 (road) - ESTIMATE
Palmerston (Rosebery),Darwin (Wulagi),17.2,23.2,haversine x 1.35 (road) - ESTIMATE
Palmerston (Rosebery),Darwin (Anula),16.7,22.5,haversine x 1.35 (road) - ESTIMATE
Palmerston (Rosebery),Darwin (Marrara),16.1,21.8,haversine x 1.35 (road) - ESTIMATE
Palmerston (Rosebery),Darwin (Leanyer),19.0,25.6,haversine x 1.35 (road) - ESTIMATE
Palmerston (Rosebery),Darwin (Lyons),20.3,27.4,haversine x 1.35 (road) - ESTIMATE
Palmerston (Rosebery),Darwin (Muirhead),19.7,26.6,haversine x 1.35 (road) - ESTIMATE
Palmerston (Rosebery),Darwin (Berrimah),10.9,14.7,haversine x 1.35 (road) - ESTIMATE
Palmerston (Rosebery),Darwin (Knuckey Lagoon),9.4,12.7,haversine x 1.35 (road) - ESTIMATE
Palmerston (Rosebery),Palmerston (Gray),1.9,2.6,haversine x 1.35 (road) - ESTIMATE
Palmerston (Rosebery),Palmerston (Driver),3.0,4.1,haversine x 1.35 (road) - ESTIMATE
Palmerston (Rosebery),Palmerston (Moulden),1.6,2.2,haversine x 1.35 (road) - ESTIMATE
Palmerston (Rosebery),Palmerston (Woodroffe),1.8,2.4,haversine x 1.35 (road) - ESTIMATE
Palmerston (Rosebery),Palmerston (Gunn),2.6,3.5,haversine x 1.35 (road) - ESTIMATE
Palmerston (Rosebery),Palmerston (Rosebery),0.0,0.0,haversine x 1.35 (road) - ESTIMATE
Palmerston (Rosebery),Palmerston (Bakewell),1.6,2.1,haversine x 1.35 (road) - ESTIMATE
Palmerston (Rosebery),Palmerston (Durack),4.4,6.0,haversine x 1.35 (road) - ESTIMATE
Palmerston (Rosebery),Palmerston (Farrar),3.7,5.0,haversine x 1.35 (road) - ESTIMATE
Palmerston (Rosebery),Palmerston (Johnston),3.2,4.3,haversine x 1.35 (road) - ESTIMATE
Palmerston (Rosebery),Palmerston (Zuccoli),1.6,2.2,haversine x 1.35 (road) - ESTIMATE
Palmerston (Rosebery),Palmerston (Bellamack),1.4,1.9,haversine x 1.35 (road) - ESTIMATE
Palmerston (Rosebery),Howard Springs,6.4,8.7,haversine x 1.35 (road) - ESTIMATE
Palmerston (Rosebery),Coolalinga,6.2,8.3,haversine x 1.35 (road) - ESTIMATE
Palmerston (Rosebery),Virginia,4.2,5.7,haversine x 1.35 (road) - ESTIMATE
Palmerston (Rosebery),Girraween,11.1,15.0,haversine x 1.35 (road) - ESTIMATE
Palmerston (Rosebery),Berry Springs,21.8,29.4,haversine x 1.35 (road) - ESTIMATE
Palmerston (Bakewell),Darwin (Ludmilla),18.3,24.7,haversine x 1.35 (road) - ESTIMATE
Palmerston (Bakewell),Darwin (Nightcliff),20.4,27.6,haversine x 1.35 (road) - ESTIMATE
Palmerston (Bakewell),Darwin (Malak),15.5,20.9,haversine x 1.35 (road) - ESTIMATE
Palmerston (Bakewell),Darwin (Karama),14.2,19.2,haversine x 1.35 (road) - ESTIMATE
Palmerston (Bakewell),Palmerston,2.6,3.5,haversine x 1.35 (road) - ESTIMATE
Palmerston (Bakewell),Humpty Doo,13.6,18.3,haversine x 1.35 (road) - ESTIMATE
Palmerston (Bakewell),Batchelor,61.4,82.8,haversine x 1.35 (road) - ESTIMATE
Palmerston (Bakewell),Adelaide River,83.1,112.2,haversine x 1.35 (road) - ESTIMATE
Palmerston (Bakewell),Belyuen,34.9,47.2,haversine x 1.35 (road) - ESTIMATE
Palmerston (Bakewell),Wurrumiyanga,91.3,91.3,haversine x 1.0 (air_or_barge) - ESTIMATE
Palmerston (Bakewell),Pine Creek,172.8,233.3,haversine x 1.35 (road) - ESTIMATE
Palmerston (Bakewell),Katherine,258.0,348.3,haversine x 1.35 (road) - ESTIMATE
Palmerston (Bakewell),Peppimenarti,208.4,281.3,haversine x 1.35 (road) - ESTIMATE
Palmerston (Bakewell),Wadeye,251.2,339.2,haversine x 1.35 (road) - ESTIMATE
Palmerston (Bakewell),Gunbalanya,224.7,303.3,haversine x 1.35 (road) - ESTIMATE
Palmerston (Bakewell),Maningrida,354.4,478.5,haversine x 1.35 (road) - ESTIMATE
Palmerston (Bakewell),Galiwinku,499.4,499.4,haversine x 1.0 (air_or_barge) - ESTIMATE
Palmerston (Bakewell),Numbulwar,549.4,741.7,haversine x 1.35 (road) - ESTIMATE
Palmerston (Bakewell),Darwin (City),17.1,23.1,haversine x 1.35 (road) - ESTIMATE
Palmerston (Bakewell),Darwin (Larrakeyah),18.6,25.2,haversine x 1.35 (road) - ESTIMATE
Palmerston (Bakewell),Darwin (Stuart Park),17.9,24.2,haversine x 1.35 (road) - ESTIMATE
Palmerston (Bakewell),Darwin (The Gardens),18.5,25.0,haversine x 1.35 (road) - ESTIMATE
Palmerston (Bakewell),Darwin (Parap),18.6,25.2,haversine x 1.35 (road) - ESTIMATE
Palmerston (Bakewell),Darwin (Fannie Bay),19.6,26.4,haversine x 1.35 (road) - ESTIMATE
Palmerston (Bakewell),Darwin (Bayview),16.9,22.8,haversine x 1.35 (road) - ESTIMATE
Palmerston (Bakewell),Darwin (Woolner),17.6,23.8,haversine x 1.35 (road) - ESTIMATE
Palmerston (Bakewell),Darwin (Winnellie),14.6,19.7,haversine x 1.35 (road) - ESTIMATE
Palmerston (Bakewell),Darwin (Coconut Grove),19.4,26.1,haversine x 1.35 (road) - ESTIMATE
Palmerston (Bakewell),Darwin (Rapid Creek),19.8,26.7,haversine x 1.35 (road) - ESTIMATE
Palmerston (Bakewell),Darwin (Millner),19.0,25.6,haversine x 1.35 (road) - ESTIMATE
Palmerston (Bakewell),Darwin (Jingili),18.2,24.6,haversine x 1.35 (road) - ESTIMATE
Palmerston (Bakewell),Darwin (Moil),17.7,23.9,haversine x 1.35 (road) - ESTIMATE
Palmerston (Bakewell),Darwin (Alawa),18.9,25.5,haversine x 1.35 (road) - ESTIMATE
Palmerston (Bakewell),Darwin (Brinkin),19.9,26.9,haversine x 1.35 (road) - ESTIMATE
Palmerston (Bakewell),Darwin (Nakara),19.4,26.2,haversine x 1.35 (road) - ESTIMATE
Palmerston (Bakewell),Darwin (Tiwi),20.3,27.4,haversine x 1.35 (road) - ESTIMATE
Palmerston (Bakewell),Darwin (Casuarina),18.7,25.3,haversine x 1.35 (road) - ESTIMATE
Palmerston (Bakewell),Darwin (Wagaman),17.9,24.1,haversine x 1.35 (road) - ESTIMATE
Palmerston (Bakewell),Darwin (Wanguri),18.6,25.0,haversine x 1.35 (road) - ESTIMATE
Palmerston (Bakewell),Darwin (Wulagi),16.8,22.7,haversine x 1.35 (road) - ESTIMATE
Palmerston (Bakewell),Darwin (Anula),16.4,22.1,haversine x 1.35 (road) - ESTIMATE
Palmerston (Bakewell),Darwin (Marrara),15.9,21.5,haversine x 1.35 (road) - ESTIMATE
Palmerston (Bakewell),Darwin (Leanyer),18.5,25.0,haversine x 1.35 (road) - ESTIMATE
Palmerston (Bakewell),Darwin (Lyons),19.8,26.8,haversine x 1.35 (road) - ESTIMATE
Palmerston (Bakewell),Darwin (Muirhead),19.2,25.9,haversine x 1.35 (road) - ESTIMATE
Palmerston (Bakewell),Darwin (Berrimah),10.8,14.5,haversine x 1.35 (road) - ESTIMATE
Palmerston (Bakewell),Darwin (Knuckey Lagoon),8.9,12.1,haversine x 1.35 (road) - ESTIMATE
Palmerston (Bakewell),Palmerston (Gray),1.8,2.5,haversine x 1.35 (road) - ESTIMATE
Palmerston (Bakewell),Palmerston (Driver),2.9,4.0,haversine x 1.35 (road) - ESTIMATE
Palmerston (Bakewell),Palmerston (Moulden),2.6,3.5,haversine x 1.35 (road) - ESTIMATE
Palmerston (Bakewell),Palmerston (Woodroffe),0.9,1.2,haversine x 1.35 (road) - ESTIMATE
Palmerston (Bakewell),Palmerston (Gunn),1.1,1.5,haversine x 1.35 (road) - ESTIMATE
Palmerston (Bakewell),Palmerston (Rosebery),1.6,2.1,haversine x 1.35 (road) - ESTIMATE
Palmerston (Bakewell),Palmerston (Bakewell),0.0,0.0,haversine x 1.35 (road) - ESTIMATE
Palmerston (Bakewell),Palmerston (Durack),4.0,5.3,haversine x 1.35 (road) - ESTIMATE
Palmerston (Bakewell),Palmerston (Farrar),2.5,3.3,haversine x 1.35 (road) - ESTIMATE
Palmerston (Bakewell),Palmerston (Johnston),1.7,2.3,haversine x 1.35 (road) - ESTIMATE
Palmerston (Bakewell),Palmerston (Zuccoli),1.3,1.7,haversine x 1.35 (road) - ESTIMATE
Palmerston (Bakewell),Palmerston (Bellamack),3.0,4.0,haversine x 1.35 (road) - ESTIMATE
Palmerston (Bakewell),Howard Springs,5.3,7.2,haversine x 1.35 (road) - ESTIMATE
Palmerston (Bakewell),Coolalinga,5.7,7.7,haversine x 1.35 (road) - ESTIMATE
Palmerston (Bakewell),Virginia,4.2,5.7,haversine x 1.35 (road) - ESTIMATE
Palmerston (Bakewell),Girraween,10.5,14.2,haversine x 1.35 (road) - ESTIMATE
Palmerston (Bakewell),Berry Springs,23.0,31.1,haversine x 1.35 (road) - ESTIMATE
Palmerston (Durack),Darwin (Ludmilla),14.5,19.6,haversine x 1.35 (road) - ESTIMATE
Palmerston (Durack),Darwin (Nightcliff),16.5,22.3,haversine x 1.35 (road) - ESTIMATE
Palmerston (Durack),Darwin (Malak),11.6,15.6,haversine x 1.35 (road) - ESTIMATE
Palmerston (Durack),Darwin (Karama),10.3,13.9,haversine x 1.35 (road) - ESTIMATE
Palmerston (Durack),Palmerston,1.4,1.9,haversine x 1.35 (road) - ESTIMATE
Palmerston (Durack),Humpty Doo,17.5,23.6,haversine x 1.35 (road) - ESTIMATE
Palmerston (Durack),Batchelor,64.3,86.9,haversine x 1.35 (road) - ESTIMATE
Palmerston (Durack),Adelaide River,86.3,116.5,haversine x 1.35 (road) - ESTIMATE
Palmerston (Durack),Belyuen,32.7,44.1,haversine x 1.35 (road) - ESTIMATE
Palmerston (Durack),Wurrumiyanga,87.6,87.6,haversine x 1.0 (air_or_barge) - ESTIMATE
Palmerston (Durack),Pine Creek,176.6,238.5,haversine x 1.35 (road) - ESTIMATE
Palmerston (Durack),Katherine,261.8,353.5,haversine x 1.35 (road) - ESTIMATE
Palmerston (Durack),Peppimenarti,209.5,282.9,haversine x 1.35 (road) - ESTIMATE
Palmerston (Durack),Wadeye,251.6,339.7,haversine x 1.35 (road) - ESTIMATE
Palmerston (Durack),Gunbalanya,227.3,306.8,haversine x 1.35 (road) - ESTIMATE
Palmerston (Durack),Maningrida,356.9,481.8,haversine x 1.35 (road) - ESTIMATE
Palmerston (Durack),Galiwinku,501.9,501.9,haversine x 1.0 (air_or_barge) - ESTIMATE
Palmerston (Durack),Numbulwar,553.0,746.6,haversine x 1.35 (road) - ESTIMATE
Palmerston (Durack),Darwin (City),13.9,18.7,haversine x 1.35 (road) - ESTIMATE
Palmerston (Durack),Darwin (Larrakeyah),15.3,20.7,haversine x 1.35 (road) - ESTIMATE
Palmerston (Durack),Darwin (Stuart Park),14.4,19.5,haversine x 1.35 (road) - ESTIMATE
Palmerston (Durack),Darwin (The Gardens),15.1,20.4,haversine x 1.35 (road) - ESTIMATE
Palmerston (Durack),Darwin (Parap),15.0,20.3,haversine x 1.35 (road) - ESTIMATE
Palmerston (Durack),Darwin (Fannie Bay),15.9,21.4,haversine x 1.35 (road) - ESTIMATE
Palmerston (Durack),Darwin (Bayview),13.3,18.0,haversine x 1.35 (road) - ESTIMATE
Palmerston (Durack),Darwin (Woolner),14.1,19.0,haversine x 1.35 (road) - ESTIMATE
Palmerston (Durack),Darwin (Winnellie),10.7,14.4,haversine x 1.35 (road) - ESTIMATE
Palmerston (Durack),Darwin (Coconut Grove),15.5,20.9,haversine x 1.35 (road) - ESTIMATE
Palmerston (Durack),Darwin (Rapid Creek),15.8,21.3,haversine x 1.35 (road) - ESTIMATE
Palmerston (Durack),Darwin (Millner),15.0,20.3,haversine x 1.35 (road) - ESTIMATE
Palmerston (Durack),Darwin (Jingili),14.2,19.2,haversine x 1.35 (road) - ESTIMATE
Palmerston (Durack),Darwin (Moil),13.8,18.6,haversine x 1.35 (road) - ESTIMATE
Palmerston (Durack),Darwin (Alawa),14.9,20.1,haversine x 1.35 (road) - ESTIMATE
Palmerston (Durack),Darwin (Brinkin),15.9,21.5,haversine x 1.35 (road) - ESTIMATE
Palmerston (Durack),Darwin (Nakara),15.5,20.9,haversine x 1.35 (road) - ESTIMATE
Palmerston (Durack),Darwin (Tiwi),16.3,22.1,haversine x 1.35 (road) - ESTIMATE
Palmerston (Durack),Darwin (Casuarina),14.8,20.0,haversine x 1.35 (road) - ESTIMATE
Palmerston (Durack),Darwin (Wagaman),13.9,18.8,haversine x 1.35 (road) - ESTIMATE
Palmerston (Durack),Darwin (Wanguri),14.6,19.7,haversine x 1.35 (road) - ESTIMATE
Palmerston (Durack),Darwin (Wulagi),12.9,17.4,haversine x 1.35 (road) - ESTIMATE
Palmerston (Durack),Darwin (Anula),12.4,16.8,haversine x 1.35 (road) - ESTIMATE
Palmerston (Durack),Darwin (Marrara),12.0,16.2,haversine x 1.35 (road) - ESTIMATE
Palmerston (Durack),Darwin (Leanyer),14.6,19.8,haversine x 1.35 (road) - ESTIMATE
Palmerston (Durack),Darwin (Lyons),15.9,21.5,haversine x 1.35 (road) - ESTIMATE
Palmerston (Durack),Darwin (Muirhead),15.3,20.7,haversine x 1.35 (road) - ESTIMATE
Palmerston (Durack),Darwin (Berrimah),6.8,9.2,haversine x 1.35 (road) - ESTIMATE
Palmerston (Durack),Darwin (Knuckey Lagoon),5.0,6.8,haversine x 1.35 (road) - ESTIMATE
Palmerston (Durack),Palmerston (Gray),2.5,3.3,haversine x 1.35 (road) - ESTIMATE
Palmerston (Durack),Palmerston (Driver),1.5,2.0,haversine x 1.35 (road) - ESTIMATE
Palmerston (Durack),Palmerston (Moulden),3.5,4.7,haversine x 1.35 (road) - ESTIMATE
Palmerston (Durack),Palmerston (Woodroffe),3.1,4.2,haversine x 1.35 (road) - ESTIMATE
Palmerston (Durack),Palmerston (Gunn),3.5,4.7,haversine x 1.35 (road) - ESTIMATE
Palmerston (Durack),Palmerston (Rosebery),4.4,6.0,haversine x 1.35 (road) - ESTIMATE
Palmerston (Durack),Palmerston (Bakewell),4.0,5.3,haversine x 1.35 (road) - ESTIMATE
Palmerston (Durack),Palmerston (Durack),0.0,0.0,haversine x 1.35 (road) - ESTIMATE
Palmerston (Durack),Palmerston (Farrar),2.5,3.4,haversine x 1.35 (road) - ESTIMATE
Palmerston (Durack),Palmerston (Johnston),4.6,6.3,haversine x 1.35 (road) - ESTIMATE
Palmerston (Durack),Palmerston (Zuccoli),5.2,7.0,haversine x 1.35 (road) - ESTIMATE
Palmerston (Durack),Palmerston (Bellamack),5.0,6.7,haversine x 1.35 (road) - ESTIMATE
Palmerston (Durack),Howard Springs,8.6,11.6,haversine x 1.35 (road) - ESTIMATE
Palmerston (Durack),Coolalinga,9.6,12.9,haversine x 1.35 (road) - ESTIMATE
Palmerston (Durack),Virginia,8.2,11.0,haversine x 1.35 (road) - ESTIMATE
Palmerston (Durack),Girraween,14.2,19.2,haversine x 1.35 (road) - ESTIMATE
Palmerston (Durack),Berry Springs,25.9,35.0,haversine x 1.35 (road) - ESTIMATE
Palmerston (Farrar),Darwin (Ludmilla),16.9,22.8,haversine x 1.35 (road) - ESTIMATE
Palmerston (Farrar),Darwin (Nightcliff),18.7,25.3,haversine x 1.35 (road) - ESTIMATE
Palmerston (Farrar),Darwin (Malak),13.5,18.3,haversine x 1.35 (road) - ESTIMATE
Palmerston (Farrar),Darwin (Karama),12.2,16.5,haversine x 1.35 (road) - ESTIMATE
Palmerston (Farrar),Palmerston,1.4,1.9,haversine x 1.35 (road) - ESTIMATE
Palmerston (Farrar),Humpty Doo,15.4,20.8,haversine x 1.35 (road) - ESTIMATE
Palmerston (Farrar),Batchelor,63.8,86.2,haversine x 1.35 (road) - ESTIMATE
Palmerston (Farrar),Adelaide River,85.6,115.5,haversine x 1.35 (road) - ESTIMATE
Palmerston (Farrar),Belyuen,35.0,47.3,haversine x 1.35 (road) - ESTIMATE
Palmerston (Farrar),Wurrumiyanga,89.0,89.0,haversine x 1.0 (air_or_barge) - ESTIMATE
Palmerston (Farrar),Pine Creek,175.1,236.3,haversine x 1.35 (road) - ESTIMATE
Palmerston (Farrar),Katherine,260.2,351.3,haversine x 1.35 (road) - ESTIMATE
Palmerston (Farrar),Peppimenarti,210.4,284.0,haversine x 1.35 (road) - ESTIMATE
Palmerston (Farrar),Wadeye,252.9,341.4,haversine x 1.35 (road) - ESTIMATE
Palmerston (Farrar),Gunbalanya,224.8,303.5,haversine x 1.35 (road) - ESTIMATE
Palmerston (Farrar),Maningrida,354.4,478.5,haversine x 1.35 (road) - ESTIMATE
Palmerston (Farrar),Galiwinku,499.5,499.5,haversine x 1.0 (air_or_barge) - ESTIMATE
Palmerston (Farrar),Numbulwar,550.6,743.3,haversine x 1.35 (road) - ESTIMATE
Palmerston (Farrar),Darwin (City),16.4,22.1,haversine x 1.35 (road) - ESTIMATE
Palmerston (Farrar),Darwin (Larrakeyah),17.9,24.1,haversine x 1.35 (road) - ESTIMATE
Palmerston (Farrar),Darwin (Stuart Park),16.9,22.9,haversine x 1.35 (road) - ESTIMATE
Palmerston (Farrar),Darwin (The Gardens),17.6,23.8,haversine x 1.35 (road) - ESTIMATE
Palmerston (Farrar),Darwin (Parap),17.5,23.6,haversine x 1.35 (road) - ESTIMATE
Palmerston (Farrar),Darwin (Fannie Bay),18.3,24.8,haversine x 1.35 (road) - ESTIMATE
Palmerston (Farrar),Darwin (Bayview),15.8,21.3,haversine x 1.35 (road) - ESTIMATE
Palmerston (Farrar),Darwin (Woolner),16.6,22.4,haversine x 1.35 (road) - ESTIMATE
Palmerston (Farrar),Darwin (Winnellie),13.1,17.7,haversine x 1.35 (road) - ESTIMATE
Palmerston (Farrar),Darwin (Coconut Grove),17.8,24.0,haversine x 1.35 (road) - ESTIMATE
Palmerston (Farrar),Darwin (Rapid Creek),18.0,24.3,haversine x 1.35 (road) - ESTIMATE
Palmerston (Farrar),Darwin (Millner),17.3,23.3,haversine x 1.35 (road) - ESTIMATE
Palmerston (Farrar),Darwin (Jingili),16.4,22.1,haversine x 1.35 (road) - ESTIMATE
Palmerston (Farrar),Darwin (Moil),15.9,21.4,haversine x 1.35 (road) - ESTIMATE
Palmerston (Farrar),Darwin (Alawa),17.0,23.0,haversine x 1.35 (road) - ESTIMATE
Palmerston (Farrar),Darwin (Brinkin),18.0,24.3,haversine x 1.35 (road) - ESTIMATE
Palmerston (Farrar),Darwin (Nakara),17.5,23.6,haversine x 1.35 (road) - ESTIMATE
Palmerston (Farrar),Darwin (Tiwi),18.3,24.7,haversine x 1.35 (road) - ESTIMATE
Palmerston (Farrar),Darwin (Casuarina),16.8,22.7,haversine x 1.35 (road) - ESTIMATE
Palmerston (Farrar),Darwin (Wagaman),15.9,21.5,haversine x 1.35 (road) - ESTIMATE
Palmerston (Farrar),Darwin (Wanguri),16.5,22.3,haversine x 1.35 (road) - ESTIMATE
Palmerston (Farrar),Darwin (Wulagi),14.8,20.0,haversine x 1.35 (road) - ESTIMATE
Palmerston (Farrar),Darwin (Anula),14.5,19.6,haversine x 1.35 (road) - ESTIMATE
Palmerston (Farrar),Darwin (Marrara),14.1,19.0,haversine x 1.35 (road) - ESTIMATE
Palmerston (Farrar),Darwin (Leanyer),16.4,22.2,haversine x 1.35 (road) - ESTIMATE
Palmerston (Farrar),Darwin (Lyons),17.8,24.0,haversine x 1.35 (road) - ESTIMATE
Palmerston (Farrar),Darwin (Muirhead),17.0,23.0,haversine x 1.35 (road) - ESTIMATE
Palmerston (Farrar),Darwin (Berrimah),9.1,12.3,haversine x 1.35 (road) - ESTIMATE
Palmerston (Farrar),Darwin (Knuckey Lagoon),6.9,9.3,haversine x 1.35 (road) - ESTIMATE
Palmerston (Farrar),Palmerston (Gray),2.4,3.2,haversine x 1.35 (road) - ESTIMATE
Palmerston (Farrar),Palmerston (Driver),2.5,3.4,haversine x 1.35 (road) - ESTIMATE
Palmerston (Farrar),Palmerston (Moulden),3.8,5.1,haversine x 1.35 (road) - ESTIMATE
Palmerston (Farrar),Palmerston (Woodroffe),1.9,2.6,haversine x 1.35 (road) - ESTIMATE
Palmerston (Farrar),Palmerston (Gunn),1.4,1.9,haversine x 1.35 (road) - ESTIMATE
Palmerston (Farrar),Palmerston (Rosebery),3.7,5.0,haversine x 1.35 (road) - ESTIMATE
Palmerston (Farrar),Palmerston (Bakewell),2.5,3.3,haversine x 1.35 (road) - ESTIMATE
Palmerston (Farrar),Palmerston (Durack),2.5,3.4,haversine x 1.35 (road) - ESTIMATE
Palmerston (Farrar),Palmerston (Farrar),0.0,0.0,haversine x 1.35 (road) - ESTIMATE
Palmerston (Farrar),Palmerston (Johnston),2.3,3.1,haversine x 1.35 (road) - ESTIMATE
Palmerston (Farrar),Palmerston (Zuccoli),3.7,5.0,haversine x 1.35 (road) - ESTIMATE
Palmerston (Farrar),Palmerston (Bellamack),4.9,6.6,haversine x 1.35 (road) - ESTIMATE
Palmerston (Farrar),Howard Springs,6.1,8.2,haversine x 1.35 (road) - ESTIMATE
Palmerston (Farrar),Coolalinga,7.5,10.1,haversine x 1.35 (road) - ESTIMATE
Palmerston (Farrar),Virginia,6.4,8.7,haversine x 1.35 (road) - ESTIMATE
Palmerston (Farrar),Girraween,11.8,16.0,haversine x 1.35 (road) - ESTIMATE
Palmerston (Farrar),Berry Springs,25.5,34.4,haversine x 1.35 (road) - ESTIMATE
Palmerston (Johnston),Darwin (Ludmilla),19.1,25.8,haversine x 1.35 (road) - ESTIMATE
Palmerston (Johnston),Darwin (Nightcliff),21.0,28.4,haversine x 1.35 (road) - ESTIMATE
Palmerston (Johnston),Darwin (Malak),15.9,21.4,haversine x 1.35 (road) - ESTIMATE
Palmerston (Johnston),Darwin (Karama),14.5,19.6,haversine x 1.35 (road) - ESTIMATE
Palmerston (Johnston),Palmerston,3.2,4.4,haversine x 1.35 (road) - ESTIMATE
Palmerston (Johnston),Humpty Doo,13.1,17.6,haversine x 1.35 (road) - ESTIMATE
Palmerston (Johnston),Batchelor,62.2,84.0,haversine x 1.35 (road) - ESTIMATE
Palmerston (Johnston),Adelaide River,83.8,113.1,haversine x 1.35 (road) - ESTIMATE
Palmerston (Johnston),Belyuen,36.5,49.2,haversine x 1.35 (road) - ESTIMATE
Palmerston (Johnston),Wurrumiyanga,91.2,91.2,haversine x 1.0 (air_or_barge) - ESTIMATE
Palmerston (Johnston),Pine Creek,172.8,233.3,haversine x 1.35 (road) - ESTIMATE
Palmerston (Johnston),Katherine,258.0,348.3,haversine x 1.35 (road) - ESTIMATE
Palmerston (Johnston),Peppimenarti,209.8,283.3,haversine x 1.35 (road) - ESTIMATE
Palmerston (Johnston),Wadeye,252.8,341.3,haversine x 1.35 (road) - ESTIMATE
Palmerston (Johnston),Gunbalanya,223.2,301.3,haversine x 1.35 (road) - ESTIMATE
Palmerston (Johnston),Maningrida,352.9,476.4,haversine x 1.35 (road) - ESTIMATE
Palmerston (Johnston),Galiwinku,497.9,497.9,haversine x 1.0 (air_or_barge) - ESTIMATE
Palmerston (Johnston),Numbulwar,548.4,740.3,haversine x 1.35 (road) - ESTIMATE
Palmerston (Johnston),Darwin (City),18.3,24.7,haversine x 1.35 (road) - ESTIMATE
Palmerston (Johnston),Darwin (Larrakeyah),19.8,26.8,haversine x 1.35 (road) - ESTIMATE
Palmerston (Johnston),Darwin (Stuart Park),19.0,25.6,haversine x 1.35 (road) - ESTIMATE
Palmerston (Johnston),Darwin (The Gardens),19.7,26.6,haversine x 1.35 (road) - ESTIMATE
Palmerston (Johnston),Darwin (Parap),19.6,26.5,haversine x 1.35 (road) - ESTIMATE
Palmerston (Johnston),Darwin (Fannie Bay),20.5,27.7,haversine x 1.35 (road) - ESTIMATE
Palmerston (Johnston),Darwin (Bayview),17.9,24.2,haversine x 1.35 (road) - ESTIMATE
Palmerston (Johnston),Darwin (Woolner),18.7,25.2,haversine x 1.35 (road) - ESTIMATE
Palmerston (Johnston),Darwin (Winnellie),15.3,20.7,haversine x 1.35 (road) - ESTIMATE
Palmerston (Johnston),Darwin (Coconut Grove),20.1,27.1,haversine x 1.35 (road) - ESTIMATE
Palmerston (Johnston),Darwin (Rapid Creek),20.3,27.4,haversine x 1.35 (road) - ESTIMATE
Palmerston (Johnston),Darwin (Millner),19.6,26.4,haversine x 1.35 (road) - ESTIMATE
Palmerston (Johnston),Darwin (Jingili),18.7,25.3,haversine x 1.35 (road) - ESTIMATE
Palmerston (Johnston),Darwin (Moil),18.2,24.6,haversine x 1.35 (road) - ESTIMATE
Palmerston (Johnston),Darwin (Alawa),19.3,26.1,haversine x 1.35 (road) - ESTIMATE
Palmerston (Johnston),Darwin (Brinkin),20.3,27.4,haversine x 1.35 (road) - ESTIMATE
Palmerston (Johnston),Darwin (Nakara),19.8,26.8,haversine x 1.35 (road) - ESTIMATE
Palmerston (Johnston),Darwin (Tiwi),20.6,27.8,haversine x 1.35 (road) - ESTIMATE
Palmerston (Johnston),Darwin (Casuarina),19.1,25.8,haversine x 1.35 (road) - ESTIMATE
Palmerston (Johnston),Darwin (Wagaman),18.3,24.7,haversine x 1.35 (road) - ESTIMATE
Palmerston (Johnston),Darwin (Wanguri),18.9,25.5,haversine x 1.35 (road) - ESTIMATE
Palmerston (Johnston),Darwin (Wulagi),17.2,23.2,haversine x 1.35 (road) - ESTIMATE
Palmerston (Johnston),Darwin (Anula),16.8,22.7,haversine x 1.35 (road) - ESTIMATE
Palmerston (Johnston),Darwin (Marrara),16.4,22.2,haversine x 1.35 (road) - ESTIMATE
Palmerston (Johnston),Darwin (Leanyer),18.8,25.3,haversine x 1.35 (road) - ESTIMATE
Palmerston (Johnston),Darwin (Lyons),20.1,27.1,haversine x 1.35 (road) - ESTIMATE
Palmerston (Johnston),Darwin (Muirhead),19.4,26.1,haversine x 1.35 (road) - ESTIMATE
Palmerston (Johnston),Darwin (Berrimah),11.4,15.4,haversine x 1.35 (road) - ESTIMATE
Palmerston (Johnston),Darwin (Knuckey Lagoon),9.3,12.5,haversine x 1.35 (road) - ESTIMATE
Palmerston (Johnston),Palmerston (Gray),3.2,4.3,haversine x 1.35 (road) - ESTIMATE
Palmerston (Johnston),Palmerston (Driver),4.0,5.5,haversine x 1.35 (road) - ESTIMATE
Palmerston (Johnston),Palmerston (Moulden),4.2,5.7,haversine x 1.35 (road) - ESTIMATE
Palmerston (Johnston),Palmerston (Woodroffe),2.1,2.8,haversine x 1.35 (road) - ESTIMATE
Palmerston (Johnston),Palmerston (Gunn),1.2,1.6,haversine x 1.35 (road) - ESTIMATE
Palmerston (Johnston),Palmerston (Rosebery),3.2,4.3,haversine x 1.35 (road) - ESTIMATE
Palmerston (Johnston),Palmerston (Bakewell),1.7,2.3,haversine x 1.35 (road) - ESTIMATE
Palmerston (Johnston),Palmerston (Durack),4.6,6.3,haversine x 1.35 (road) - ESTIMATE
Palmerston (Johnston),Palmerston (Farrar),2.3,3.1,haversine x 1.35 (road) - ESTIMATE
Palmerston (Johnston),Palmerston (Johnston),0.0,0.0,haversine x 1.35 (road) - ESTIMATE
Palmerston (Johnston),Palmerston (Zuccoli),2.1,2.9,haversine x 1.35 (road) - ESTIMATE
Palmerston (Johnston),Palmerston (Bellamack),4.6,6.2,haversine x 1.35 (road) - ESTIMATE
Palmerston (Johnston),Howard Springs,4.0,5.4,haversine x 1.35 (road) - ESTIMATE
Palmerston (Johnston),Coolalinga,5.1,6.9,haversine x 1.35 (road) - ESTIMATE
Palmerston (Johnston),Virginia,4.3,5.8,haversine x 1.35 (road) - ESTIMATE
Palmerston (Johnston),Girraween,9.6,12.9,haversine x 1.35 (road) - ESTIMATE
Palmerston (Johnston),Berry Springs,24.0,32.4,haversine x 1.35 (road) - ESTIMATE
Palmerston (Zuccoli),Darwin (Ludmilla),19.4,26.2,haversine x 1.35 (road) - ESTIMATE
Palmerston (Zuccoli),Darwin (Nightcliff),21.6,29.2,haversine x 1.35 (road) - ESTIMATE
Palmerston (Zuccoli),Darwin (Malak),16.8,22.6,haversine x 1.35 (road) - ESTIMATE
Palmerston (Zuccoli),Darwin (Karama),15.5,20.9,haversine x 1.35 (road) - ESTIMATE
Palmerston (Zuccoli),Palmerston,3.9,5.2,haversine x 1.35 (road) - ESTIMATE
Palmerston (Zuccoli),Humpty Doo,12.4,16.7,haversine x 1.35 (road) - ESTIMATE
Palmerston (Zuccoli),Batchelor,60.2,81.3,haversine x 1.35 (road) - ESTIMATE
Palmerston (Zuccoli),Adelaide River,81.9,110.6,haversine x 1.35 (road) - ESTIMATE
Palmerston (Zuccoli),Belyuen,35.5,47.9,haversine x 1.35 (road) - ESTIMATE
Palmerston (Zuccoli),Wurrumiyanga,92.6,92.6,haversine x 1.0 (air_or_barge) - ESTIMATE
Palmerston (Zuccoli),Pine Creek,171.5,231.5,haversine x 1.35 (road) - ESTIMATE
Palmerston (Zuccoli),Katherine,256.7,346.5,haversine x 1.35 (road) - ESTIMATE
Palmerston (Zuccoli),Peppimenarti,207.7,280.4,haversine x 1.35 (road) - ESTIMATE
Palmerston (Zuccoli),Wadeye,250.8,338.6,haversine x 1.35 (road) - ESTIMATE
Palmerston (Zuccoli),Gunbalanya,224.1,302.6,haversine x 1.35 (road) - ESTIMATE
Palmerston (Zuccoli),Maningrida,353.9,477.8,haversine x 1.35 (road) - ESTIMATE
Palmerston (Zuccoli),Galiwinku,498.8,498.8,haversine x 1.0 (air_or_barge) - ESTIMATE
Palmerston (Zuccoli),Numbulwar,548.4,740.3,haversine x 1.35 (road) - ESTIMATE
Palmerston (Zuccoli),Darwin (City),18.0,24.3,haversine x 1.35 (road) - ESTIMATE
Palmerston (Zuccoli),Darwin (Larrakeyah),19.6,26.4,haversine x 1.35 (road) - ESTIMATE
Palmerston (Zuccoli),Darwin (Stuart Park),18.9,25.5,haversine x 1.35 (road) - ESTIMATE
Palmerston (Zuccoli),Darwin (The Gardens),19.5,26.4,haversine x 1.35 (road) - ESTIMATE
Palmerston (Zuccoli),Darwin (Parap),19.7,26.6,haversine x 1.35 (road) - ESTIMATE
Palmerston (Zuccoli),Darwin (Fannie Bay),20.6,27.9,haversine x 1.35 (road) - ESTIMATE
Palmerston (Zuccoli),Darwin (Bayview),17.9,24.2,haversine x 1.35 (road) - ESTIMATE
Palmerston (Zuccoli),Darwin (Woolner),18.6,25.2,haversine x 1.35 (road) - ESTIMATE
Palmerston (Zuccoli),Darwin (Winnellie),15.7,21.2,haversine x 1.35 (road) - ESTIMATE
Palmerston (Zuccoli),Darwin (Coconut Grove),20.5,27.7,haversine x 1.35 (road) - ESTIMATE
Palmerston (Zuccoli),Darwin (Rapid Creek),21.0,28.3,haversine x 1.35 (road) - ESTIMATE
Palmerston (Zuccoli),Darwin (Millner),20.2,27.2,haversine x 1.35 (road) - ESTIMATE
Palmerston (Zuccoli),Darwin (Jingili),19.4,26.2,haversine x 1.35 (road) - ESTIMATE
Palmerston (Zuccoli),Darwin (Moil),19.0,25.6,haversine x 1.35 (road) - ESTIMATE
Palmerston (Zuccoli),Darwin (Alawa),20.1,27.2,haversine x 1.35 (road) - ESTIMATE
Palmerston (Zuccoli),Darwin (Brinkin),21.1,28.5,haversine x 1.35 (road) - ESTIMATE
Palmerston (Zuccoli),Darwin (Nakara),20.7,27.9,haversine x 1.35 (road) - ESTIMATE
Palmerston (Zuccoli),Darwin (Tiwi),21.6,29.1,haversine x 1.35 (road) - ESTIMATE
Palmerston (Zuccoli),Darwin (Casuarina),20.0,27.0,haversine x 1.35 (road) - ESTIMATE
Palmerston (Zuccoli),Darwin (Wagaman),19.1,25.8,haversine x 1.35 (road) - ESTIMATE
Palmerston (Zuccoli),Darwin (Wanguri),19.8,26.8,haversine x 1.35 (road) - ESTIMATE
Palmerston (Zuccoli),Darwin (Wulagi),18.1,24.4,haversine x 1.35 (road) - ESTIMATE
Palmerston (Zuccoli),Darwin (Anula),17.6,23.8,haversine x 1.35 (road) - ESTIMATE
Palmerston (Zuccoli),Darwin (Marrara),17.2,23.2,haversine x 1.35 (road) - ESTIMATE
Palmerston (Zuccoli),Darwin (Leanyer),19.8,26.8,haversine x 1.35 (road) - ESTIMATE
Palmerston (Zuccoli),Darwin (Lyons),21.1,28.5,haversine x 1.35 (road) - ESTIMATE
Palmerston (Zuccoli),Darwin (Muirhead),20.5,27.6,haversine x 1.35 (road) - ESTIMATE
Palmerston (Zuccoli),Darwin (Berrimah),12.0,16.2,haversine x 1.35 (road) - ESTIMATE
Palmerston (Zuccoli),Darwin (Knuckey Lagoon),10.2,13.8,haversine x 1.35 (road) - ESTIMATE
Palmerston (Zuccoli),Palmerston (Gray),2.9,3.9,haversine x 1.35 (road) - ESTIMATE
Palmerston (Zuccoli),Palmerston (Driver),4.1,5.5,haversine x 1.35 (road) - ESTIMATE
Palmerston (Zuccoli),Palmerston (Moulden),3.2,4.3,haversine x 1.35 (road) - ESTIMATE
Palmerston (Zuccoli),Palmerston (Woodroffe),2.1,2.9,haversine x 1.35 (road) - ESTIMATE
Palmerston (Zuccoli),Palmerston (Gunn),2.3,3.1,haversine x 1.35 (road) - ESTIMATE
Palmerston (Zuccoli),Palmerston (Rosebery),1.6,2.2,haversine x 1.35 (road) - ESTIMATE
Palmerston (Zuccoli),Palmerston (Bakewell),1.3,1.7,haversine x 1.35 (road) - ESTIMATE
Palmerston (Zuccoli),Palmerston (Durack),5.2,7.0,haversine x 1.35 (road) - ESTIMATE
Palmerston (Zuccoli),Palmerston (Farrar),3.7,5.0,haversine x 1.35 (road) - ESTIMATE
Palmerston (Zuccoli),Palmerston (Johnston),2.1,2.9,haversine x 1.35 (road) - ESTIMATE
Palmerston (Zuccoli),Palmerston (Zuccoli),0.0,0.0,haversine x 1.35 (road) - ESTIMATE
Palmerston (Zuccoli),Palmerston (Bellamack),2.9,3.9,haversine x 1.35 (road) - ESTIMATE
Palmerston (Zuccoli),Howard Springs,4.8,6.5,haversine x 1.35 (road) - ESTIMATE
Palmerston (Zuccoli),Coolalinga,4.7,6.3,haversine x 1.35 (road) - ESTIMATE
Palmerston (Zuccoli),Virginia,3.0,4.0,haversine x 1.35 (road) - ESTIMATE
Palmerston (Zuccoli),Girraween,9.5,12.9,haversine x 1.35 (road) - ESTIMATE
Palmerston (Zuccoli),Berry Springs,21.9,29.6,haversine x 1.35 (road) - ESTIMATE
Palmerston (Bellamack),Darwin (Ludmilla),17.7,23.9,haversine x 1.35 (road) - ESTIMATE
Palmerston (Bellamack),Darwin (Nightcliff),20.4,27.5,haversine x 1.35 (road) - ESTIMATE
Palmerston (Bellamack),Darwin (Malak),16.0,21.6,haversine x 1.35 (road) - ESTIMATE
Palmerston (Bellamack),Darwin (Karama),14.8,20.0,haversine x 1.35 (road) - ESTIMATE
Palmerston (Bellamack),Palmerston,4.1,5.6,haversine x 1.35 (road) - ESTIMATE
Palmerston (Bellamack),Humpty Doo,14.3,19.3,haversine x 1.35 (road) - ESTIMATE
Palmerston (Bellamack),Batchelor,59.4,80.2,haversine x 1.35 (road) - ESTIMATE
Palmerston (Bellamack),Adelaide River,81.3,109.8,haversine x 1.35 (road) - ESTIMATE
Palmerston (Bellamack),Belyuen,32.7,44.1,haversine x 1.35 (road) - ESTIMATE
Palmerston (Bellamack),Wurrumiyanga,92.4,92.4,haversine x 1.0 (air_or_barge) - ESTIMATE
Palmerston (Bellamack),Pine Creek,172.1,232.3,haversine x 1.35 (road) - ESTIMATE
Palmerston (Bellamack),Katherine,257.3,347.3,haversine x 1.35 (road) - ESTIMATE
Palmerston (Bellamack),Peppimenarti,205.5,277.5,haversine x 1.35 (road) - ESTIMATE
Palmerston (Bellamack),Wadeye,248.3,335.2,haversine x 1.35 (road) - ESTIMATE
Palmerston (Bellamack),Gunbalanya,226.9,306.4,haversine x 1.35 (road) - ESTIMATE
Palmerston (Bellamack),Maningrida,356.7,481.6,haversine x 1.35 (road) - ESTIMATE
Palmerston (Bellamack),Galiwinku,501.6,501.6,haversine x 1.0 (air_or_barge) - ESTIMATE
Palmerston (Bellamack),Numbulwar,550.5,743.2,haversine x 1.35 (road) - ESTIMATE
Palmerston (Bellamack),Darwin (City),15.8,21.3,haversine x 1.35 (road) - ESTIMATE
Palmerston (Bellamack),Darwin (Larrakeyah),17.4,23.5,haversine x 1.35 (road) - ESTIMATE
Palmerston (Bellamack),Darwin (Stuart Park),16.8,22.7,haversine x 1.35 (road) - ESTIMATE
Palmerston (Bellamack),Darwin (The Gardens),17.4,23.5,haversine x 1.35 (road) - ESTIMATE
Palmerston (Bellamack),Darwin (Parap),17.8,24.1,haversine x 1.35 (road) - ESTIMATE
Palmerston (Bellamack),Darwin (Fannie Bay),18.8,25.4,haversine x 1.35 (road) - ESTIMATE
Palmerston (Bellamack),Darwin (Bayview),16.0,21.6,haversine x 1.35 (road) - ESTIMATE
Palmerston (Bellamack),Darwin (Woolner),16.7,22.5,haversine x 1.35 (road) - ESTIMATE
Palmerston (Bellamack),Darwin (Winnellie),14.3,19.3,haversine x 1.35 (road) - ESTIMATE
Palmerston (Bellamack),Darwin (Coconut Grove),19.1,25.8,haversine x 1.35 (road) - ESTIMATE
Palmerston (Bellamack),Darwin (Rapid Creek),19.8,26.8,haversine x 1.35 (road) - ESTIMATE
Palmerston (Bellamack),Darwin (Millner),18.9,25.5,haversine x 1.35 (road) - ESTIMATE
Palmerston (Bellamack),Darwin (Jingili),18.3,24.7,haversine x 1.35 (road) - ESTIMATE
Palmerston (Bellamack),Darwin (Moil),17.9,24.2,haversine x 1.35 (road) - ESTIMATE
Palmerston (Bellamack),Darwin (Alawa),19.1,25.8,haversine x 1.35 (road) - ESTIMATE
Palmerston (Bellamack),Darwin (Brinkin),20.2,27.2,haversine x 1.35 (road) - ESTIMATE
Palmerston (Bellamack),Darwin (Nakara),19.8,26.7,haversine x 1.35 (road) - ESTIMATE
Palmerston (Bellamack),Darwin (Tiwi),20.8,28.0,haversine x 1.35 (road) - ESTIMATE
Palmerston (Bellamack),Darwin (Casuarina),19.1,25.8,haversine x 1.35 (road) - ESTIMATE
Palmerston (Bellamack),Darwin (Wagaman),18.2,24.6,haversine x 1.35 (road) - ESTIMATE
Palmerston (Bellamack),Darwin (Wanguri),19.0,25.7,haversine x 1.35 (road) - ESTIMATE
Palmerston (Bellamack),Darwin (Wulagi),17.3,23.4,haversine x 1.35 (road) - ESTIMATE
Palmerston (Bellamack),Darwin (Anula),16.7,22.6,haversine x 1.35 (road) - ESTIMATE
Palmerston (Bellamack),Darwin (Marrara),16.2,21.8,haversine x 1.35 (road) - ESTIMATE
Palmerston (Bellamack),Darwin (Leanyer),19.2,25.9,haversine x 1.35 (road) - ESTIMATE
Palmerston (Bellamack),Darwin (Lyons),20.5,27.6,haversine x 1.35 (road) - ESTIMATE
Palmerston (Bellamack),Darwin (Muirhead),19.9,26.9,haversine x 1.35 (road) - ESTIMATE
Palmerston (Bellamack),Darwin (Berrimah),10.9,14.8,haversine x 1.35 (road) - ESTIMATE
Palmerston (Bellamack),Darwin (Knuckey Lagoon),9.8,13.2,haversine x 1.35 (road) - ESTIMATE
Palmerston (Bellamack),Palmerston (Gray),2.7,3.6,haversine x 1.35 (road) - ESTIMATE
Palmerston (Bellamack),Palmerston (Driver),3.5,4.7,haversine x 1.35 (road) - ESTIMATE
Palmerston (Bellamack),Palmerston (Moulden),1.5,2.0,haversine x 1.35 (road) - ESTIMATE
Palmerston (Bellamack),Palmerston (Woodroffe),3.0,4.1,haversine x 1.35 (road) - ESTIMATE
Palmerston (Bellamack),Palmerston (Gunn),3.9,5.3,haversine x 1.35 (road) - ESTIMATE
Palmerston (Bellamack),Palmerston (Rosebery),1.4,1.9,haversine x 1.35 (road) - ESTIMATE
Palmerston (Bellamack),Palmerston (Bakewell),3.0,4.0,haversine x 1.35 (road) - ESTIMATE
Palmerston (Bellamack),Palmerston (Durack),5.0,6.7,haversine x 1.35 (road) - ESTIMATE
Palmerston (Bellamack),Palmerston (Farrar),4.9,6.6,haversine x 1.35 (road) - ESTIMATE
Palmerston (Bellamack),Palmerston (Johnston),4.6,6.2,haversine x 1.35 (road) - ESTIMATE
Palmerston (Bellamack),Palmerston (Zuccoli),2.9,3.9,haversine x 1.35 (road) - ESTIMATE
Palmerston (Bellamack),Palmerston (Bellamack),0.0,0.0,haversine x 1.35 (road) - ESTIMATE
Palmerston (Bellamack),Howard Springs,7.7,10.4,haversine x 1.35 (road) - ESTIMATE
Palmerston (Bellamack),Coolalinga,7.1,9.6,haversine x 1.35 (road) - ESTIMATE
Palmerston (Bellamack),Virginia,4.9,6.6,haversine x 1.35 (road) - ESTIMATE
Palmerston (Bellamack),Girraween,12.0,16.2,haversine x 1.35 (road) - ESTIMATE
Palmerston (Bellamack),Berry Springs,21.0,28.3,haversine x 1.35 (road) - ESTIMATE
Howard Springs,Darwin (Ludmilla),23.0,31.1,haversine x 1.35 (road) - ESTIMATE
Howard Springs,Darwin (Nightcliff),24.7,33.4,haversine x 1.35 (road) - ESTIMATE
Howard Springs,Darwin (Malak),19.4,26.1,haversine x 1.35 (road) - ESTIMATE
Howard Springs,Darwin (Karama),18.0,24.3,haversine x 1.35 (road) - ESTIMATE
Howard Springs,Palmerston,7.2,9.7,haversine x 1.35 (road) - ESTIMATE
Howard Springs,Humpty Doo,9.9,13.3,haversine x 1.35 (road) - ESTIMATE
Howard Springs,Batchelor,61.4,82.9,haversine x 1.35 (road) - ESTIMATE
Howard Springs,Adelaide River,82.6,111.6,haversine x 1.35 (road) - ESTIMATE
Howard Springs,Belyuen,40.2,54.3,haversine x 1.35 (road) - ESTIMATE
Howard Springs,Wurrumiyanga,93.7,93.7,haversine x 1.0 (air_or_barge) - ESTIMATE
Howard Springs,Pine Creek,170.2,229.8,haversine x 1.35 (road) - ESTIMATE
Howard Springs,Katherine,255.3,344.6,haversine x 1.35 (road) - ESTIMATE
Howard Springs,Peppimenarti,211.0,284.9,haversine x 1.35 (road) - ESTIMATE
Howard Springs,Wadeye,254.7,343.9,haversine x 1.35 (road) - ESTIMATE
Howard Springs,Gunbalanya,219.4,296.2,haversine x 1.35 (road) - ESTIMATE
Howard Springs,Maningrida,349.1,471.3,haversine x 1.35 (road) - ESTIMATE
Howard Springs,Galiwinku,494.1,494.1,haversine x 1.0 (air_or_barge) - ESTIMATE
Howard Springs,Numbulwar,544.5,735.0,haversine x 1.35 (road) - ESTIMATE
Howard Springs,Darwin (City),22.3,30.1,haversine x 1.35 (road) - ESTIMATE
Howard Springs,Darwin (Larrakeyah),23.8,32.1,haversine x 1.35 (road) - ESTIMATE
Howard Springs,Darwin (Stuart Park),23.0,31.0,haversine x 1.35 (road) - ESTIMATE
Howard Springs,Darwin (The Gardens),23.7,31.9,haversine x 1.35 (road) - ESTIMATE
Howard Springs,Darwin (Parap),23.6,31.8,haversine x 1.35 (road) - ESTIMATE
Howard Springs,Darwin (Fannie Bay),24.4,33.0,haversine x 1.35 (road) - ESTIMATE
Howard Springs,Darwin (Bayview),21.9,29.5,haversine x 1.35 (road) - ESTIMATE
Howard Springs,Darwin (Woolner),22.6,30.5,haversine x 1.35 (road) - ESTIMATE
Howard Springs,Darwin (Winnellie),19.2,25.9,haversine x 1.35 (road) - ESTIMATE
Howard Springs,Darwin (Coconut Grove),23.9,32.2,haversine x 1.35 (road) - ESTIMATE
Howard Springs,Darwin (Rapid Creek),24.0,32.4,haversine x 1.35 (road) - ESTIMATE
Howard Springs,Darwin (Millner),23.3,31.4,haversine x 1.35 (road) - ESTIMATE
Howard Springs,Darwin (Jingili),22.4,30.2,haversine x 1.35 (road) - ESTIMATE
Howard Springs,Darwin (Moil),21.8,29.4,haversine x 1.35 (road) - ESTIMATE
Howard Springs,Darwin (Alawa),22.9,31.0,haversine x 1.35 (road) - ESTIMATE
Howard Springs,Darwin (Brinkin),23.9,32.2,haversine x 1.35 (road) - ESTIMATE
Howard Springs,Darwin (Nakara),23.3,31.5,haversine x 1.35 (road) - ESTIMATE
Howard Springs,Darwin (Tiwi),24.0,32.4,haversine x 1.35 (road) - ESTIMATE
Howard Springs,Darwin (Casuarina),22.6,30.5,haversine x 1.35 (road) - ESTIMATE
Howard Springs,Darwin (Wagaman),21.8,29.4,haversine x 1.35 (road) - ESTIMATE
Howard Springs,Darwin (Wanguri),22.3,30.2,haversine x 1.35 (road) - ESTIMATE
Howard Springs,Darwin (Wulagi),20.7,27.9,haversine x 1.35 (road) - ESTIMATE
Howard Springs,Darwin (Anula),20.4,27.6,haversine x 1.35 (road) - ESTIMATE
Howard Springs,Darwin (Marrara),20.0,27.1,haversine x 1.35 (road) - ESTIMATE
Howard Springs,Darwin (Leanyer),22.1,29.8,haversine x 1.35 (road) - ESTIMATE
Howard Springs,Darwin (Lyons),23.4,31.6,haversine x 1.35 (road) - ESTIMATE
Howard Springs,Darwin (Muirhead),22.6,30.5,haversine x 1.35 (road) - ESTIMATE
Howard Springs,Darwin (Berrimah),15.2,20.5,haversine x 1.35 (road) - ESTIMATE
Howard Springs,Darwin (Knuckey Lagoon),12.9,17.4,haversine x 1.35 (road) - ESTIMATE
Howard Springs,Palmerston (Gray),7.1,9.5,haversine x 1.35 (road) - ESTIMATE
Howard Springs,Palmerston (Driver),8.0,10.8,haversine x 1.35 (road) - ESTIMATE
Howard Springs,Palmerston (Moulden),7.9,10.6,haversine x 1.35 (road) - ESTIMATE
Howard Springs,Palmerston (Woodroffe),6.0,8.1,haversine x 1.35 (road) - ESTIMATE
Howard Springs,Palmerston (Gunn),5.2,7.0,haversine x 1.35 (road) - ESTIMATE
Howard Springs,Palmerston (Rosebery),6.4,8.7,haversine x 1.35 (road) - ESTIMATE
Howard Springs,Palmerston (Bakewell),5.3,7.2,haversine x 1.35 (road) - ESTIMATE
Howard Springs,Palmerston (Durack),8.6,11.6,haversine x 1.35 (road) - ESTIMATE
Howard Springs,Palmerston (Farrar),6.1,8.2,haversine x 1.35 (road) - ESTIMATE
Howard Springs,Palmerston (Johnston),4.0,5.4,haversine x 1.35 (road) - ESTIMATE
Howard Springs,Palmerston (Zuccoli),4.8,6.5,haversine x 1.35 (road) - ESTIMATE
Howard Springs,Palmerston (Bellamack),7.7,10.4,haversine x 1.35 (road) - ESTIMATE
Howard Springs,Howard Springs,0.0,0.0,haversine x 1.35 (road) - ESTIMATE
Howard Springs,Coolalinga,2.9,3.9,haversine x 1.35 (road) - ESTIMATE
Howard Springs,Virginia,4.2,5.7,haversine x 1.35 (road) - ESTIMATE
Howard Springs,Girraween,5.9,7.9,haversine x 1.35 (road) - ESTIMATE
Howard Springs,Berry Springs,23.8,32.2,haversine x 1.35 (road) - ESTIMATE
Coolalinga,Darwin (Ludmilla),24.0,32.4,haversine x 1.35 (road) - ESTIMATE
Coolalinga,Darwin (Nightcliff),26.1,35.2,haversine x 1.35 (road) - ESTIMATE
Coolalinga,Darwin (Malak),21.0,28.3,haversine x 1.35 (road) - ESTIMATE
Coolalinga,Darwin (Karama),19.7,26.5,haversine x 1.35 (road) - ESTIMATE
Coolalinga,Palmerston,8.2,11.0,haversine x 1.35 (road) - ESTIMATE
Coolalinga,Humpty Doo,7.9,10.7,haversine x 1.35 (road) - ESTIMATE
Coolalinga,Batchelor,58.5,79.0,haversine x 1.35 (road) - ESTIMATE
Coolalinga,Adelaide River,79.8,107.7,haversine x 1.35 (road) - ESTIMATE
Coolalinga,Belyuen,39.7,53.5,haversine x 1.35 (road) - ESTIMATE
Coolalinga,Wurrumiyanga,96.1,96.1,haversine x 1.0 (air_or_barge) - ESTIMATE
Coolalinga,Pine Creek,167.9,226.6,haversine x 1.35 (road) - ESTIMATE
Coolalinga,Katherine,253.0,341.5,haversine x 1.35 (road) - ESTIMATE
Coolalinga,Peppimenarti,208.3,281.3,haversine x 1.35 (road) - ESTIMATE
Coolalinga,Wadeye,252.3,340.6,haversine x 1.35 (road) - ESTIMATE
Coolalinga,Gunbalanya,220.0,297.0,haversine x 1.35 (road) - ESTIMATE
Coolalinga,Maningrida,349.8,472.3,haversine x 1.35 (road) - ESTIMATE
Coolalinga,Galiwinku,494.7,494.7,haversine x 1.0 (air_or_barge) - ESTIMATE
Coolalinga,Numbulwar,543.7,734.0,haversine x 1.35 (road) - ESTIMATE
Coolalinga,Darwin (City),22.6,30.6,haversine x 1.35 (road) - ESTIMATE
Coolalinga,Darwin (Larrakeyah),24.2,32.7,haversine x 1.35 (road) - ESTIMATE
Coolalinga,Darwin (Stuart Park),23.5,31.8,haversine x 1.35 (road) - ESTIMATE
Coolalinga,Darwin (The Gardens),24.2,32.6,haversine x 1.35 (road) - ESTIMATE
Coolalinga,Darwin (Parap),24.3,32.9,haversine x 1.35 (road) - ESTIMATE
Coolalinga,Darwin (Fannie Bay),25.3,34.1,haversine x 1.35 (road) - ESTIMATE
Coolalinga,Darwin (Bayview),22.6,30.4,haversine x 1.35 (road) - ESTIMATE
Coolalinga,Darwin (Woolner),23.3,31.4,haversine x 1.35 (road) - ESTIMATE
Coolalinga,Darwin (Winnellie),20.3,27.4,haversine x 1.35 (road) - ESTIMATE
Coolalinga,Darwin (Coconut Grove),25.1,33.8,haversine x 1.35 (road) - ESTIMATE
Coolalinga,Darwin (Rapid Creek),25.4,34.3,haversine x 1.35 (road) - ESTIMATE
Coolalinga,Darwin (Millner),24.6,33.2,haversine x 1.35 (road) - ESTIMATE
Coolalinga,Darwin (Jingili),23.8,32.1,haversine x 1.35 (road) - ESTIMATE
Coolalinga,Darwin (Moil),23.3,31.4,haversine x 1.35 (road) - ESTIMATE
Coolalinga,Darwin (Alawa),24.4,33.0,haversine x 1.35 (road) - ESTIMATE
Coolalinga,Darwin (Brinkin),25.4,34.3,haversine x 1.35 (road) - ESTIMATE
Coolalinga,Darwin (Nakara),24.9,33.7,haversine x 1.35 (road) - ESTIMATE
Coolalinga,Darwin (Tiwi),25.7,34.7,haversine x 1.35 (road) - ESTIMATE
Coolalinga,Darwin (Casuarina),24.2,32.7,haversine x 1.35 (road) - ESTIMATE
Coolalinga,Darwin (Wagaman),23.4,31.6,haversine x 1.35 (road) - ESTIMATE
Coolalinga,Darwin (Wanguri),24.0,32.4,haversine x 1.35 (road) - ESTIMATE
Coolalinga,Darwin (Wulagi),22.3,30.1,haversine x 1.35 (road) - ESTIMATE
Coolalinga,Darwin (Anula),21.9,29.6,haversine x 1.35 (road) - ESTIMATE
Coolalinga,Darwin (Marrara),21.5,29.0,haversine x 1.35 (road) - ESTIMATE
Coolalinga,Darwin (Leanyer),23.9,32.2,haversine x 1.35 (road) - ESTIMATE
Coolalinga,Darwin (Lyons),25.2,34.0,haversine x 1.35 (road) - ESTIMATE
Coolalinga,Darwin (Muirhead),24.5,33.0,haversine x 1.35 (road) - ESTIMATE
Coolalinga,Darwin (Berrimah),16.4,22.1,haversine x 1.35 (road) - ESTIMATE
Coolalinga,Darwin (Knuckey Lagoon),14.4,19.4,haversine x 1.35 (road) - ESTIMATE
Coolalinga,Palmerston (Gray),7.5,10.1,haversine x 1.35 (road) - ESTIMATE
Coolalinga,Palmerston (Driver),8.6,11.7,haversine x 1.35 (road) - ESTIMATE
Coolalinga,Palmerston (Moulden),7.8,10.5,haversine x 1.35 (road) - ESTIMATE
Coolalinga,Palmerston (Woodroffe),6.6,8.9,haversine x 1.35 (road) - ESTIMATE
Coolalinga,Palmerston (Gunn),6.2,8.3,haversine x 1.35 (road) - ESTIMATE
Coolalinga,Palmerston (Rosebery),6.2,8.3,haversine x 1.35 (road) - ESTIMATE
Coolalinga,Palmerston (Bakewell),5.7,7.7,haversine x 1.35 (road) - ESTIMATE
Coolalinga,Palmerston (Durack),9.6,12.9,haversine x 1.35 (road) - ESTIMATE
Coolalinga,Palmerston (Farrar),7.5,10.1,haversine x 1.35 (road) - ESTIMATE
Coolalinga,Palmerston (Johnston),5.1,6.9,haversine x 1.35 (road) - ESTIMATE
Coolalinga,Palmerston (Zuccoli),4.7,6.3,haversine x 1.35 (road) - ESTIMATE
Coolalinga,Palmerston (Bellamack),7.1,9.6,haversine x 1.35 (road) - ESTIMATE
Coolalinga,Howard Springs,2.9,3.9,haversine x 1.35 (road) - ESTIMATE
Coolalinga,Coolalinga,0.0,0.0,haversine x 1.35 (road) - ESTIMATE
Coolalinga,Virginia,2.3,3.1,haversine x 1.35 (road) - ESTIMATE
Coolalinga,Girraween,4.9,6.7,haversine x 1.35 (road) - ESTIMATE
Coolalinga,Berry Springs,21.0,28.3,haversine x 1.35 (road) - ESTIMATE
Virginia,Darwin (Ludmilla),22.3,30.1,haversine x 1.35 (road) - ESTIMATE
Virginia,Darwin (Nightcliff),24.6,33.2,haversine x 1.35 (road) - ESTIMATE
Virginia,Darwin (Malak),19.7,26.6,haversine x 1.35 (road) - ESTIMATE
Virginia,Darwin (Karama),18.4,24.9,haversine x 1.35 (road) - ESTIMATE
Virginia,Palmerston,6.8,9.2,haversine x 1.35 (road) - ESTIMATE
Virginia,Humpty Doo,9.5,12.9,haversine x 1.35 (road) - ESTIMATE
Virginia,Batchelor,58.0,78.4,haversine x 1.35 (road) - ESTIMATE
Virginia,Adelaide River,79.6,107.4,haversine x 1.35 (road) - ESTIMATE
Virginia,Belyuen,37.4,50.4,haversine x 1.35 (road) - ESTIMATE
Virginia,Wurrumiyanga,95.4,95.4,haversine x 1.0 (air_or_barge) - ESTIMATE
Virginia,Pine Creek,168.6,227.7,haversine x 1.35 (road) - ESTIMATE
Virginia,Katherine,253.8,342.6,haversine x 1.35 (road) - ESTIMATE
Virginia,Peppimenarti,206.8,279.2,haversine x 1.35 (road) - ESTIMATE
Virginia,Wadeye,250.5,338.2,haversine x 1.35 (road) - ESTIMATE
Virginia,Gunbalanya,222.3,300.1,haversine x 1.35 (road) - ESTIMATE
Virginia,Maningrida,352.2,475.4,haversine x 1.35 (road) - ESTIMATE
Virginia,Galiwinku,497.0,497.0,haversine x 1.0 (air_or_barge) - ESTIMATE
Virginia,Numbulwar,545.7,736.7,haversine x 1.35 (road) - ESTIMATE
Virginia,Darwin (City),20.6,27.8,haversine x 1.35 (road) - ESTIMATE
Virginia,Darwin (Larrakeyah),22.2,30.0,haversine x 1.35 (road) - ESTIMATE
Virginia,Darwin (Stuart Park),21.6,29.2,haversine x 1.35 (road) - ESTIMATE
Virginia,Darwin (The Gardens),22.2,30.0,haversine x 1.35 (road) - ESTIMATE
Virginia,Darwin (Parap),22.5,30.4,haversine x 1.35 (road) - ESTIMATE
Virginia,Darwin (Fannie Bay),23.5,31.7,haversine x 1.35 (road) - ESTIMATE
Virginia,Darwin (Bayview),20.7,27.9,haversine x 1.35 (road) - ESTIMATE
Virginia,Darwin (Woolner),21.4,28.9,haversine x 1.35 (road) - ESTIMATE
Virginia,Darwin (Winnellie),18.6,25.2,haversine x 1.35 (road) - ESTIMATE
Virginia,Darwin (Coconut Grove),23.5,31.7,haversine x 1.35 (road) - ESTIMATE
Virginia,Darwin (Rapid Creek),23.9,32.3,haversine x 1.35 (road) - ESTIMATE
Virginia,Darwin (Millner),23.1,31.2,haversine x 1.35 (road) - ESTIMATE
Virginia,Darwin (Jingili),22.4,30.2,haversine x 1.35 (road) - ESTIMATE
Virginia,Darwin (Moil),21.9,29.6,haversine x 1.35 (road) - ESTIMATE
Virginia,Darwin (Alawa),23.1,31.2,haversine x 1.35 (road) - ESTIMATE
Virginia,Darwin (Brinkin),24.1,32.5,haversine x 1.35 (road) - ESTIMATE
Virginia,Darwin (Nakara),23.6,31.9,haversine x 1.35 (road) - ESTIMATE
Virginia,Darwin (Tiwi),24.5,33.1,haversine x 1.35 (road) - ESTIMATE
Virginia,Darwin (Casuarina),23.0,31.0,haversine x 1.35 (road) - ESTIMATE
Virginia,Darwin (Wagaman),22.1,29.8,haversine x 1.35 (road) - ESTIMATE
Virginia,Darwin (Wanguri),22.8,30.7,haversine x 1.35 (road) - ESTIMATE
Virginia,Darwin (Wulagi),21.0,28.4,haversine x 1.35 (road) - ESTIMATE
Virginia,Darwin (Anula),20.6,27.8,haversine x 1.35 (road) - ESTIMATE
Virginia,Darwin (Marrara),20.1,27.2,haversine x 1.35 (road) - ESTIMATE
Virginia,Darwin (Leanyer),22.8,30.7,haversine x 1.35 (road) - ESTIMATE
Virginia,Darwin (Lyons),24.1,32.5,haversine x 1.35 (road) - ESTIMATE
Virginia,Darwin (Muirhead),23.4,31.6,haversine x 1.35 (road) - ESTIMATE
Virginia,Darwin (Berrimah),14.9,20.1,haversine x 1.35 (road) - ESTIMATE
Virginia,Darwin (Knuckey Lagoon),13.1,17.7,haversine x 1.35 (road) - ESTIMATE
Virginia,Palmerston (Gray),5.8,7.9,haversine x 1.35 (road) - ESTIMATE
Virginia,Palmerston (Driver),7.0,9.5,haversine x 1.35 (road) - ESTIMATE
Virginia,Palmerston (Moulden),5.8,7.8,haversine x 1.35 (road) - ESTIMATE
Virginia,Palmerston (Woodroffe),5.1,6.8,haversine x 1.35 (road) - ESTIMATE
Virginia,Palmerston (Gunn),5.0,6.8,haversine x 1.35 (road) - ESTIMATE
Virginia,Palmerston (Rosebery),4.2,5.7,haversine x 1.35 (road) - ESTIMATE
Virginia,Palmerston (Bakewell),4.2,5.7,haversine x 1.35 (road) - ESTIMATE
Virginia,Palmerston (Durack),8.2,11.0,haversine x 1.35 (road) - ESTIMATE
Virginia,Palmerston (Farrar),6.4,8.7,haversine x 1.35 (road) - ESTIMATE
Virginia,Palmerston (Johnston),4.3,5.8,haversine x 1.35 (road) - ESTIMATE
Virginia,Palmerston (Zuccoli),3.0,4.0,haversine x 1.35 (road) - ESTIMATE
Virginia,Palmerston (Bellamack),4.9,6.6,haversine x 1.35 (road) - ESTIMATE
Virginia,Howard Springs,4.2,5.7,haversine x 1.35 (road) - ESTIMATE
Virginia,Coolalinga,2.3,3.1,haversine x 1.35 (road) - ESTIMATE
Virginia,Virginia,0.0,0.0,haversine x 1.35 (road) - ESTIMATE
Virginia,Girraween,7.2,9.7,haversine x 1.35 (road) - ESTIMATE
Virginia,Berry Springs,20.0,27.1,haversine x 1.35 (road) - ESTIMATE
Girraween,Darwin (Ludmilla),28.7,38.7,haversine x 1.35 (road) - ESTIMATE
Girraween,Darwin (Nightcliff),30.5,41.2,haversine x 1.35 (road) - ESTIMATE
Girraween,Darwin (Malak),25.2,34.0,haversine x 1.35 (road) - ESTIMATE
Girraween,Darwin (Karama),23.9,32.2,haversine x 1.35 (road) - ESTIMATE
Girraween,Palmerston,12.8,17.3,haversine x 1.35 (road) - ESTIMATE
Girraween,Humpty Doo,4.6,6.2,haversine x 1.35 (road) - ESTIMATE
Girraween,Batchelor,58.1,78.4,haversine x 1.35 (road) - ESTIMATE
Girraween,Adelaide River,78.7,106.3,haversine x 1.35 (road) - ESTIMATE
Girraween,Belyuen,44.5,60.1,haversine x 1.35 (road) - ESTIMATE
Girraween,Wurrumiyanga,99.2,99.2,haversine x 1.0 (air_or_barge) - ESTIMATE
Girraween,Pine Creek,164.7,222.4,haversine x 1.35 (road) - ESTIMATE
Girraween,Katherine,249.8,337.2,haversine x 1.35 (road) - ESTIMATE
Girraween,Peppimenarti,210.1,283.7,haversine x 1.35 (road) - ESTIMATE
Girraween,Wadeye,254.9,344.2,haversine x 1.35 (road) - ESTIMATE
Girraween,Gunbalanya,215.2,290.5,haversine x 1.35 (road) - ESTIMATE
Girraween,Maningrida,345.1,465.9,haversine x 1.35 (road) - ESTIMATE
Girraween,Galiwinku,489.9,489.9,haversine x 1.0 (air_or_barge) - ESTIMATE
Girraween,Numbulwar,538.9,727.5,haversine x 1.35 (road) - ESTIMATE
Girraween,Darwin (City),27.5,37.2,haversine x 1.35 (road) - ESTIMATE
Girraween,Darwin (Larrakeyah),29.1,39.3,haversine x 1.35 (road) - ESTIMATE
Girraween,Darwin (Stuart Park),28.4,38.3,haversine x 1.35 (road) - ESTIMATE
Girraween,Darwin (The Gardens),29.0,39.2,haversine x 1.35 (road) - ESTIMATE
Girraween,Darwin (Parap),29.1,39.3,haversine x 1.35 (road) - ESTIMATE
Girraween,Darwin (Fannie Bay),30.0,40.5,haversine x 1.35 (road) - ESTIMATE
Girraween,Darwin (Bayview),27.4,36.9,haversine x 1.35 (road) - ESTIMATE
Girraween,Darwin (Woolner),28.1,38.0,haversine x 1.35 (road) - ESTIMATE
Girraween,Darwin (Winnellie),24.9,33.6,haversine x 1.35 (road) - ESTIMATE
Girraween,Darwin (Coconut Grove),29.6,40.0,haversine x 1.35 (road) - ESTIMATE
Girraween,Darwin (Rapid Creek),29.8,40.2,haversine x 1.35 (road) - ESTIMATE
Girraween,Darwin (Millner),29.1,39.3,haversine x 1.35 (road) - ESTIMATE
Girraween,Darwin (Jingili),28.2,38.1,haversine x 1.35 (road) - ESTIMATE
Girraween,Darwin (Moil),27.6,37.3,haversine x 1.35 (road) - ESTIMATE
Girraween,Darwin (Alawa),28.8,38.9,haversine x 1.35 (road) - ESTIMATE
Girraween,Darwin (Brinkin),29.7,40.1,haversine x 1.35 (road) - ESTIMATE
Girraween,Darwin (Nakara),29.2,39.4,haversine x 1.35 (road) - ESTIMATE
Girraween,Darwin (Tiwi),29.9,40.3,haversine x 1.35 (road) - ESTIMATE
Girraween,Darwin (Casuarina),28.5,38.4,haversine x 1.35 (road) - ESTIMATE
Girraween,Darwin (Wagaman),27.7,37.3,haversine x 1.35 (road) - ESTIMATE
Girraween,Darwin (Wanguri),28.2,38.1,haversine x 1.35 (road) - ESTIMATE
Girraween,Darwin (Wulagi),26.5,35.8,haversine x 1.35 (road) - ESTIMATE
Girraween,Darwin (Anula),26.3,35.5,haversine x 1.35 (road) - ESTIMATE
Girraween,Darwin (Marrara),25.9,34.9,haversine x 1.35 (road) - ESTIMATE
Girraween,Darwin (Leanyer),27.9,37.7,haversine x 1.35 (road) - ESTIMATE
Girraween,Darwin (Lyons),29.3,39.5,haversine x 1.35 (road) - ESTIMATE
Girraween,Darwin (Muirhead),28.4,38.4,haversine x 1.35 (road) - ESTIMATE
Girraween,Darwin (Berrimah),20.9,28.3,haversine x 1.35 (road) - ESTIMATE
Girraween,Darwin (Knuckey Lagoon),18.7,25.2,haversine x 1.35 (road) - ESTIMATE
Girraween,Palmerston (Gray),12.3,16.6,haversine x 1.35 (road) - ESTIMATE
Girraween,Palmerston (Driver),13.4,18.1,haversine x 1.35 (road) - ESTIMATE
Girraween,Palmerston (Moulden),12.7,17.2,haversine x 1.35 (road) - ESTIMATE
Girraween,Palmerston (Woodroffe),11.3,15.3,haversine x 1.35 (road) - ESTIMATE
Girraween,Palmerston (Gunn),10.7,14.5,haversine x 1.35 (road) - ESTIMATE
Girraween,Palmerston (Rosebery),11.1,15.0,haversine x 1.35 (road) - ESTIMATE
Girraween,Palmerston (Bakewell),10.5,14.2,haversine x 1.35 (road) - ESTIMATE
Girraween,Palmerston (Durack),14.2,19.2,haversine x 1.35 (road) - ESTIMATE
Girraween,Palmerston (Farrar),11.8,16.0,haversine x 1.35 (road) - ESTIMATE
Girraween,Palmerston (Johnston),9.6,12.9,haversine x 1.35 (road) - ESTIMATE
Girraween,Palmerston (Zuccoli),9.5,12.9,haversine x 1.35 (road) - ESTIMATE
Girraween,Palmerston (Bellamack),12.0,16.2,haversine x 1.35 (road) - ESTIMATE
Girraween,Howard Springs,5.9,7.9,haversine x 1.35 (road) - ESTIMATE
Girraween,Coolalinga,4.9,6.7,haversine x 1.35 (road) - ESTIMATE
Girraween,Virginia,7.2,9.7,haversine x 1.35 (road) - ESTIMATE
Girraween,Girraween,0.0,0.0,haversine x 1.35 (road) - ESTIMATE
Girraween,Berry Springs,22.0,29.7,haversine x 1.35 (road) - ESTIMATE
Berry Springs,Darwin (Ludmilla),35.5,47.9,haversine x 1.35 (road) - ESTIMATE
Berry Springs,Darwin (Nightcliff),39.1,52.8,haversine x 1.35 (road) - ESTIMATE
Berry Springs,Darwin (Malak),36.0,48.7,haversine x 1.35 (road) - ESTIMATE
Berry Springs,Darwin (Karama),35.0,47.3,haversine x 1.35 (road) - ESTIMATE
Berry Springs,Palmerston,25.0,33.8,haversine x 1.35 (road) - ESTIMATE
Berry Springs,Humpty Doo,18.8,25.4,haversine x 1.35 (road) - ESTIMATE
Berry Springs,Batchelor,38.4,51.9,haversine x 1.35 (road) - ESTIMATE
Berry Springs,Adelaide River,60.5,81.6,haversine x 1.35 (road) - ESTIMATE
Berry Springs,Belyuen,38.8,52.4,haversine x 1.35 (road) - ESTIMATE
Berry Springs,Wurrumiyanga,112.3,112.3,haversine x 1.0 (air_or_barge) - ESTIMATE
Berry Springs,Pine Creek,153.9,207.7,haversine x 1.35 (road) - ESTIMATE
Berry Springs,Katherine,239.0,322.6,haversine x 1.35 (road) - ESTIMATE
Berry Springs,Peppimenarti,188.1,254.0,haversine x 1.35 (road) - ESTIMATE
Berry Springs,Wadeye,233.6,315.4,haversine x 1.35 (road) - ESTIMATE
Berry Springs,Gunbalanya,228.2,308.1,haversine x 1.35 (road) - ESTIMATE
Berry Springs,Maningrida,358.6,484.1,haversine x 1.35 (road) - ESTIMATE
Berry Springs,Galiwinku,502.5,502.5,haversine x 1.0 (air_or_barge) - ESTIMATE
Berry Springs,Numbulwar,541.8,731.4,haversine x 1.35 (road) - ESTIMATE
Berry Springs,Darwin (City),31.4,42.4,haversine x 1.35 (road) - ESTIMATE
Berry Springs,Darwin (Larrakeyah),32.9,44.4,haversine x 1.35 (road) - ESTIMATE
Berry Springs,Darwin (Stuart Park),33.2,44.8,haversine x 1.35 (road) - ESTIMATE
Berry Springs,Darwin (The Gardens),33.4,45.1,haversine x 1.35 (road) - ESTIMATE
Berry Springs,Darwin (Parap),34.8,47.0,haversine x 1.35 (road) - ESTIMATE
Berry Springs,Darwin (Fannie Bay),35.8,48.3,haversine x 1.35 (road) - ESTIMATE
Berry Springs,Darwin (Bayview),33.1,44.6,haversine x 1.35 (road) - ESTIMATE
Berry Springs,Darwin (Woolner),33.5,45.2,haversine x 1.35 (road) - ESTIMATE
Berry Springs,Darwin (Winnellie),33.2,44.8,haversine x 1.35 (road) - ESTIMATE
Berry Springs,Darwin (Coconut Grove),37.5,50.6,haversine x 1.35 (road) - ESTIMATE
Berry Springs,Darwin (Rapid Creek),38.8,52.4,haversine x 1.35 (road) - ESTIMATE
Berry Springs,Darwin (Millner),37.7,50.9,haversine x 1.35 (road) - ESTIMATE
Berry Springs,Darwin (Jingili),37.5,50.6,haversine x 1.35 (road) - ESTIMATE
Berry Springs,Darwin (Moil),37.4,50.4,haversine x 1.35 (road) - ESTIMATE
Berry Springs,Darwin (Alawa),38.5,51.9,haversine x 1.35 (road) - ESTIMATE
Berry Springs,Darwin (Brinkin),39.5,53.4,haversine x 1.35 (road) - ESTIMATE
Berry Springs,Darwin (Nakara),39.3,53.1,haversine x 1.35 (road) - ESTIMATE
Berry Springs,Darwin (Tiwi),40.5,54.7,haversine x 1.35 (road) - ESTIMATE
Berry Springs,Darwin (Casuarina),38.8,52.4,haversine x 1.35 (road) - ESTIMATE
Berry Springs,Darwin (Wagaman),37.9,51.2,haversine x 1.35 (road) - ESTIMATE
Berry Springs,Darwin (Wanguri),38.8,52.4,haversine x 1.35 (road) - ESTIMATE
Berry Springs,Darwin (Wulagi),37.2,50.3,haversine x 1.35 (road) - ESTIMATE
Berry Springs,Darwin (Anula),36.4,49.2,haversine x 1.35 (road) - ESTIMATE
Berry Springs,Darwin (Marrara),35.8,48.3,haversine x 1.35 (road) - ESTIMATE
Berry Springs,Darwin (Leanyer),39.3,53.1,haversine x 1.35 (road) - ESTIMATE
Berry Springs,Darwin (Lyons),40.4,54.6,haversine x 1.35 (road) - ESTIMATE
Berry Springs,Darwin (Muirhead),40.1,54.2,haversine x 1.35 (road) - ESTIMATE
Berry Springs,Darwin (Berrimah),30.9,41.7,haversine x 1.35 (road) - ESTIMATE
Berry Springs,Darwin (Knuckey Lagoon),30.5,41.1,haversine x 1.35 (road) - ESTIMATE
Berry Springs,Palmerston (Gray),23.6,31.9,haversine x 1.35 (road) - ESTIMATE
Berry Springs,Palmerston (Driver),24.4,33.0,haversine x 1.35 (road) - ESTIMATE
Berry Springs,Palmerston (Moulden),22.4,30.3,haversine x 1.35 (road) - ESTIMATE
Berry Springs,Palmerston (Woodroffe),23.6,31.8,haversine x 1.35 (road) - ESTIMATE
Berry Springs,Palmerston (Gunn),24.1,32.6,haversine x 1.35 (road) - ESTIMATE
Berry Springs,Palmerston (Rosebery),21.8,29.4,haversine x 1.35 (road) - ESTIMATE
Berry Springs,Palmerston (Bakewell),23.0,31.1,haversine x 1.35 (road) - ESTIMATE
Berry Springs,Palmerston (Durack),25.9,35.0,haversine x 1.35 (road) - ESTIMATE
Berry Springs,Palmerston (Farrar),25.5,34.4,haversine x 1.35 (road) - ESTIMATE
Berry Springs,Palmerston (Johnston),24.0,32.4,haversine x 1.35 (road) - ESTIMATE
Berry Springs,Palmerston (Zuccoli),21.9,29.6,haversine x 1.35 (road) - ESTIMATE
Berry Springs,Palmerston (Bellamack),21.0,28.3,haversine x 1.35 (road) - ESTIMATE
Berry Springs,Howard Springs,23.8,32.2,haversine x 1.35 (road) - ESTIMATE
Berry Springs,Coolalinga,21.0,28.3,haversine x 1.35 (road) - ESTIMATE
Berry Springs,Virginia,20.0,27.1,haversine x 1.35 (road) - ESTIMATE
Berry Springs,Girraween,22.0,29.7,haversine x 1.35 (road) - ESTIMATE
Berry Springs,Berry Springs,0.0,0.0,haversine x 1.35 (road) - ESTIMATE
